# Resource object code (Python 3)
# Created by: object code
# Created by: The Resource Compiler for Qt version 5.15.2
# WARNING! All changes made in this file will be lost!

from PySide2 import QtCore

qt_resource_data = b"\
\x00\x00,4\
\x89\
PNG\x0d\x0a\x1a\x0a\x00\x00\x00\x0dIHDR\x00\
\x00\x00b\x00\x00\x00\x82\x08\x06\x00\x00\x00\xbd\xe1\x1d\x8c\
\x00\x00\x00\x09pHYs\x00\x00\x0fa\x00\x00\x0fa\
\x01\xa8?\xa7i\x00\x00\x0aOiCCPPho\
toshop ICC profi\
le\x00\x00x\xda\x9dSgTS\xe9\x16=\xf7\xde\
\xf4BK\x88\x80\x94KoR\x15\x08 RB\x8b\x80\
\x14\x91&*!\x09\x10J\x88!\xa1\xd9\x15Q\xc1\x11\
EE\x04\x1b\xc8\xa0\x88\x03\x8e\x8e\x80\x8c\x15Q,\x0c\
\x8a\x0a\xd8\x07\xe4!\xa2\x8e\x83\xa3\x88\x8a\xca\xfb\xe1{\
\xa3k\xd6\xbc\xf7\xe6\xcd\xfe\xb5\xd7>\xe7\xac\xf3\x9d\xb3\
\xcf\x07\xc0\x08\x0c\x96H3Q5\x80\x0c\xa9B\x1e\x11\
\xe0\x83\xc7\xc4\xc6\xe1\xe4.@\x81\x0a$p\x00\x10\x08\
\xb3d!s\xfd#\x01\x00\xf8~<<+\x22\xc0\x07\
\xbe\x00\x01x\xd3\x0b\x08\x00\xc0M\x9b\xc00\x1c\x87\xff\
\x0f\xeaB\x99\x5c\x01\x80\x84\x01\xc0t\x918K\x08\x80\
\x14\x00@z\x8eB\xa6\x00@F\x01\x80\x9d\x98&S\
\x00\xa0\x04\x00`\xcbcb\xe3\x00P-\x00`'\x7f\
\xe6\xd3\x00\x80\x9d\xf8\x99{\x01\x00[\x94!\x15\x01\xa0\
\x91\x00 \x13e\x88D\x00h;\x00\xac\xcfV\x8aE\
\x00X0\x00\x14fK\xc49\x00\xd8-\x000IW\
fH\x00\xb0\xb7\x00\xc0\xce\x10\x0b\xb2\x00\x08\x0c\x000\
Q\x88\x85)\x00\x04{\x00`\xc8##x\x00\x84\x99\
\x00\x14F\xf2W<\xf1+\xae\x10\xe7*\x00\x00x\x99\
\xb2<\xb9$9E\x81[\x08-q\x07WW.\x1e\
(\xceI\x17+\x146a\x02a\x9a@.\xc2y\x99\
\x192\x814\x0f\xe0\xf3\xcc\x00\x00\xa0\x91\x15\x11\xe0\x83\
\xf3\xfdx\xce\x0e\xae\xce\xce6\x8e\xb6\x0e_-\xea\xbf\
\x06\xff\x22bb\xe3\xfe\xe5\xcf\xabp@\x00\x00\xe1t\
~\xd1\xfe,/\xb3\x1a\x80;\x06\x80m\xfe\xa2%\xee\
\x04h^\x0b\xa0u\xf7\x8bf\xb2\x0f@\xb5\x00\xa0\xe9\
\xdaW\xf3p\xf8~<<E\xa1\x90\xb9\xd9\xd9\xe5\xe4\
\xe4\xd8J\xc4B[a\xcaW}\xfeg\xc2_\xc0W\
\xfdl\xf9~<\xfc\xf7\xf5\xe0\xbe\xe2$\x812]\x81\
G\x04\xf8\xe0\xc2\xcc\xf4L\xa5\x1c\xcf\x92\x09\x84b\xdc\
\xe6\x8fG\xfc\xb7\x0b\xff\xfc\x1d\xd3\x22\xc4Ib\xb9X\
*\x14\xe3Q\x12q\x8eD\x9a\x8c\xf32\xa5\x22\x89B\
\x92)\xc5%\xd2\xffd\xe2\xdf,\xfb\x03>\xdf5\x00\
\xb0j>\x01{\x91-\xa8]c\x03\xf6K'\x10X\
t\xc0\xe2\xf7\x00\x00\xf2\xbbo\xc1\xd4(\x08\x03\x80h\
\x83\xe1\xcfw\xff\xef?\xfdG\xa0%\x00\x80fI\x92\
q\x00\x00^D$.T\xca\xb3?\xc7\x08\x00\x00D\
\xa0\x81*\xb0A\x1b\xf4\xc1\x18,\xc0\x06\x1c\xc1\x05\xdc\
\xc1\x0b\xfc`6\x84B$\xc4\xc2B\x10B\x0ad\x80\
\x1cr`)\xac\x82B(\x86\xcd\xb0\x1d*`/\xd4\
@\x1d4\xc0Qh\x86\x93p\x0e.\xc2U\xb8\x0e=\
p\x0f\xfaa\x08\x9e\xc1(\xbc\x81\x09\x04A\xc8\x08\x13\
a!\xda\x88\x01b\x8aX#\x8e\x08\x17\x99\x85\xf8!\
\xc1H\x04\x12\x8b$ \xc9\x88\x14Q\x22K\x915H\
1R\x8aT UH\x1d\xf2=r\x029\x87\x5cF\
\xba\x91;\xc8\x002\x82\xfc\x86\xbcG1\x94\x81\xb2Q\
=\xd4\x0c\xb5C\xb9\xa87\x1a\x84F\xa2\x0b\xd0dt\
1\x9a\x8f\x16\xa0\x9b\xd0r\xb4\x1a=\x8c6\xa1\xe7\xd0\
\xabh\x0f\xda\x8f>C\xc70\xc0\xe8\x18\x073\xc4l\
0.\xc6\xc3B\xb18,\x09\x93c\xcb\xb1\x22\xac\x0c\
\xab\xc6\x1a\xb0V\xac\x03\xbb\x89\xf5c\xcf\xb1w\x04\x12\
\x81E\xc0\x096\x04wB a\x1eAHXLX\
N\xd8H\xa8 \x1c$4\x11\xda\x097\x09\x03\x84Q\
\xc2'\x22\x93\xa8K\xb4&\xba\x11\xf9\xc4\x18b21\
\x87XH,#\xd6\x12\x8f\x13/\x10{\x88C\xc47\
$\x12\x89C2'\xb9\x90\x02I\xb1\xa4T\xd2\x12\xd2\
F\xd2nR#\xe9,\xa9\x9b4H\x1a#\x93\xc9\xda\
dk\xb2\x079\x94, +\xc8\x85\xe4\x9d\xe4\xc3\xe4\
3\xe4\x1b\xe4!\xf2[\x0a\x9db@q\xa4\xf8S\xe2\
(R\xcajJ\x19\xe5\x10\xe54\xe5\x06e\x982A\
U\xa3\x9aR\xdd\xa8\xa1T\x115\x8fZB\xad\xa1\xb6\
R\xafQ\x87\xa8\x134u\x9a9\xcd\x83\x16IK\xa5\
\xad\xa2\x95\xd3\x1ah\x17h\xf7i\xaf\xe8t\xba\x11\xdd\
\x95\x1eN\x97\xd0W\xd2\xcb\xe9G\xe8\x97\xe8\x03\xf4w\
\x0c\x0d\x86\x15\x83\xc7\x88g(\x19\x9b\x18\x07\x18g\x19\
w\x18\xaf\x98L\xa6\x19\xd3\x8b\x19\xc7T071\xeb\
\x98\xe7\x99\x0f\x99oUX*\xb6*|\x15\x91\xca\x0a\
\x95J\x95&\x95\x1b*/T\xa9\xaa\xa6\xaa\xde\xaa\x0b\
U\xf3U\xcbT\x8f\xa9^S}\xaeFU3S\xe3\
\xa9\x09\xd4\x96\xabU\xaa\x9dP\xebS\x1bSg\xa9;\
\xa8\x87\xaag\xa8oT?\xa4~Y\xfd\x89\x06Y\xc3\
L\xc3OC\xa4Q\xa0\xb1_\xe3\xbc\xc6 \x0bc\x19\
\xb3x,!k\x0d\xab\x86u\x815\xc4&\xb1\xcd\xd9\
|v*\xbb\x98\xfd\x1d\xbb\x8b=\xaa\xa9\xa19C3\
J3W\xb3R\xf3\x94f?\x07\xe3\x98q\xf8\x9ct\
N\x09\xe7(\xa7\x97\xf3~\x8a\xde\x14\xef)\xe2)\x1b\
\xa64L\xb91e\x5ck\xaa\x96\x97\x96X\xabH\xab\
Q\xabG\xeb\xbd6\xae\xed\xa7\x9d\xa6\xbdE\xbbY\xfb\
\x81\x0eA\xc7J'\x5c'Gg\x8f\xce\x05\x9d\xe7S\
\xd9S\xdd\xa7\x0a\xa7\x16M=:\xf5\xae.\xaak\xa5\
\x1b\xa1\xbbDw\xbfn\xa7\xee\x98\x9e\xbe^\x80\x9eL\
o\xa7\xdey\xbd\xe7\xfa\x1c}/\xfdT\xfdm\xfa\xa7\
\xf5G\x0cX\x06\xb3\x0c$\x06\xdb\x0c\xce\x18<\xc55\
qo<\x1d/\xc7\xdb\xf1QC]\xc3@C\xa5a\
\x95a\x97\xe1\x84\x91\xb9\xd1<\xa3\xd5F\x8dF\x0f\x8c\
i\xc6\x5c\xe3$\xe3m\xc6m\xc6\xa3&\x06&!&\
KM\xeaM\xee\x9aRM\xb9\xa6)\xa6;L;L\
\xc7\xcd\xcc\xcd\xa2\xcd\xd6\x995\x9b=1\xd72\xe7\x9b\
\xe7\x9b\xd7\x9b\xdf\xb7`ZxZ,\xb6\xa8\xb6\xb8e\
I\xb2\xe4Z\xa6Y\xee\xb6\xbcn\x85Z9Y\xa5X\
UZ]\xb3F\xad\x9d\xad%\xd6\xbb\xad\xbb\xa7\x11\xa7\
\xb9N\x93N\xab\x9e\xd6g\xc3\xb0\xf1\xb6\xc9\xb6\xa9\xb7\
\x19\xb0\xe5\xd8\x06\xdb\xae\xb6m\xb6}agb\x17g\
\xb7\xc5\xae\xc3\xee\x93\xbd\x93}\xba}\x8d\xfd=\x07\x0d\
\x87\xd9\x0e\xab\x1dZ\x1d~s\xb4r\x14:V:\xde\
\x9a\xce\x9c\xee?}\xc5\xf4\x96\xe9/gX\xcf\x10\xcf\
\xd83\xe3\xb6\x13\xcb)\xc4i\x9dS\x9b\xd3Gg\x17\
g\xb9s\x83\xf3\x88\x8b\x89K\x82\xcb.\x97>.\x9b\
\x1b\xc6\xdd\xc8\xbd\xe4Jt\xf5q]\xe1z\xd2\xf5\x9d\
\x9b\xb3\x9b\xc2\xed\xa8\xdb\xaf\xee6\xeei\xee\x87\xdc\x9f\
\xcc4\x9f)\x9eY3s\xd0\xc3\xc8C\xe0Q\xe5\xd1\
?\x0b\x9f\x950k\xdf\xac~OCO\x81g\xb5\xe7\
#/c/\x91W\xad\xd7\xb0\xb7\xa5w\xaa\xf7a\xef\
\x17>\xf6>r\x9f\xe3>\xe3<7\xde2\xdeY_\
\xcc7\xc0\xb7\xc8\xb7\xcbO\xc3o\x9e_\x85\xdfC\x7f\
#\xffd\xffz\xff\xd1\x00\xa7\x80%\x01g\x03\x89\x81\
A\x81[\x02\xfb\xf8z|!\xbf\x8e?:\xdbe\xf6\
\xb2\xd9\xedA\x8c\xa0\xb9A\x15A\x8f\x82\xad\x82\xe5\xc1\
\xad!h\xc8\xec\x90\xad!\xf7\xe7\x98\xce\x91\xcei\x0e\
\x85P~\xe8\xd6\xd0\x07a\xe6a\x8b\xc3~\x0c'\x85\
\x87\x85W\x86?\x8ep\x88X\x1a\xd11\x975w\xd1\
\xdcCs\xdfD\xfaD\x96D\xde\x9bg1O9\xaf\
-J5*>\xaa.j<\xda7\xba4\xba?\xc6\
.fY\xcc\xd5X\x9dXIlK\x1c9.*\xae\
6nl\xbe\xdf\xfc\xed\xf3\x87\xe2\x9d\xe2\x0b\xe3{\x17\
\x98/\xc8]py\xa1\xce\xc2\xf4\x85\xa7\x16\xa9.\x12\
,:\x96@L\x88N8\x94\xf0A\x10*\xa8\x16\x8c\
%\xf2\x13w%\x8e\x0ay\xc2\x1d\xc2g\x22/\xd16\
\xd1\x88\xd8C\x5c*\x1eN\xf2H*Mz\x92\xec\x91\
\xbc5y$\xc53\xa5,\xe5\xb9\x84'\xa9\x90\xbcL\
\x0dL\xdd\x9b:\x9e\x16\x9av m2=:\xbd1\
\x83\x92\x91\x90qB\xaa!M\x93\xb6g\xeag\xe6f\
v\xcb\xace\x85\xb2\xfe\xc5n\x8b\xb7/\x1e\x95\x07\xc9\
k\xb3\x90\xac\x05Y-\x0a\xb6B\xa6\xe8TZ(\xd7\
*\x07\xb2geWf\xbf\xcd\x89\xca9\x96\xab\x9e+\
\xcd\xed\xcc\xb3\xca\xdb\x907\x9c\xef\x9f\xff\xed\x12\xc2\x12\
\xe1\x92\xb6\xa5\x86KW-\x1dX\xe6\xbd\xacj9\xb2\
<qy\xdb\x0a\xe3\x15\x05+\x86V\x06\xac<\xb8\x8a\
\xb6*m\xd5O\xab\xedW\x97\xae~\xbd&zMk\
\x81^\xc1\xca\x82\xc1\xb5\x01k\xeb\x0bU\x0a\xe5\x85}\
\xeb\xdc\xd7\xed]OX/Y\xdf\xb5a\xfa\x86\x9d\x1b\
>\x15\x89\x8a\xae\x14\xdb\x17\x97\x15\x7f\xd8(\xdcx\xe5\
\x1b\x87o\xca\xbf\x99\xdc\x94\xb4\xa9\xab\xc4\xb9d\xcff\
\xd2f\xe9\xe6\xde-\x9e[\x0e\x96\xaa\x97\xe6\x97\x0en\
\x0d\xd9\xda\xb4\x0d\xdfV\xb4\xed\xf5\xf6E\xdb/\x97\xcd\
(\xdb\xbb\x83\xb6C\xb9\xa3\xbf<\xb8\xbce\xa7\xc9\xce\
\xcd;?T\xa4T\xf4T\xfaT6\xee\xd2\xdd\xb5a\
\xd7\xf8n\xd1\xee\x1b{\xbc\xf64\xec\xd5\xdb[\xbc\xf7\
\xfd>\xc9\xbe\xdbU\x01UM\xd5f\xd5e\xfbI\xfb\
\xb3\xf7?\xae\x89\xaa\xe9\xf8\x96\xfbm]\xadNmq\
\xed\xc7\x03\xd2\x03\xfd\x07#\x0e\xb6\xd7\xb9\xd4\xd5\x1d\xd2\
=TR\x8f\xd6+\xebG\x0e\xc7\x1f\xbe\xfe\x9d\xefw\
-\x0d6\x0dU\x8d\x9c\xc6\xe2#pDy\xe4\xe9\xf7\
\x09\xdf\xf7\x1e\x0d:\xdav\x8c{\xac\xe1\x07\xd3\x1fv\
\x1dg\x1d/jB\x9a\xf2\x9aF\x9bS\x9a\xfb[b\
[\xbaO\xcc>\xd1\xd6\xea\xdez\xfcG\xdb\x1f\x0f\x9c\
4<YyJ\xf3T\xc9i\xda\xe9\x82\xd3\x93g\xf2\
\xcf\x8c\x9d\x95\x9d}~.\xf9\xdc`\xdb\xa2\xb6{\xe7\
c\xce\xdfj\x0fo\xef\xba\x10t\xe1\xd2E\xff\x8b\xe7\
;\xbc;\xce\x5c\xf2\xb8t\xf2\xb2\xdb\xe5\x13W\xb8W\
\x9a\xaf:_m\xeat\xea<\xfe\x93\xd3O\xc7\xbb\x9c\
\xbb\x9a\xae\xb9\x5ck\xb9\xeez\xbd\xb5{f\xf7\xe9\x1b\
\x9e7\xce\xdd\xf4\xbdy\xf1\x16\xff\xd6\xd5\x9e9=\xdd\
\xbd\xf3zo\xf7\xc5\xf7\xf5\xdf\x16\xdd~r'\xfd\xce\
\xcb\xbb\xd9w'\xee\xad\xbcO\xbc_\xf4@\xedA\xd9\
C\xdd\x87\xd5?[\xfe\xdc\xd8\xef\xdc\x7fj\xc0w\xa0\
\xf3\xd1\xdcG\xf7\x06\x85\x83\xcf\xfe\x91\xf5\x8f\x0fC\x05\
\x8f\x99\x8f\xcb\x86\x0d\x86\xeb\x9e8>99\xe2?r\
\xfd\xe9\xfc\xa7C\xcfd\xcf&\x9e\x17\xfe\xa2\xfe\xcb\xae\
\x17\x16/~\xf8\xd5\xeb\xd7\xce\xd1\x98\xd1\xa1\x97\xf2\x97\
\x93\xbfm|\xa5\xfd\xea\xc0\xeb\x19\xaf\xdb\xc6\xc2\xc6\x1e\
\xbe\xc9x31^\xf4V\xfb\xed\xc1w\xdcw\x1d\xef\
\xa3\xdf\x0fO\xe4| \x7f(\xffh\xf9\xb1\xf5S\xd0\
\xa7\xfb\x93\x19\x93\x93\xff\x04\x03\x98\xf3\xfcc3-\xdb\
\x00\x00\x00 cHRM\x00\x00z%\x00\x00\x80\x83\
\x00\x00\xf9\xff\x00\x00\x80\xe9\x00\x00u0\x00\x00\xea`\
\x00\x00:\x98\x00\x00\x17o\x92_\xc5F\x00\x00!_\
IDATx\xda\xec]wx\x14\xd5\xda\xff\x9d\xd9\
\x9e\xde\xe9-\x14\xcb\x05\x04EX\xb1\x00\x82(\x0a\x82\
\xfa\xe1\x05Q)\x22EQ@\xaf\xbd\xd0\x04\x11ED\
\xc1\xeb\xb5\x00\xb9\xa8(*\xd2D\xe4\xd2\x05\x5cz\xe8\
-Y\x12\xd2\x93\xcd\xf6\xbe;g\xbe?\xe6L\x18\x97\
M\x01\x93\x10\xee\xdd\xf7y\xe6\xd9\xd9\xd9)\xe7\xbc\xbf\
\xf3\xd6\xf3\x9eYB\x0d\xe9`\x94\x02`\x0a\x80\x87\x01\
\xb4\x01\xa0E\x84\xea\x82\xbc\x00\x8c\x00V\x01\xf8\x90\xd3\
\x1b-\x00@\x18\x10\xb7\x00X\x07\xa0I\x84O\xf5J\
\x85\x00\x06qz\xe3!\x8eI\xc2z\x06\xc2\x0e\x00w\
\x02\x88\x02@\x22[\x9dlQ\x00z\x03\xf8\x1d@S\
\x00k\xa8!=I\x09\xe0%\x00\x8d\x01\xec\x04\xd0\x0f\
@02P\xeb\x94<l\xc0\xf7\x03\xb0\x05\xc0\x1d\x00\
^\xe4\x00\x0cf'\xbc\x16\x01\xa1^\xc9\x0f\xe0M\xb6\
\xff0\xa1\x86t?\x00\x15\x00\x0d\xfb1B\xf5G:\
\x00n\x00\x01\x8e\x81\x80\x08\x08WMM\x01\x80\x8a\x8b\
\xf0\xa2aP\x04\x88\x08\x10\x11\x8a\x00\x11\x01\x22B\x11\
 \x22@D(\x02D\x04\x88\x08E\x80\x88\x00\x11\xa1\
\x08\x10\x11 \xea\x97L\x0e>\xd5\xee\xa1?\xba\xfd\x82\
\xcd\xed\x17\x9c\x95l.\xb7_p\x99\xec\xfc\xd1\xef7\
;\x87szc\x22\xa77*\x1az\xdf\x085\xa4\x0b\
\xd2~Cnhva@\xd7$Ey\x86\xe3\xd0\xe2\
r\x1a:i\x9ei\xd2Wk\x1d\xab\x00\x94RC:\
\xdf\x00\xbb&\x5cS\x12\x91\x18\xa7xR\x02\x81R\x08\
f\x1b\x0dZ\xec\xb2\xcd\xc16;\x0dz\xfd\x02%D\
\x1cY#\x06\xc4\xbc\x08\xe0&\x00\xd1\x0d\xb9\x7f\xcak\
\x05\x88@P\xe8D\x98\xd0\xce[n-y/\xc3z\
J\xc1\xa1\x18\x80/dx\x09\xf7\xf4\xd05\xfe~N\
\xa3\x01 @\xd3Tec\x06\xc4i\x00\xf6\x08\x10\x7f\
\x91x^\xa8\xd0\xf3\x17\x8a\x83V\xaf_\xd8\x05`\x17\
\x00K\x18\x8d\xdb\x94\x80\x0c\x10 \xc0\xeb\x13\x00 -\
\x22\x11\x95\x907(pV\x07\xbd\xf1\x5c^\xa0\xac\xd7\
\xb8\xc2r\x00\xbc\xcc^]BA\x1e\x01i?9\x9e\
\xe3!\xd6\x06\x1d\x06P\x1ez\xee{\x93\x92\x04\xd1\xe8\
\x11\xf8\xfc\x82\xc0Tp\x95j\xb8\xc8\xcc\xc7)8\xb4\
;\x95\x13(\xe93\xa1\xb0\x14@\xb0\xaa\xf6\xfcWx\
MV7\xed\xc3Sd%\xc4r\xc7n\xbe^c\xdc\
\xbb\xb4\xd9\xc7\x00\x9aqz\xa3\xa6R\x8b&\x88@\x10\
\xf2g#G\x0d\xe94tSpD\x15b\x0c)\xdb\
\xc2\xb7\xc7E\x1f\x8d\x8f\xe1r\xe2b\xb8\x83\xb7\xde\xa8\
\xc9\xfa\xcf\xa2&\xb3\x004\xe5\xf4F\xd5\x7f-\x10V\
7\x1d\xabU\x93\xadJ\x0em\x08\x00%\x87\xa8\xce\xed\
\xd5\x13O\xfd\xd0b\x13\x80\xeb8\xbd1J~\xbe\xd9\
I;\x9b\x9d\xf4\xa3\xe4x\xeeI\x09\x04\xa5\x82p\x00\
*uIyzQ\x8d\xdd\xd0F\xad\xdb\xf3U\xb3\xff\
\xfb\xea\xcd\xd4\xa1\xe3\xde5\xb5\xe4\xf4F5\xa77V\
\xc0\xe9\xf0\xd0Wu\x1a\xf2\xbd\x82C\x22\x01\xa0\xe0\xa0\
\xbd\xa3\x8b\xf6\x95M\x8b\x9a|\x09\xa0-\xa77j\xff\
\xeb\x80\xb0y\xe83Z5\xf9B\xe2\x82\xc5N+\xca\
wZ7Q\xdep\xe8\xeb\xe6?\x02\xf8\x1b\xa77\xea\
\xec\x1e:\xc5\xe1\xa1\x07\xa2\xb5\xe4H\x8c\x8eLV\xab\
HJE\xa39\x22\xb9\xdba=\xd9#\xe7\xfc\xd9<\
\x15\x8d\xb8FE\xb8[\xae\xd7\xb4||@\xec\xb4\x0f\
\xa7&\x1f?\xfe]\x8b\x7fO\x19\x1e\x7f3\xa77F\
\xd9\xdct\xaaFE\xdeE\x98\xf6\xdc\xd9E{\xdf\x96\
O\x9b|\x09\xa0}}\x80Qoq\x84\xc5E\x87\xe9\
4d\x85\xf4\x10\xc31\xaf\xe3\xc1\x17K\x8e\x8f\x18\x10\
\xa3\xf8\xe8\x85\xe4\xee\xd2y\xc7\xb3\xfdg[4R\xd2\
\xf8\x18\xee\xfa\xd0{\xe4\x95\x04\xfd\x1b\xff\xf0\xd8\xde\xcb\
\xb0\xee\xca/\x0d~\x0b`+5\xa4\x9b/\x19]z\
\xa3r\xd6\x84\xc4\xa1\x03\xef\x88\x9e{c\x1bu\xcb\xd0\
\xdf\xfd\x01\xc1Wl\x0e\xeem\xd1Hy\x97tl\xc3\
n\xb7\xf5\xc9ie'\xe6OIJ\x1b90\xb6\xbd\
t|\xdb\x01\xcf\xce\x01\x93\x8b'\x018G\x0d\xe9\xde\
\xba\x8a#\xea\x05\x08\x9b\x87>\xa3U\x91\xc5\xd2\xf7\xfd\
'}\xce\xbb\xc6\x15\x1ed^\xcf\xe1\xc5/\xa7\x0cy\
jp\xec\xe3\xe1\xae-,\xe3}\x1bv\xbbm?o\
w\x15n\xd9\xef9\x0f\xb1^\xf4(\x80=\x00\xb2\xc2\
1\x87\xa9\x9ed\x00\xb7\xdc\xd6I{\x7f\x9fn\xba\x1e\
\xfd{\xe8\xda\xde\xd6I\x9b\xf2g\x0e\x88]\xff\xcf^\
\x8fu\xd0\x0b\xc5\x07X{N\xaf_\xd0\xf8\xd9~\xdd\
uwJ\xe7\xed>\xe2\xfd\xa3\xef3E\x13\x00\x9c\xad\
\x030\xea\x07\x08\xab\x9b\x8e\xd6\xaa\xc9\x12\xe9\xe6\x87\xcf\
\xf8\x5c=\x9f*<\x00\xb1\xc4\xf3\x17\xe6\xdf'-}\
;m\xd6c\xf7\xc6\x8c\x90\xae;{!\xe0\xf9b\xb5\
\xbd\xe4\xb3U\xf63\xfe\x80`\x04\x90\xcd\xb6<\x00\xc5\
\x00\xcc\x00\xbc\x95y6,\xad\x11\x03\xb1\xa6\xb7\x05\x80\
\x96c\x06\xc5\xf6}\xfc\xfe\xd8\xde\xb7w\xd6V\x14[\
o2\xb8m\x83^,\xde\x0f\xb1\x0c\xf2W\xe6\x8d5\
\xfb\xed\xe3&\x8b{\xdf\xa2\xbbK\x02\x8cI\xc6su\
\x00F\xdd\x03av\xd2\xaeQZrH\xba\xf1\xde\xe3\
>G\xef\x09\x85\x87 \x16\xe0\xae\x07p\x8c\x1a\xd2\xdd\
\xcc;i9\x7fr\xf2K\xd7\xb5R\xf7?x\xdaG\
\xa7}n>\x0d\xe0\x1c\x1b\xfd\xa7\x01\x14\x00\xb0\x02p\
]N\xaa\x82\xd3\x1b9\x88U\x8c\xb1\x10k|\xdb?\
\xf7\xf7\xf8G\x1e\xea\x1d\xdd+\xbf$H\x9e\x9c^z\
\x98I\xd7F\x00'\xa9!\xdd\xc3lB\xbb\x8d\x0b\x9b\
,\xee\xd3\xed\x22\x18\xdfnt\xae\x1e3\xab\xecu\x00\
\xd9\xacB\xb2\xe1\x03!\xe5\x86\x14\x1cZ0\xf1v\xf4\
{\xb6\xe8 \x93\x84\x0d\x12\x082\x86\xa9\x014\x07\xd0\
\x85\x8d`\x0b\x80S\x00r\x01X\xa9!\xdd_d\xe6\
\x9bjT\xe4>\x00\xdd\xd5*\xd2S\xa9 \xcd\x00!\
\x06\x80\xc0S\xc1\xe5\xf5\x0by6\x07=l\xb6\xd3\x83\
\xff\xde\xe0X\xbbh\xa5\xbd\x18@@\xea#\x93\x92X\
\xf6\x9c\x1b\x00\xb4\x02`\x03\xb0\x1f\xc0\x19jH\xf7\xc8\
\xda\xa3\x05\xd0\xfe\xd7\x8f\x9a|\xd2\xa7\x9b\xae\x17!\x22\
\x18\xfd'\x15\xbd\xba\xf3\xb0\xf7[\x00\x05\xd4\x90N\x1b\
<\x109%\xc1VM\x92\x159\x00\xe0\xf6\x0a|r\
\xbf\x9c\xbd\x00\xb6\x02X\x0b\xe0\x84\x1c\x04\xb9\x91\x05\x10\
\x07\xb1t\xdd\x07\xc0F\x0d\xe9~\x87G\x18\xc1\x11<\
\xabV\x91\xdb.\xba\xa8\xe0\xed.\xea\xb2\xbbx\x1f!\
 1Q\x9c6>\x8a\x8b&\xdc\xc5P\xa3\xd4\xc2\x1f\
8\x96\xed\xff\xf2\x81)\xc5?\x00\xb0SCzP\xf6\
\x9cX\xf6\xac\x00\x00s%\xb6F\x0b\xa0]\xce\x9aV\
\xbf5IQ4\x05\x80\x09s\xcb~[\xba\xce1\x1b\
\xc0>jH\xf7\xd5\x16\x10u\x16Y\xef9\xea-\x1d\
tGT\xb9ZE\x925j\xa2\xf8\xd7k)i\xe3\
\xdf5\x9d`\x06\xd6\x1d\xee\x1a\xc6(3\xdb`w\x0b\
\x8f\xf8\x83\xf8R\xab&\x09\x00`8\xee=\xf6\xef_\
\x1c\xd9+69\x0b\xdc^!\xc8\xda/\xe0b\x15\xbb\
2.\x9aS\x8e\x1a\x18\xdbbh\xbf\xe8\xebo\xbdQ\
\xd3\xado\x92\xae[\xf9\x96\xd6sVmu\xbd\xca\xe9\
\x8d\xab\x98t\x05\x99\xc4Y\xaa\xea\x035\xa4{\x0bM\
\xfc\xcd\x89q\x5c\xbc\xcc\xabS\x02Hd\xcf\xf6\xd5\x16\
\xbf\xeaL\x228\xbdQ\xb1\xf2\xddF\xe3\x07\xdd\x19\xb5\
X\x1a\xa2\xbb2\xbd{\xfb=[\xf4tu\xae\xa0\xc5\
E\x1bkTX\xadRp=\x9c\x1ej~\x7f\xb9u\
\xc7\xdc\x0ck\x11\xc4B\xe9R\x00\xe7\x99\xc1v1\x10\
$\x9b\xa1\x80XT\x1d\x0d\xa0i\x94\x96\xb4\x7fmT\
\xc2\xed\xcf\x0e\x8d\xbf3JK4\xc6\x82\xc0\x81\xa7g\
\x9b\xc6\xef>\xe2=\x0d\xc0S]\x0a\xc3\xe9\x15&j\
T\xe4S\xe9\xfb\xca\xcdN\xcb\x13\xd3J\xd7\x01\xc8\x00\
\xf0\x87\x5c\x955hc\xcd\xe9\x8d\xa9;\xfe\xd5tY\
\x8f\x8e\x9a\xfb\xa5\xdcO\xe6Y_f\x8f\xd1\x05\xa3C\
urE\xa4\xeb\xa5\xf7hTd\x13\x00|\xfd\xabs\
\xe3\xd8w\xca\xb2\x018\x00\x9ca\xc6\xbb\x98\xe5\x97\x9c\
\x92\xaa\x09\xe3\xbaJ\xaa'\x99yM\x1dV\xbe\xdbh\
\xdc\x83wE\xdd\xcaS\x04_[d\x1e\xfb\xf1\xf7\xb6\
\xf5L:\xc2\x1a~\x87\x97N\xd6\xa8\xc8GR\xc6w\
\xdfI\x9f\xe3\xce\xa7\x0b\xf62\xcfj5\x80\xdcZ\x9a\
\xdf\xa8\x17 \x94\x00\xda\xac\xfb\xb0\xf1\xe2{z\xe8\xee\
\x91:\xb5\xeb\x88w\x7f\xdfg\x0a\xc7\x85\x82a\xf7\xd0\
\x91Z5Y\xe6\xf6\x0a\x96\xde\xe3\x0bW\x1d\xcd\xf2\xbb\
\x01\x9cd\xc9=#\x00\x0b5\xa4\x07\xcb\xec\xfc\xf5?\
lv]\x984\xcf\xe4\xab\x8e\x19\xcc\x09H\x02\xd0\xf6\
\xd1~\xd1\x83\xbez+\xf5E\x95\x92(\xe7-\xb7N\
{\xfb3\xcb\x17\x083adu\xd1\x07\xa2\xb4d\xbd\
\xf4}\xe7!\xaf\xbd\xffsE\x87\x00lg\xde\xde\xc9\
Z\x92\x86\xfa\x8b#\x98\xc1k\xbb~A\xe3O\xee\xe9\
\x1e\xd5\x07\x00\xec.\x1aH\xed\x9f\xf3\x02\xc4\xf5cy\
\xac\xf3\x03\xa3\xb4d]\xa9\x99\xcfj3\xf8\xc2\xaf<\
\x85\x0b\xc0\x1f\x0c\x84\x12\xc9]\xb4\xba\xe9\x13\x00&4\
\xb97\xf7I_@01#,\x00@\x99\x9d\xef\x10\
\x0c\xa2knq0\xb7\xe7\x98\x82#\x00\xfc\x12\x93Y\
;\x9a\xb4n\xa2\xbc\xe3\xc0\xf2f\x9f\xc5\xe8\xb8\xa8\x7f\
,,\x7fc\xd1J{\x06\x80b9\x186\x17]\xa5\
\xd3\x92\x87\x00\xe0tN\xc0\xd3eD\xfe>\x06\xc2/\
\x959\x1a\x7f\x15\x88:\xcf51[\x90\xd5\xedFM\
\x85\xc1[\xf8\x9d\xad\x04\xe2B\xbeh1\xde\xe0o\x88\
\xd2\x92u\x16\x07\xcdk9\xe8\xc2/<\x85\x89\xa9\x80\
\x1d\xccM\xac\xf0\xd95*\xf2/\xbf_h\xee\x0b\x08\
z\x88\x0b1/\xe6\xf4\x15\xe4\xe9\xc48\xee\xbb\xc4X\
\xee=\xe6\x9eF\x87\xb4\xe3BNQ\xf0\xd7;\xc6\x16\
\x8e\xf0\xf8\x04\xdf\x07\x93\x93gwh\xa9\xea\x03 I\
\x9e\x08<\x96\xed_)\xed\xa7%*TMR\x14E\
,\xd6\xa8m\x10\xea7\xe9g\xdd\xd6zhB\x0cw\
3\x00\x98l|\xe0\x9d%\x16)>\xb0\x01@\xb4\x96\
\xdb\x03\x00-\x07^X\xc5\x8em\x06p\x90\x1a\xd2m\
r_\xdd\xee\xa1s\x09\x81\xee\xb8\xd1\xef\x04\xd0\x01\x80\
Fnp\x1d.\x1a\x00\x80\xac\xfc@\x22\x80[\x01\xc4\
\x87\x0c\x0a\x1e@\xf9\xe9\x9c\xc0\xb6\xe1o\x94\x8e\x86\x00\
\xac\x9b\xdf\xf8\x03\x16\xbbT\x80v\xd7\xb8\xc2\x8dy%\
\xc1L\x00H\x8a\xe7\x94_\xbd\x99\xa6\xff\xaf\xc8\xbe*\
\x15xK\xda\xff\xe4{[\xb1,b.wy\x85\xd9\
\x84 \xe1\xf9\x0f\xca\xbf\x0b\x04\x05\x81E\xddG\xa9!\
\xdd%\xbfG\xb9\x93vQ\xab\xc8+\x04\x80\xdb#\xc4\
0U\xfa'c\xcd\xf3\xe2A\x8fW\x88b\x86Z\x19\
FB\x05\x00\xf6\x8d\x7f\xb87~\xbd\xd1\xf9A\xcb&\
\xcaF\x8b_Ny\x1e@;fO\x00\xc0\xb1l\x9d\
\xe3u\xe9\x9a\xbb\xbb\xe9Z\xa7&*z\x00h$\x97\
\x9ck\x0a\x88r\x07\x7f\x83RA:H\xd20\xff\x1b\
\xdb\x19\x00G\x00\x9c7\xfd\xa7u\xacZE^?{\
!p\xfc\xf3\x9f\xedf\x00\x07\x01\x1c\xa1\x86tg\xe8\
}tj\xf2\xb3\xc4\x81\x00/hY V\x95\xa1\xa6\
U\xa8K\x01\x80m\xec;e\x0b\xec.Z:\xe6\xc1\
\xd8\x81\x00\xba1\xf0@\x0d\xe9\xfc\xec\xa5\xd6\xddy%\
\xc1}\xd2d\xd4\x98A\xb1\xf7\xb2\x88_uM\x02A\
\x08\x19/\xed\x7f\xf3\xab\xb3<\x10\x14\xb2\x00\x1c\x07`\
\xd6\xa8\xc8\x02\x00\x180\xb9x;\x80\x0b\x0c\x08s\x98\
\xc4\xe1,\x05\x87\xd6\x15\xd6M\xa8\xb6\xdd\x82d\x04\xab\
\x00\x83\x02(\xfbj\x8d\xe3y\x00X\xf0B\xf2p\x00\
mdR\xe1\xcc\xce\x0f,\x97\xce\x7f\xb4_LG\x00\
mC\xd5]\x83\x03\xc2\x1b\x14\xd4\x16\x17\x9dbr\xf0\
?\x94\xd9\xf8\xcdE\xe5\xfc\xba\x02S\xf0\xc7(\x0d\x19\
'\x9d\xb3~\x97\xab\x10\xc0Y\x00y\xb9k[)\xd5\
*\xf2DAi0\xaf\xa04\x08\x06\xce\x85PW\xb2\
\xd4\xca\xb7\xd1\xa9\xc9\x9b\x00Pd\xe2=\x00\xc0U\xa2\
\x1c.WgPCz\xe0\xf5O\xcd\x9blNZ0\
vpl/\x00\x9ddRAW\xefp\xaf# \x02\
\x00\xfc-]\x1d\x7f \xa3\xf9\xb4\xfc\xf5\xad~+\xb7\
\xd3\xdd\x05\xa6\xe0\xaa3y\x819\xdfmv\xf6\xe4\xf4\
\xc6(\x96\x5c\xbc\xba@\x94\xd9\xf9dJqZ\xa7!\
\x0bbu\xdc\xff\xc5Es}\x93\xe2\xb9\x81)\x09\x8a\
G8\x0e:\x00\x08\x06!\xfc\x9e\xe9\xcd\x93\xe2\x81\xb8\
hn\x18\x00\xfc\xe3\xe3\xf2\xdd\x00L,\xc5}\x89G\
\x12\xa5#k\x01`\xf9\x06g\xe6\xcc/-g\x09\x01\
\x14\x0a\x12\xac\x0c\x09\xa9\x9e\xe92\xc8\x9ey\xd6\xbfP\
\xa9 \x8a\xa1}\xa3o\x878w\xae\x00\x80\xcf~\xb2\
\x17\x99\xed\xf4\xa8\xa4\x9e:\xb5S\xb7JMTt\x8d\
\x8b\xe6z\xa6%*\x1fj\xd3T\xf9\xda\xc3}\xa2w\
/|1y\x22\xb3\x1f\x8a\xab\x0a\x84ZE\xde\xe3\xd8\
\x1c\xf4\x9f\xd5\xd2\xc5\xfd)\x1f\x96\xe7\x09\x02\xf2\x01\xe4\
\x03\xf0(\x15x\x0a\x00Vms\x99X\xd4\x5c\x1c\x9a\
r\xb0y\xe8T\x95\x82t\x04\x80qs\xca\xce7J\
R\x18\x01@\xa5\xa8fM8\xb9,\xa9\xe0\xbf\xd9\xe8\
\xf8\x01\x00\x1e\xbb7\xa63\x80\x962\x0f*p,\xdb\
\xf7E\xe5\x8f\x11\x1f4\xb4o\xcct\x00\xb7\x01H\xb8\
b\x87\xa6V\xec\x00p\xa7\xd4\xf7\xe9_X\x8aN\x1a\
\xfde\x1a\x15\xf1\xea\xb4\x84\xf0\x14\xc8\xce\x0b\xb8\xf7\x9e\
\xf0\x9d\x03\xb0\x1b@>5\xa4\xf3\x01\x1e=\xf3K\x83\
\xc5\xec\xb2\x0b,\x8d\xf1'/)ZK>\x04\x80w\
\x96X\x8e\x02(\xbb\xfbV],\x00(8BkS\
?/\xdf\xe0,\xfc\xf4\x95\x14\xc7-7hZA|\
ER\x82\x14(rz\xe3wo=\x95\x98\x98S\x18\
\xecaq\xf0\x89<\x85\xa0T\x10\xd24E\xa1\x9d9\
!\xa9SB\x0c\xa7\x8e\x89\x22\xd1\x00z\xb0\xb4}\xf9\
U\x03\x02\xec\xddN\x81\xa0 \xbc\x97a=\xc5\x02\xb1\
\xb3\xcc\xbdT\xb0O\x13\x80,\x00\xe6\x9c\xa2\xa0\xaeY\
\x9a\x12\xbbDU\xe5f\xe9n>\xc4\xe5\x9dE\x00\x18\
\x0b\x02\xe5\xb3\x97X\xcf\x038\x90\x1c\xcf\xddD@@\
i\xad;\x19\x01\xbbS8\x96\x9a\xa8\xe8\xc9&\x8f\xe4\
\x06\xd96\xeb+K\x06\x0b\xe8\x12d\x8e\x80\xe2\xd5\x91\
\x09\x0b\x12b\xb8\x16>?(\x80T\xfc\x85\x22\xb6\xda\
\x02B)\x02\x01!%Aa5Yy\x03\x9bl\x91\
\x8f\x5c\xbf\x94r\xb0\xba\x84\x1b\x00\xa0\xd0\x14\xb4\x03(\
\x03p\x89\xbb\xba\xf2?\xae\x99]:\xa8\x13f~a\
\xb13C~0.\x9ak_G\xd1\xbfp\xbe(h\
\x04\xd0\xb3]sURV~ \x8a\xd3\x1b\x095\xa4\
\x0b\xd4\x90\x1e\xe4\xf4\xc6B6\xd2\x952o\x8c\xc4\xc5\
p~\xe6\xc5\xd5\x0e\x03k\xcb\xfb\x12 \x80\x0a\x82\x97\
\xa9\x19{e\x099\x8f\x8f\xb6\x8a\xd6*Pn\xe3\xdd\
\x10\xa7?/I\xa0\x8d\x9fSv\x1a\xc0\xcb\x00\xd2!\
N\x93\x9eW)I\x9dUs\x07\x82B>\x00\x5c\xd7\
J\x15\x93\x95\x1f\x88b\xbc\x09\xc8\x22\xf2K\x1c\x09\xbb\
[\xa0\xcc\x16JEl\xc2\xd5\x06B`1\x03\x88h\
\xa2\xab4\x97\x1e\x1f\x8d\x12\xc0\xc1\x17\x10\x04\x88\xafV\
\x0b\xc7`\x17\x80cL\x9d\xf9\xc3IMm\x92\xc0l\
T\x94\x8ep\x10g\x08U\x12\x10\xf5\x92}\xa8\xa5\xfb\
\xf0\x84\xf9\xf7Je\xf5>\x8b\xcf/\xb8\xc5h\x99S\
2\x10h%\x01\x97S\x0e@nI\xb0\xa2\x04\xa6\xb6\
)ZK\xe2\x00\xc0\xea\xa0~f\xd7\xeau\xbdH\xad\
\x18=A\x00\x0f\x02p\x1c\x88ZI\xaa\xedD\x91\x89\
\xcf\x01\x80F\xc9\x0a\x1d\x1by\xdc\xe5\x8d\xde\x9a\x83\xe1\
\xe7\x05\x8d\xcdM_\x1c5\xab,\x95\xd3\x1b5\x95\xe5\
\x8aTJ\xd2\x02\x00\x8e\x9c\xf3;\x98\x04\xd2\xdalG\
}E\xd6Tt+\xc5j\xbc\xeaN~\xf9cs6\
\x04\xa0MSe\x02\xc4\x97G\xd5Y\xb1\xaf/ \xcc\
\xd4i\xc8\x07s\x9fI\xda\xc6R\xe3Q\x95\xc4B\xd7\
\x09\x02h\xa9\x99\x0f0\x9bU\xadZ\xa2B\xc5\x9c5\
i\x10\xaa\x89\x10\xa8\x99\x7fO^y2\xa1\xbdNC\
\xba\x0d\xee\x15\x1ds*' \x8e*\x22\x90\x8c\xf5\xce\
\x83\xf3\x96[mL\x15y\x05\x01\x01}Gm;\x88\
\xb3g\xba\x9a[\xa2\x1ae{9\x00\xe4\xed\xb1\x89\xcd\
5*\xf22\x00\xac\xda\xeer0_\xbf\x8c\xd9\x9f?\
'\x155\xa4s~i\xb0\x94}u\xcb\xedVay\
0V\xa3&\xb7\xd8\x1c4\xca\xed\x13\x04B\xe0Wp\
P5KS\xa6\x02\x80VM\x08\x1b\xd4\xe4\xaa\x02a\
w\xd2c\xda$E3B\x80\x99\xe3\x93\xba\x03\xe8\x1e\
*\xc2\xc3\xef\x8bY=o\xb9\xf5\x15\x00y\xd4\x90\xee\
\xc9+\x0dnm\x94\xa4\xb8\x17\xe2\xe4Nl\x8dq\xa8\
\x01\x18V\x07\xf5\x01\x10&\x0f\x8f\xff\x02\x00\x8eg\xfb\
\x8b'\xbdo*b\xa3\xfc\x92\xf4H\xb1\x99o\x9e\x18\
\xc7\xa9v\x1c\xf2\x9eg6\xc9%E\xf9&;\xdf!\
1V\xb1\x83\xe3\xd08F\xc7\x81\x84\x19\xff6\x17\xe5\
\x1b\x84j\x9a\xb7\xdc\xfa\x86\xd3C\x1dU\x9d\xd3\xb6\x99\
r\xa0FE\xfa\xb2\xc0\x07'\xcf\xfbW\x80\x00\xaf\x8f\
N\xf8\x1b\x80\xc4\x9a\xaeE\xa8\x89P\x9c\xce\x09X\x9e\
\x1e\x12\xdb<ZK\xae\x03\x80\x07_,>\x01\xe0\x04\
\x80C\x08SB\xa3Q\x93\x91\x00\xf0\xf9\xcf\xf63\x10\
K:\xad\x15\xbf\xa9\xc8<\x8eC\xe3\xaa\xd2'\xffX\
X\x9e\xcb\xe2\x0c\xf7U\x95\x88E+\xedg\xf6\x1e\xf7\
\x0d\x1b;8\xf6\xe5v-T7\xaa\x94\x9cF`Q\
\xce\xcd\xd7ib\xd5*B4*\xa2|\xf8\xee\xe8\x07\
V\xfc\xe6<\xcc\xe9\x8d\x05\x00\xd6\xb8~o\x13x\xee\
\xef\xf1w\xccYjm\xcb\xd2\x03\xa5\xb5\xd1\x9e\x11\x03\
b:\xb4l\xac\xbc\x85\x80\xe0\xdde\x96C\x85e\xfc\
\x05\x88\x05\xc6Y\xe1J%\xb5j\xf2\xb2\xddE\xcb\xf7\
\x9f\xf4Y\x01\xe4H@\xf8\x83\x02\xa7R\x90\xbe\x12\xef\
\xb7\x1e\xf088\x0eB\x94\x96\x83 \x80\x9c<\x1fp\
\xfd\xb0\xc5Y\xb4u\xbf\xe70\x80}L\xed]U\xf7\
\xd5\xbd\xff\xa4o\xcf\xfe\x93\xbeW\x01t\x848\x1f\xad\
\x05@\xfe\xf9jj\xaf1\x83bo\x03\x80\x01\xb7E\
\xdd\xb0\xe27gs\xc6t\xc7\x91s\xbe\xcfn\xbeN\
\xf3\xdc\xfd\xb7G\xdd\xbea\xb7\xfb\x10\xa77\x96\xd7\xa4\
D\xa5:\xa9\xe8\xd0R\x95B@p./`\x9d\xfe\
\x85\xe5<\x80\xbd,:\xbf\xc46X\xdd\xf4\x09\x9d\x9a\
\xc4\xbd\xf9O\xf3J\xa6\x96\xf2Xl\x03\x97O\xb8'\
ZKb\x00\xe0Bq\xd0\x7f\xff\x94\xe2\xc3\x10\xabJ\
\xcaCR7gX\xccc\xb9\xaa@\xb0\xe4\x98\x0d@\
&\xc4\xe2\xaf\x18\xc9\x13\xda\xbc\xcf\xfd\xc7\x98A\xb1k\
\x00\xa0ow]s\x8eC[Jq\x80\x1a\xd2m\x9c\
\xde8\xd7\xfd{\x9b\x89\x9f\xbd\x9a\xf2H\xcbA\x176\
A\x9c\xc7\xb6\xd4\xd2\xe0\xc0\x83/\x16g\xb1\x9c\xd7^\
\x00e\xe1\x0a\xcatj\xb2\xc4\xeb\x17\x1c_\xacv\x94\
1\x86\x16I\xf3\xe4J\x05\x9e\x97\xce[\xba\xceQ\xc6\
\xd4\xdbZ\xd6G\xc2\xbcE7\xc4\xd5\xaa\xae\xbfR\xe7\
Tk%\x97\xac\x93^\xb6\x95T\x18!\xbd1\xd7\xfe\
*\xcd\x89\x8b\xe6Z\xa7\xc4+\xd4o\x8cN\xbco\xd6\
W\x96\x9dL=\x99~\xda\xe6z}h\xdf\xe8yK\
\xdeJ\x1d?fVY6\xa77\x1e\xfb\xab5\xa5\x04\
\x04s3\xac%\xc6\x82\xc0\x19\x96\xac3\x86SI6\
\x0f]\xa8U\x11\xe5\xc4\xb9\xa6\x0d\x10\x8b\x16NJ\x03\
\xc1d\xe7\xdb\xc5Es\xf7\x03\xe2\xba\xeeO\xbe\xb7\x9f\
\x858\xc5\x9bI\x0d\xe9\xc5\x0d2\xa0\xab\xce\x95?\x93\
\x1b\xc8\xa8\xc8!=\x14\xa7\x07p#\x80DjH\xf7\
?\xf1v\xe9\xb2\xc22\xfe\xccc\xf7\xc5\xf4\x19\xdc+\
j\x10\x80\xc6W:\xc1\x22\x08B\x00\x00N\xe6\xf8m\
\xd3>7\x1fa \x1c\x09\x97\x1e1;\xe9 \xad\x8a\
<\xbf\xe7\xa8w\xf7w\x9b\x9c\xa5\x10\x8b\x19*\xaa\xf7\
\xb4j2K:w\xfd.\xb7\xcd\xe9\xa1yLb,\
u\xc1\xa4\xfa\xa8k\xa2w<]\xf0iI9\x9f\x05\
\x00\xa9\x89\x0a\xed\xf2\x19i\xcf@\xac\x9a\xd0\x00\xb0\xdc\
\xf2D\xfeP\xa7\x87:\xbe\x9f\xd3\xe8\xed\x87zG\x0f\
\x84Xg\xc4]\x1at\x89uL\x8d\x92\x14\xd1L\x9a\
\xfft\x8eVC\x9a\x02\xc0#/\x97\xec\x868\xffm\
\x80X\xc9GC\xec\xc2]QZ\xb2\xd6\xea\xa0\x85}\
\x9f):\x00\xb1\xaa\xe4\xa0d\xa4\xcdN\xfe\x06\xb5\x8a\
\x0c\x03\x00\xaf_\xe0_[l\xce\xc2\xc5%\x02\xfek\
\x12\x08F\x16\xbb\x9b\x1a\xa4/=;k\xaf\x87XK\
\x94L\x0d\xe9A\x8b\x83f\x8f\x9de\x1a\x09\x00+f\
\xa7-\x9a\xf4h\xdcH\x00\xa9\xa1\x92q\xf2|`\xed\
\x96\xfd\x9euK\xd79\x0e\xb1\x0c/\x1f\x92\xa6hy\
<\xdb\x7f\xc4X\x10\xc8\x82X%\x98\x15\xaa\xe6\xacn\
z\xb7VMv\xf8\x03\x82\xa3\xe3\xb0\xfc5\x10\x8b\x15\
\x0c`\x13V\x00\xa0V\x8aE\x0d\x00PP\x1a\x0cf\
\xe7\x07\x8c\xcc\xd8\x97\xd5\xd5\xda\xeb\xfa*0{\xab}\
\x0bU\xc5\x1a\xb95;\x5cV\x88\x1301Lj\xdc\
\xabw\xb8\xb6\x8e\x7f\xd74\x9e\xa7\xa0\x1f<\x9f\xfc\xfe\
\x82\x17\x92_dj\xaa\xc2\x8e\xf5\x9fT\xb4c\xe0\xd4\
\xe29\x8b\x7f\xb0/a1\x81M\xfe\x9c}'|\xff\
|\xf8\xe5\x92E\x10\xcb4O\x86\xaa$\xb6\xaau\x8b\
\xdb+\x98:\x0f\xcf\xff\xae\xdc\xc6\xdb!\xd6Q\x9d\x96\
W\xa7\xe7\x97\x06\xb7T\xc4?\xcdU\x9a\xcd\x8b\x9b\xea\
Y0H\xeb\x8aGu^\xfb\xea\xf4\xd2w\xd4*\xf2\
\x86dD\xd7\xefr[\x1ey\xa5x\x0f\x805\x00~\
\xa1\x86\xf4Bf\xd49\x00\xc97\xb5W\xf7\xfffV\
\xda{m\x9b\xab\x9a\xe5\x14\x05\x8ff\xacw\xbc67\
\xc3\xba\x8b1U\xfa\xff\x05-S\x11.yE8\xa7\
7\xc6\x03h\xc6\x98V \x95G\x96;ig\x8d\x0a\
\xcb\x94\x0a\xd25+/\x90\xd9yx\xfevv\xbf\x1d\
\x00\x0e@\x9c!\x14d\xf7I]\xbf\xa0\xf1\xc7\xfd\xba\
\xeb\x86I\xf3\xd2Yy\x81\xf3\x7f\x1b\x96\xf7(\xc4\x02\
\xe4Z\xaf}\xadS l\xa2\x1a\xd8\x22\x15\x11\xac\xda\
\xea6?\xf6V\xc9A\x88\xff\x9b\xf0+\xc4jp\x9f\
\x8c\x01\x1c\xcb=\xdd\xb4\xf2\xddFo\x0d\xba3\xaa\x17\
\x00\x9c\xca\x09l\xfc\xfd\xb0\xe7\xe3\xc9\xf3\xcbw\x01p\
W\xe6&2U&\xa5\xd6y\xd3\xe6\xd6\xdd\x14\x0a\xbc\
\xa2Q\x91G\x88\xe8\x82n|\xe6=\xd39\x88s\xe4\
{\x98\xbaq\x84\xaa\x1b\x16\xe5\xb7Y>3m\xce\xd0\
\xbe\xd1\x8fH`\xfc\x9e\xe9=\xd8\xef\xd9\xc2\xf1\xb8\x96\
\xaa\xc1\xbdAA)P\x189q\x0d\x9d\xf0\xdd&g\
\xf9\xe8\x99e\x07\x01l\x03\xf0\x1b*Y\x1f\xc1\xd2\xd4\
\xd1\x00:\xdc~\x93\xf6\xbe\xd7G'\x0c\xbf\xbb\x9b\xae\
#\xcb\xa4\xda\xca,\xfc\x8e\x82R~\xc3\xe1\xb3\xbem\
\xfbO\xf8\x0a\xbe\xfd\xcd\xe9\xa1\x86t\xea\x0d\x0a*\xab\
\x836\xe18\xdc\xa5T\x90\xc1:5y@*\xe5\xd9\
\xb2\xdf\xb3\xeb\xa9Ye\xc7K\xcc\xbc\x9b\x19\xdd\xbd\xcc\
~T\xcaL\xe6H\xb4\xfe`r\xf2Kc\x07\xc7\x8d\
\xd4i\x88\x12\x00\x86\xbcT\xfc\xde\xaf{\xdc\x9f\xe3Z\
Y\x1fQl\xe1[&\xc6r\xb9\x00\xe0\xf1\x094\xa9\
o\xce\xef\x006A\x5c_p\xae\xba\x11\xc5\x18\xd1\x18\
\xc0\xf5\xfaN\xda;\xc6\x0d\x89\xbd\xbb\xef\xad\xba\x1b\xd3\
\x92\x14\x095y~a\x19_\xb4a\x8f;\xeb\xc3o\
\xac\xe7\xce\x17\x06-,b>\xca\x02\xbc\xb2\x9a\xac\x0a\
eU\x7f-.\xacm\xb5\xb9Q\xb2\xa25\x00\x8c\x7f\
\xb7l\xcb\xb2\xf5\x8e\xd9\x00\x0c\xb5\xb9b\xa8\xce\xd6\xd0\
\x1d\xcd\xf2\x9b\xf5\x1d5&\x8d\x8a\xa4Di\x09\xb7i\
Q\x93\x0e\xfd'\x15}&e_k\xe0\xf6\xfa8\xbd\
1\x0f\x80\xc9p\xcc\x9be8\xe6\xfd\x1d@\xfb\x8em\
\xd57\xf4\xd7\xeb\xda^\xd7R\x15\xdf8E\x19\x15\xa3\
#\x1a\x00\xb09\xa9\xaf\xc4\xcc;N\xe7\x04\xac?m\
u\x15\xe4\x97\x06\xa5\xe9\xd5\x5c\xc6\xfc\xf3,\xd0\xf4\xd6\
\xd4\xf3\xa1\x86t\xbf\xd9\xc9?\x1e\xa3U\xb4\x90\x8e\xed\
?\xe9\xa3,[\x5c\xab\xaf\xa7\xab\xd35t\x8b_N\
\x196\xe6\xc1\xd8\xaf%\x1bq<+p\xb6\xdb\xc8\xfc\
\x11\x10\xd7\x19\x5c\x02\x86\xddM\x9f\xe2)\x06\x15\x9a\x82\
{:\x0d\xcb_\xc2\x8ch\x80\xd9\x0e-\xc4E\x84\xc9\
\x10\xdf\xbf\x94\xca\xbe\xc7\x00\x90\xeaU}\x8c\xf9f\xc6\
t\x13\xcb\x0bY\xe5\x00\xd8=\xf4.J1\xca\xee\xa2\
\xe6\xd6\x0f^x\x0fb\xa1\x83/\x8c\xa3\xf1\x8aZE\
\xe6J6b\xfe7\xd6\x92\xd7?5o\x80\xb8\x86n\
o--|\x17\xea\x1a\x08\x02 \xe9\xbb\xd9is\x86\
\xf4\x8e\x1e'yMg/\x04\xb2;\x0d\xcf\x1b\x16\xea\
}\xd8\xdc\xf4y\x9d\x86,\x942zE\xe5\xfc)\xc3\
q\xef\xe2\xe1o\x94\xae\xc0\x9f\x97\xe6r\x8c\xf1:\xb6\
\xa9en8\xcf\xbc)\x0f\xcb\x01\x05\xe4\xa3\xdf\xee\xa1\
}\x00L\xd0\xaa\xc9\xa3\xd2\xb1S9\x81?\xba\x8e\xc8\
\x1f\x1fj3\xec\x1e:C\xab&oK\xed^\xbb\xd3\
e\x1e\xfaZ\x89\x01\xe2\xaa\xa1_\x98d7\xfcu\xd6\
2/\xa6\xf9\x8a\xd9i\xf3\x1e\xea\x1d\xfd\xa84\xb2\xce\
\xe5\x05r:\x0e\xcb\xfb;\x80\xe3\xd4\x90\xeevx\xe9\
\x04\x8d\x8a\xfc3\xdc=\x0aJ\x83'\x0aM\xfcOg\
s\x03\xbf<\xf5N\xd91\x00\xbe\xcba@\x89\x95o\
\xa9T\xe0n\x95\x92<\xa6U\x93{\xc2\x9d\xb3\xf3\xb0\
\xf7\x8f\xfe\x93\x8a&2\x07\xc2k\xf7\xd0YZV\xf8\
\x0c\x00[\xf6ym\x0fL-\xda\xc7\xbc\xbd\x0d\x10_\
\x03Q[K{\xebm\x0d\x9d\x1a@\xabO^Jy\
c\xdc\x90\xb8\x91\xd2\xf1sy\x81\x9c>\x13\x0b\x1f\xdf\
\xb7\xb4Y\xdb&\xa9\x8a\x8a\x5c\x94\xe1\x98\xd7\xd94U\
\xa9n\xd9X\xa9\xbe$?d\xa3'\xce\xe4\xfa\xbf\xe9\
3\xb1\xe8K\x88+B\xc3\xce+\xfb\x83\x82\xd2\xed\x13\
Fs\x1c\x1e\xd7\xaa\xc9\x1d\xa1\x81k\x90\x17\x84}'\
|\xae\x9e\x9d\xb51\xd2\xb1\x1d\x87\xbc{\xee}\xaeh\
b\xc9o\xad\x1e\x8d\x8f\xe1\xde\x90\x8e\xaf\xdd\xe16?\
\xfaz\x89\xfc\x8d\x09\xa7j\xd1u\xad? d`\xb4\
\xfc\xea\xcd\xd4i\x8f\x0f\xb8\xf8\x16\x1a\x9b\x93\xda\xe3c\
\xb88\xb15\x02\xb6\x1f\xf4\xd8\xef{\xbe\xf8\xa0VM\
r\xfe\xf5z\xca-\xf7t\x8f\xba.9^q\xc9[\
\xcd^YT\xfe\xc6G+l\xcb\x01\x14\x86s!K\
,|\xa7\xc4X\xeehh\x8f\xec.\x1a\x5c\xb3\xc3m\
\x99\xf7o\xeb\xf9sy\x01\xe3\xd2\xb7\xd3n|\xec\xde\
\x98\xceR5\x86\xc5A-\x89\xb1\x5cb\x18\x10$\x97\
\xbb\xb6A\xa8{\xaf)\xd4\xfb\xe0\xf4\xc6\xdc\xa7\xde)\
\x9b\xee\xf6\x09\xfeqC\xe2\xc6\x00\x80\x04\x02\x00\xec\xca\
\xf4\xd9\xef{\xbe\xf8\x00\x80\x9d^\xbf\xb0s\xe4\xf4\xb2\
\x8c\xa48\xae\xeb\xb0\xfe\xb1\xf7\x0e\xed\x1b\xdd\xb5c[\
ur\x5c4\xa7\x04\x80\x16i\xcaA,\x22\xb6\x84\xcb\
\xac:=T\x93\x18+\x0a\x81? \xd0C\xa7}\xee\
\x8c_\x9c%kw\xba\x8d\xe56>\x17\xe2KVN\
\x8e\x9eY\xeaIKT\xbc\xdd\xaf\xbb\xae\x0f\x00$\xc5\
**@X\xb1\xc9i\x1a5\xa3\xf4 \xc4\xd5\xa4\x1b\
+\x8b{\xae\xb5\xa4\x1f\x98\x1a\xb9\xf0\xdc\xfb\xa6\xd9\xd3\
>7\x7f\xc0\xca-\x01\x00K\xd69\xca\xfb=[\xb8\
\x17\x17\x97\xd0\xee\x05\xb0\xd7l\xa7?~\xfa\xa3mF\
\x9f\x89\x85/\xec<\xec=P\x11#\x98\xf8X\x88\x0b\
\xd9\xc3V\x7f\xf8\xfcB\x85\x0d9\x93\x1b\xf0\xf7\x9eP\
t`\xe9:\xc7\xdar\x1b\xff5\x80e\x00~b\xaa\
f\xef\x03S\x8b\x9e\xfbl\x95}\x85\xc3M\xfd\x00\xe0\
\xf6\x0at\xe6\x97\x96\xc2Q3J\x0d\x10\x17U\xfeZ\
\xd7 \xd4\x9bD\xc8\xc1\xe0\xf4\xc6\xbc\xb9\x19\xd6E\xcb\
\xd6;2{v\xd6>PX\xc6'\x19\x8e{\x8bY\
\xa2n'K\xc0y\x98J+`n\xe8\xd9\xeb[\xa9\
\x1e\xaaH\x22:\xf8`\xb5\x83\x88T\xc8=\x85\xb8\x08\
f#K\x14\xda\xf1\xe77\xd6dO\x9eo\x9a\xf1\xe1\
\xb7\xd6\x1dm\x9a\xaa\xee\xca\xca\x0b\xe8\xf2K\x83%,\
-.M*y\xeb\x9a7\xf5\xfe\xbaQ\x06F~q\
9\xbfi\xd56\xd7)\x88\xe54~\x16x\x15\xc9;\
\xcd\x98\x15\x00`.2\xf3\x15\xc9=\x97W\x08\xb0k\
\xc2\xa6\x18LV\xde\xd6\xae\x85X\x14\xa2V\x12\xc2\x98\
_H\x0d\xe9\xa60\xed\xf1rz\xa31\xb7(h\xcf\
-\x0a\x1e\x84\xf8\xc6\x1a\x17\xc4\x055e\xb5\xf8^\xa6\
\x86\xa1\x9aB:\xcf\xb3`\xeb(KC\x1b \xae\x9f\
\xabt\xe4\x05\x83\x17S\xde];h\xe2\x00\x90\xd8(\
\x8e\x0b\xf0 ~^\xa8\xd8\x00\xa0ecU\x9al2\
I*\xfc\x22\xd5\xa8MI*w1i(\xac/\x10\
\xae\x8aD\x84\x8c\xf6 j\xf8G\xb5\x0e7=\xdb8\
Y\xcc*<;4\xae\xfd\xa8A\xb1\x9fhT$\xe0\
\x0b\x08T^\x83\xea\x0b\x084-\x89\xabX0\x92S\
\xc8{Q\xb3U\xa6\x82\x94\xb5\xbd\x1a\xfc\xb8f^\xd2\
>\xff\x1b\xebJ\x8f\x9f\xda\x01@\xa5$$!\x86K\
\xd0iH\xaaFE\x1aiU\x5c#\x8d\x8aH[\x13\
\xa5B\xac\xec& \x98\xbd\xc4\x92\x0b\xb1^\xca\xd5\x90\
\xfbw\xcd\xbc\x1b|\xe9:G)O1b\xe2#q\
\x1f6JT4gI7\xa1\x123-\x98l48\
7\xc3\x92\xb7\xfb\xa8w?S\x81\xe6\x86\xdc\xbfk\xe6\
\xff#X\xee*\x01\xe2\x9b\xef\xbbC,bSU\xe1\
3Q\x96\xf0;\x0cq\x19YqC\xfe\xff\x88k\x06\
\x08Y\xc2/\x9ae`c\xabQ\xad\x02K\xfe\x95#\
\xccb\xc9\x08\x10\x11\x0a\x0bD\xe4\xcf\x9e\x1a\x8a\xb4G\
X\x10\x01\x22B\x11 \x22@D(\x02D\xc3\x07B\
\x9anTG\xd8Q\xef$\xfdSK\x90\x83X~\x08\
\x00]#|\xa9w\xea\xc6>\xb39\x88\xc5\xc0\x000\
\x0b\xb5\x5c4\x15\xa1*I\xc1x\x0e\x00?s\x00\xde\
gi\x80{ V)t\xc75\x94\x0c\xbc\x06I\x05\
q\xe1\xfdf\x00\xbd!f\x86\xe7\x13jH\x07\x00=\
\x93\x8c\xb4\x08\x9f\xea\x95J\x00\x0c\xe4\xf4\xc6\x03\x92\xd7\
d\x00\xd0\x19\xc0|\x88\xf3\xbb\xc1\x08\x8f\xea\x8c\x82\x8c\
\xc7\x1f\x00\xe8\xc8\xe9\x8d\x07\x001\xe9\x17a\xcd\xd5t\
[\xf5\xc6\x08\x13\x22\x14\xa1\x08E(B\x11\x8aP\x84\
\x22\x14\xa1\x08E(B\x11\x8aP\x84\x22T\xabt\xd9\
\xd5}v\x9b\xad\x0b\x00k\x5c||\x0e\xfb.\xff\xb9\
7\xfb\xdc~\x05mi\xcd\xb6+\xbd\xfe\xaaP\x5c|\
\xed\xfc\xf7\x13\x17\x86\xd1\x82\xddf\xdbV\x09\x08\x09\x10\
\x8bz\x13d\x87\x13\x00,\x85\xb8\xb0p\x1b\xdb\x04\x00\
?\xcb\x18[\x15ua\xd7\x9c\x0f\xb9\xbew=\xf0q\
\x01kw\xeb\xab\x0d\xe8\xe5Vq\x8c\x02\x90\x19\x17\x1f\
\x9f)\x03f\x1b\x80!\x00\xa6\xe2\xe2\xca\x9c\xd1\x8c\x91\
\x87\x19\xa3+#\xe9\xfa\x04\x88s\xe6\x04\xe2k\x1dF\
C|c\xe6\xe5\xd2av\xbfp\x0c\x17\x1a\xb2d]\
.\x10#!\xbe\x87B\x22i\xd4\xf7\x81\xb8ZS\xa2\
e\xec\x18\x98\xb4TFC\x18\x083d\x8c\xb7\xb2\xeb\
\xadW\xd0\x9f.\x97y|*\x03>\xe7j\x03Q\xe3\
\xb9if\x1b\xbaH\x0cf\xdf{\x03\xf8\xa8\x92\xd1\x9b\
\xc9\x18:\x85\x9d\x17N\xef\xb7\xba\x02\x89\x1c\xcc\xf6\xd7\
\xc8\xc0\xef\x0d\xa0\x97\xcc\xd6Lc\xfb\x19l\xf0H\xaa\
G~<\x87\xdd\xaf\x15\x1b\x08\xf2\xfb\xcc\x90=+\x81\
=\xeb\xa3pv\xcdn\xb3Mf|\xc9\x01\xb0\x90\x9d\
\xdf+.>~F\x88J\x9f&;oG\x5c|\xfc\
\xb2+\x95\x88\x91\x00V\xc7\xc5\xc7K#u\xb0\xacS\
\x95\x91\xf4[\xafj~\x9fV\x8d\x9e\x96l\xd3\x02\xd6\
\x91\x1c&iKe\xcc\xef-;\xb77\xdb\x12d\x9f\
\x089.\xf5i\xba\xec9\xbd\xd8\xf7\xa5\xacM\x992\
\xd5\xb6-\x8c\x94\x1d\x96\xd45\x93\xe0\xc3\xec\xba\xe9!\
 \x9cg\xd2/\x0d\xc6\x9b\xaeX\x22\xd8\x03G\x87\x11\
\xf7\xaaty\xa6\x8c\x013\xc2\xfc\x9e\xc3\xee\xb9\x94u\
b5;/TUH\xa3\xae\xab\xec\x9e\xb9\x8cA\x19\
L2\x961;\x90)S\x8b`\xfb\xdbX\x1b\xfa\xd4\
\xb0\xaf\x09\x10\xff\x06\x0d\xac=KY\xff\xbb\xc8\x9e\xff\
3\xfbl#\x0dN\xbb\xcd\x96\xc1\xfa\x11\xca\xb7\x04\x00\
\xa3\xe3\xe2\xe3W\xff%\x1ba\xb7\xd9F1Wmu\
Hck\x83${\x92\xc9\x1a}\x9e1XNS\xd8\
yr\xd0?\x0a\x91\xcc\xda\xa4\x8cJ\xbe\x0f\x96\x0d\xac\
\xd6\x00f\xc84\x04\x98\x13\x13:0\xad2\xa9\xfd\xcb\
\xc6zp\x881\xc6e\x1a\xd3\xea\x8c\xe1v\x06F\x1b\
\xd6\x91)2}\xdeE\xa6b\xb6\x85l\xa8\xc6+\xbb\
R\xaa\xaeo\xbd\xaa\xd0\x06\xa1\xd7\xaef\xe7-\xb0\xdb\
l\xdb\xec6[\xef+\x02\xc2n\xb3\xb5f\xfama\
%jgH5^\x11 \xbe\x16\xba\xa6\x80\xf5a\x9d\
\x19\x15\x22y9\x0c0\xf96\xbd\x1a\x1b\xd5\x10\x02>\
k\x5c||W\xa6\x82[\x03\xd8f\xb7\xd9\x16\x5c\x89\
\x8d\x18\xc2b\x87\x9c0\xe2:\x9dI\xcb\xea*$\x09\
U\xfc^\xd9h\xcc\x94\x19\xdfL\xd9\xe7\x8c\x06\xc2\xdf\
#U\xa8\x9b\x84J\x00Y\x06`\x19\x0b\x96\xa7\xd8m\
\xb6\x85r\x9e\xd6D5M\x0e#\x0d`7Y\xcdF\
\xee\xa8J\x8c\xfb(\xa6\xcb/\xc7OO\x081\x8aV\
6\xfaG\xd5\xa2]\xfa\xab\xb4\x9d\xb5k\x1a\xf3\x8a$\
\xed\xd1\xbb\x06\xaar{8\xc0\x945\x88\x1dZW1\
\xa2%q[\xca\xf4f\x86\xcc-\x1c\xc5\x1eZ\xd5(\
\x96|\xeb5\x0c\xac\xd6\x0c\xf8\x04\x16l\xc9\x03\xafm\
\xcc#\x91\xbc\xaa\x04&q\xa3C:\xd9\x9bI\xb1U\
\xd6i\xe9\xf84\x88o?\xce\xbc\xc2\x80Q.\xb5\xa3\
\x99\xe7t\xd8n\xb3-c\xed\x19\x22\xeb\x87\xc4\xc3)\
,VY\xc3\xce\x99\x02 G\xcaNT%\x11\xdbe\
\xa3q2\x80er\xcf T\xff1\x97r\xaa,g\
\xb4\x8d5d\xb4L\xdfW'\xe2\x92\x9f.\xc5\x09]\
C\x02\xc0L\x99g%?7!ddMe\xe7\xfc\
\x1c\x12\xd1/d\x83izH\x0e,3\xe49\xb9\xb2\
\xd1\x1e\xca\xf8\xed\xecw\xb9\x11\xee*\x03Yr\x95\xc3\
I\xbf\xe4h,e\xd7]\xe2F\x93j$b\x0a\x80\
\xed\xa1\xe8\x85\x9c\x83\xffe\x0a\xcd\xbe\xdam\xb6\xf3l\
\xc4\xf7\xb9\x9c\xfb(\xaby\xc8G\x88PU\xb6\xcc\x1a\
&\xdej\x1d\xce\xa6VG\x7f\xf9m\x03\xff\xc3\x12\xb1\
\x80\xd9\x84\xd5\x0c\x90.R\x1a\xe3r\xa5!\x02\xc4_\
#)\xbe\xea\xc5\xa4#l2\xaf\xa6\xf4\xff\x03\x00\xf3\
\xb7r\xcci\x91\xb9q\x00\x00\x00\x00IEND\xae\
B`\x82\
\x00\x008\x8b\
\x89\
PNG\x0d\x0a\x1a\x0a\x00\x00\x00\x0dIHDR\x00\
\x00\x00n\x00\x00\x00\x82\x08\x06\x00\x00\x00\xa7\xdd\xfd\x02\
\x00\x00\x00\x01sRGB\x00\xae\xce\x1c\xe9\x00\x00\x00\
\x04gAMA\x00\x00\xb1\x8f\x0b\xfca\x05\x00\x00\x00\
\x09pHYs\x00\x00\x0e\xc0\x00\x00\x0e\xc0\x01j\xd6\
\x89\x09\x00\x008 IDATx^\xed}\x07\x9c\
\xd5\xc5\xb5\xff\xcc\xfc\xda\xedw\xfb\xb2\x85\xce\x22\xbdK\
\x87u\xa5\xa3Q\x82\x02\x89\xbdk\x8c\xc6\xfcc\xd4\xc4\
\xa7\x221/\x96\xf7\x8c\xdd$\xc6X\xa3Q\xd0H\x0c\
\xd2u\xa5H\x13\xa4\x0a\x82t\xb6\xb0}o\xbf\xbf:\
\xffs\xee\xde\xc5\x05v\xd9\xbd\xcb\x82\xbe\xf7\xf6\xfb\xf9\
\x9c;\xe5\xcc\xfc\xca\x9c\x993g\xcao.iG;\
\xda\xd1\x8ev4\x07\x1aw\x1b\xc5\xfcY\xb3\x04\xff\xb0\
b\x87\x87\xab,\x14qQ\x92\x14g\xd4\xa36\xeeb\
|\xbd?\x0e\xa7]\xe2\xa1\x88~\xda\xf5O\xc4\xd7\xe7\
i$o\x0c\xcd]\xb3\xe1\xb34\x96\xbf\x11`~t\
\xf1\x1a\x0d\xaf\xd50\xbe>|\xe2>\x88\xf8\xbd\x9cj\
\x83gG4\xf5\xfc\x0d\xf9\x80\xfa\xebi\xc4\xad\x95\x90\
E\xd1y\xf3\x88U\xc7i=N*X\xce\x09=\xbe\
|\x80\xa34$\x0fKK!w\xb9\x14k\x00\xc4y\
\xb8\xa5\x0b\x94r\xc2\xadx\xfa\xd8kBf\x06Y \
\x01\xe7\x94\x22\x03\xd2\xd4s\xea\x1cD\x03/^\xbf>\
\x0d\xe6\x89E\xc6\x00!\xfc\x8d\xf9)$\xaaKK0\
-D\xc6\xaeOI,M}*\xbcT\xcc\x13\xbf^\
<\x00\x84AJ,\xcc\x0f^\xccW\x9f\x1aS\xd6\xa5\
\x8b\xc5\xc4\xdc\xef\xc2\xa7\xc7Xp_\xc6\xear\xe1\xf3\
\xd4]\xebd\x9c\x88\xaf\xcf\x06\x89\xa1\x9c\xea<\xa7\xa4\
\x17\x04I3\xb8Y\x1a\xb4\x92Vj\xaa\xf0*Q\x95\
\xa2\x9e\xd3\x97\xaaqvB8q\xbb\xc2\xd7\xf3m=\
\xbb\x05\xc6+\xdc\xbc\xdb.F\xa6p\xc14\x0d\xdd\xaa\
\xe1\x86\x05UL\x86\x14\xf8\x0c\x06>\x16\xb8\xdf\xbd\xdc\
w\xbf\x00\xf0\xd4\xbf\xfc\x898\x22\xc4\xe3\xccX\xde\xfa\
\xc2C)\xd0\xd8\x8f\x00q\xc0\x8b\xa7\xab\xcb\x87a`\
\x01\x0f\xfd\x0cx\x1c\xdcX\x98\x22\x0f\xcaI\xa0D\x84\
\xb0\x09y\x85X:H\x09\x99\xf1*&$\xb1\xe0F\
P\xf0\x90\xd28\xf14\xf8[\xf7,\x88z\xdf\xa9\xbc\
\xef\x9e\xa2\xae:\xd5\xe1\x84\xef\xbb(@\xac^A\xd4\
I\x911`\x8c\x15\x93|\xac\xc0b\x80J\xcbDQ\
rsj\xba-\xaaDtb{#\xaa\x0a/f_\
t\xe9>J\xe7%\xd4\x0acw|}ng\xdb\xc4\
\x89\xe9\xb7{\x88\xef\xd7\xb2\xa4u\x88\xea\xd2\xc6\xb0\xe1\
x\xbf\xc6\xaf|\x1b\xf0\x87\xa3\x84\x88\xb1\xc4\xf5N\x0c\
 \xc3\x93\xc2\x88F\xe2\x04\x8br\x13K\xb0>\x1e\xd3\
\xd4\x03\xe2DQ$\x5c\xc3\x22\x87\x82\x8f\xa7\xe3\x90\x07\
\xc3\x94q*\xc0\x8b\xbb\xdc.\x12\x0d\x04\x89\xcd.\x12\
\xd1\x06\x09\xe0\x1a\x90\x8d\xa4\xb9D\x125\xa2\xe0\xb7\x81\
\xb08\xb4=\xb8\x0e0\xa2Q\x83\x84B:\x0d\x82\x8b\
\xd7\x8a]\x17\xf2\xe0\xb5\xf0\xfa\xb10\xc2\xc0\x07\x88?\
\xd0\x89g\xc7\x9f\x06\x0fy\x22\xbe\x09\xd4\xf3O\xc9\x0f\
O\x1a{&A\xa0\xbc\x9e%1\x81u\xc8\x22\x99D\
\xaf\x1ah\x93\x95\xabe1\xdc\xc1\xe0\xd2g\xb5\x9a\xed\
\xd7\x1d\xf3w\xeej\xacE7\x85\xd8\x0b\xec]>t\
z\xba3\xf8\x82\xc8\xc2]5\x9a\xf5Nuu\xe8Q\
\xff1\xdb\xd1a\xb7o\xd1c\xa9\xda\xd1f@\xd5\xfa\
\xf9K}\x9c\x9d.p\xf4NqY\xcf\xc9\x96\x7fX\
\x94y\xdf\x0dq\xe9W\x9dFo\xa8\x8e'k\x1e\xfb\
\x16O\xf5T\xae\xb9\xf0\xed\xd0\xda\x9ef\xc9\xaa\xfe\xff\
<T\x98\xdf\xb0\xdbo\xc79\x02\x0ap\xd7\xb2\x0b\x07\
Ul\xe8s8\xf0E\xcf\xd0\xb7K\x86L\x99;\x17\
z\x85\x16\x821\xa1\xb2\x93\xc0j'\x84\xa9\xbd\xb8\xa2\
F\xf9m\xd7\x82U-\xb4\xd1\xdaq6@\xb5\x18=\
l}\xadE\xe5WDN\xa4$\xa7p\xe3\xac\xbe}\
\xce\xa4\x94O\x02\x8b\x86\xd5\x01\x22W2-\x83\xcd\xe7\
\xf6\xe4\xa2x|;\xce\x03\xb0+2%i\xad!\x90\
\xa3\xb2`\x5cR\x11\x0a\xa5\xc4Y\xcd\x82)v\xda\x1b\
zu.\xeb\xca\x17\x1f\xad[\x11\x89\xc7\xb7\xe3<A\
$\xe9G\x88)\x1f\xa7,j\xaf\xf5k9\xf1\xe8f\
\xc1\x083\xb2)\xb3\x0c*\x93\xc8\xa3\x8f\xb6\xdc\xaai\
G\xdb@\xb2y`\xb8\xc5\x0c\x06\xa3\x9d\x8b\xc7\x0c\x93\
\xe2\xd1\xcd\x82\xc1\x18\x9a\xc5\x06\xb1\xcaw\xe3\x8dv\x9c\
GD\x1cu.\x8dR\xc9\xd1`\xe0\xd8\x0c\xc0\x8a\x01\
\xd152\x80l\xc7\xf9\x83@\x94\xd8o\x8b-\x13\x00\
\x13t!\xd6\xe0\xda\xf1\xfd \x0cd\x12\x15\x9a\x8e\x09\
z\xb3.\xae%\x005\x89\x0d\xee\x7fd\x8b\xc3\x87n\
\x8a\xfe\xe7\x01\xdaN\x83\xf9\x9afA\x8f-\x1b\xf8\xb7\
d\xa7v\xb5\xca\xbc3RFmX\x96\xc8\xb4\xcb\xf9\
D~>\x11\xaf\x1c\x95\xed\x9d4\xb5\xefpY\xb6\xfa\
9\x98\x90\x1b\x0aY\x19\xc4\xe4^\x81IP\x01M\xce\
\x0dS\xb5\xb9\x85r\x93\x1b\x15\x06\x15\x0f\x96Uk[\
\xe6\xbf\xf7\xcd\xb7\xae\xeee\x91\xb6\x98\x91?\x178\xb2\
\xf6\xa6\xecT\xb2\xf9]\xca\xfd\xe3i\x87~c\x1cy\
\x8b\xd6\xc7Yg\xc4w\x82\xb3@p\xe3~\x18\x82\xe3\
\xf3g\x09_\x93r\xbb\xe8!\xb9\xa2\x18\x1adQz\
y\x8a\x9d^(\x10\xb5\xa3\xc8\x03\xa2@4P\x12\xd0\
\xb0\x98\x80\xb3\xd68\x9b\x8cB\xa1\x9c2\x86\xab\x18\x16\
1(NMs\xc1\xc95]\xd1\xb9i\xffF\xb7\xd8\
\xbf\xfdQ\xa3P\x16\xe9n\xa9\x8a\xfa;\xee\x9e\xa2\xd2\
y\x89M\xec\x9e\x0b\xd4\x0bN\x14\xfc\xf9VR\x9f1\
\x8e\xde\x8b\xd7\xc5Yg\xc4\x0fIp\xb4\xf0\xf5\x81\xde\
\x1e=\x94^\x22\xb1\x86Z\xba5\xd9#\x07\xf3AH\
\x1e\x220\xd3\x22r\x84[\xacD5\x8crAdA\
IQ|\x06'a\xc6\xadZ\x81ZA\x90\xa2d\x98\
f\x92(\x8a\x0ejP\x97nX\x1e5\x1a\xf6\xd8\x1d\
b:4\xc5L\xe8\xc9\xed\x16\xc8\xd2\xb2\xec%\xe10\
\xff\x1c\x1a\xe9J\x83w\xd8\xb4}\x07;4\xfd\x9e\xd6\
-\xad\xb4\x05\x8el\x01\xc1E\xb6\xbe+\x095\xf9f\
\xeb\x04\xe7\x02\xc1}\xf9\xbd\x08n\xf3\xc7C\x1d\xb9\x0e\
6\x05Z\xd7LE\xb2F\x0b\xc4\xe8\x84K\x7f:\x91\
\x0eR\xe6\xd8\x10\x0a\xa9[\x99\xc3^\xack\xb6\xc3\x87\
J\xab\x8e'\xe7v\x09\xb2dG\xa8_\xbf\x05\xd8-\
\xe0\xf3\x22\xc5\xfa\xb6\xb9s\x09\xbd\xedG\xb7\xd9\x02%\
{\x1d\xc7*J<C\xfa\xe7v\x08\x85\x83]D\x12\
\xc9S\x18\x1d#\x12\xbd/\x13\x8d,x\xcf\xa8e\xd8\
v\xa9\xa6\xb8\xb6\xc8'|X[\xed\xdaRp\xe3\xaa\
(^\xe3|\xa2^p\x22\x08.\xb1\x16\xb7t\xf0\xab\
\xc9.\xf5\x1a\xd5r\x9ew\xc1\xe1\xa4\xeau\x05\x13\x86\
\xda\xad\xb2\x87\x92$u\x04aZ*gv\xcdg\xca\
\xeb\x22a\xf1}\xc5\xc1\xd6\x10)\xb7\xf2\x93\xbf\x1d\xf3\
\xdf\xfe\xcaY\xadT\xd0u\xef\x8f\xb4\xa5\xa6:R\x04\
\xab\x22\x85S\xefEI6\xffO\x1cbx\x181\x19\
\xd1Mz<\xc2\xd9\x97\xb5j\x87\xc7\xdf[W\xb8\xf5\
|\xf6\x87\xad\x15\x5c|6\xfa\xfc\xab\xfa'\xefKu\
\xff|\xe2\xa8'\xb2\xa4\xe3\x8bA%^\x0aC\xcf\xe4\
\x1a5ey\x91?}\x1a\x0d\x91\x19G%\xf7\x1b\xb9\
c7\xef\xcd\x1d\xb1\xb0\xea,\x85\x86\xe0\xa3\xe7l\x88\
\x5c0\xf1\xb3\xe2\x1e\x93w\xee,\x12\x85?\x95\x85\x1c\
?\xaa6Rn\xd5E\xd7\x01I6r\xbdrdF\
\xb6\xa7\xf2\xc3[\xa6\x15\x5c\xbdk\xd7,\x5c9>?\
\x88M2&n\x083\xc8\x02-\xec\xfcY\xd0\x85\x85\
\xf9\xe2\xc1eCF\xdc|Y\xc7\x85.\xa1\xf2\xff\x11\
\xae9-\xbb\xb4\xb5\x86e\x5c\xbb|U\xf5\x15\x17L\
Y\xb3:k\xca\x8ePA\xc1\xaaD\xac\xe3\x84\x80\xd7\
\xee7uCu\xc7q\x9b\xde\xda\xba\xd9=\xbc\xca\xe8\
~\xbff&\xef\x91H03\x89\x1e\xfa[J\xd5\x9e\
\x17\xb7\xfds@\xcf\xf9`$\xc5\xb3\x9cs$*\x01\
\x866\xd8\xf9R\x8e\x85\xaf\xe7'\xf54\x03w%)\
\xe1w\xed,2\xde\x14\x84\x0da[\xf2\x83\xfb\xcb\x06\
N\xcb\x1d\xfd\xc5\xfc\x1b\xe7\x1d9\xef}L\xc1]\xab\
\x82\x9d\xc6-\x7f\xfa\xdb`\xc6\xe4 I\xfa=\xd5\x1d\
\x87\xbc\xa2zs\x874\xfd\xe3\xb1\x1d\x0e\xdf\xb6v\xe1\
hw<\xe9\xb9\x81\x1d\x7f\xea\xb6@$\x02lq\x80\
s/\xb9\xaf\x97\x8f\xcf\x1b\x98\x17\xfcK\x92\xbd\xf6\xf7\
\x8a\xac\xa5\x85\x88\xedO\xd5A\xf7\x1d\xa9\x81i/\x0e\
\x99\xfeAE<\xd9\xf7\x86\x0b\xa7-+\x0dE=O\
WD]wDM\xe7J\xa7ht\xf7\xc8\xfe\xc7;\
\xa5\x84~\x0b\xc6SZ<\xd9\x0f\x06\xd0\xe2\xce\xbd\x9e\
\xdc\xf6\xefQ\xfd\xd2\x95\xc0\xcb\x0a\xab\x9aip'\xaf\
US\x1f\x0fi\xe4\x91N\x17\x7f\xb9\x9b\x16\xccKX\
%\xe2\xea\xf1m\xb7\x0d\x956\x7f|\xa9c\xf3\xfc\xa1\
\xde5/\xf7O\x86\xa1D\xd2\xae\xc2|\xd7\xdc\xb9}\
\xe4\xb9s\xe7\xb6x%\xb9!\xba\x16\xac\x8av\x990\
mU\xa5\x96rSP\xeb\xf0\x02\xb5\x88=U\xd4\xee\
\xca\xf1\x18\x0f\x1c\xfah\xe0\x0fjg\x00X\x95\x03\xff\
\x9a\xec\xd2\xae=W\xc3\x81-\x0bGgwH\xae\xfe\
s\x8a\xa8M\xd7)\x09\x9bb\x9f{\x0el-\xfd{\
\x22\xfbY8\x9f\xcb\x16<\xba@td\xea\xb9y\x9d\
\x92G(6:1\xc9k\x8c\x90\xb8\xe94\xd5\xb0\xc2\
,\xce\x0c\x0a?\xa2d\x18\x92;\x14\x09\xbb\xf7V\xf8\
\x02K8\x936\xa85\xe5\x07G\x5c38D\xc8\x02\
\x18\xc7\xb7\xfc\xdd\xf8\xe6\xa1Rq@\xb8\xc7k\xf7=\
F5\x93UES\x9e\xdaP\xc3\xfe0\x07\x8c\x9cx\
\x926A\xab\xc7qE\xcb\x06\xbd\x92\xe4\x88^\xa7r\
w\x9b\x0b\xee\x9b\xc2\xfc4\x8fP\xfb\xb8W\x0c\xdfH\
\x98\xb0_\x952\xeeO\x1e\xb2\xfa\xdf-\xb9\x07\x1a\x06\
}\x1c\x87\xd3=\xb2~\x81(\xf1\xc9`\xe6\x8d\x95\x1d\
\xfa\x08f\xa82\xb3\xa8\xc1$n\x10j\x19\x86)F\
\x0c3\xb6\xd1\x8f\x88\x02W\xa8h(\x10+p\xc2D\
J\x15`\x88%\x06\xa7+\xa9\xe0Z\x1a\x08\x93-\x5c\
\xa6E\x9dFo\xc0\xbe\xb4\xd9g\xd85\xbf\x8f\x9c\xd6\
I\xb8\xd3M\xa2\x0f\x9a\x06I\x0a\x10\xe7\x93!\x7f\x87\
\xff\xea9}\xa9?\x9e\xe4\xacq\x16\xe3\xb8s\xd3\xe2\
V\xbf?6}@\xae\xf6\x94\xc4\xca\xae\xb1\xa8\xb2%\
*$\xfd6mX\xe7\xd5\x94.\xa8\xdb4y\x06\xec\
*\x9c\xde!U.\xbfB\xe1\x81K\x15b\x8cb\x84\
yLQ\x08\xaa\x06\xd9\xc7My\x8b\xc9\xb5\x83.\xaf\
Yk\x09J\xa8\xb6\xdaY\xe5\x8bJ\x5c\x14T\x92\x93\
L\xdd\xb2\xa0&\x05\x02:\xce\x9cd;\xec\xf2 ]\
\x8b\xe6\xd9%\xab#\xe5\xc4\xd0,\xb2\x97KtMy\
E\xd2J+9ke\xef\xb1\x1f\x07\xea\xee\xd84\x0a\
\xe7\xe7\xbb\xfagDovHU\x0fYL\xf7F\xcd\
\xa4\xe7+\x88s^\xef\xb1\xeb\x9a\xcd\xdb\x12\xb4~\xe6\
\xe4\x1c\x08\xee\xe3\xb9C\x1d\xa3&\xd9\x9f\xb7\xb3\x92k\
\x09\x95\x8f\x07\xac\xe4;\x8b\x15m\xf9\xb0agV\x8f\
\xcf\xddM\x949W\x8d\x9e\xa5\x18\x81;\x14\x1a\xe9G\
\x19w\x99T\xd9\x1f\xe5\xca\x22\x95\xb2eQ\x9d\x1d\xf1\
W9\xcak\xb7\x91`\xc1\xbcUu;c\x1b\xc1\xfc\
YD\xf0\xfeh\x80\xad_\x9f\x8c\xd4`\x95/\xc5n\
S\x87\xda\x19\xbd\xd2&\x04\xc71A\xb3\x99\x86Tf\
0\xd7\xaaZ\xc3\xfd\xe4\x9b\xe3\xbe\xd89\xaf\x99\x81l\
Y\xe1,W\x94\xef\xbe'U\xd6\x1e\x16\x04\x1e\x09\x98\
\xc9\xf7\x7f\xbd\xc2\xf1:<\xc3Y\x0fYZ+\xb8\xd8\
Bj[\x02gC.,\x90oq\xd2cWr\x06\
}C\xd0\xf3\xe7\x96\x08m\xed\xbb\xa3\xb3\x7f2g\xec\
K\x1eR\xfa\x82\x8d\x06F\x13\x85\x9ba\x96\xfa\x87@\
4}j\x98(\x0f\xbf\xb2t\xcb\xa7\xdd\xc7\x7f\xb9o\
\xf0\x8fW\xd5\xc6\x0b\xac\xc9\x0a6{\x011\xa7\x5c\xb7\
#\x943l\xe5\xd1\x0b\xa6|\xb9\xad\xa3\x95\xfcf\xd0\
 ?\xdd}\xd4{E\xc4L\xf9\x82\x094\xc3\xcek\
ge\x08\x81\xf7\xae[9|&\xaa\xc4x\xd6F\x91\
Y\xb0 X\x11\xac~\xa6\xb8\xd6\xf1\x1a\xaeF\xd8Y\
\xf0\xb6\x1e\x13Y_`\x9d\xbf\x01\xf0)`m\xd9\xa7\
!n\x9d<~\xa0C\x0e\xdc\xc4\x89\xe06\xa4\xf4e\
\x07E\xfb3g\x12\x1aZ\x88\x07?\x1d\xd5\xb9W\xd7\
\xe8\x9f\xdd\xac\xe2znYR\xd8\xe5\xf9\xb4\x94\xa5\x15\
|\xfa\xf4\xa6yY\x05\xab\x0eC\x9ftV\xcb2\x14\
\x06\xdc]\x0b\xb6\xd7\x8e\xf8\xc9W\xcb?+\xda>\xa9\
H\xedre\xc0t\xef\x11\xad\xda\xeeY\x8e\xb27]\
\x19\xf2o\x0e\xac\x18\xea\x8d'o\x14\xc3.+\x0do\
?\xac\xdf_\xc3\x9c\x1b\x18\x8d\x0e\x96y\xf9\xb5\xfb\x16\
\x0fo\xb31^\xa2B`\xb1M\xf6\x90\xed\xc4\xb6\xec\
\xb3@\xc5\xda\xd1n\x07\xab\xbeS\x22\xa1>a\xd3\xfe\
EQ\x85\xfdg\x05`b\xc7\xd9\xa7\x01gQ\x0e\xac\
\x1eU\xe0\x95k\x168x\xf5\xd4(5\xb6F\x94\x8c\
\xbb\x0e\x1d\x95.\xef>t\xe3\x0el9\xf1\xa4m\x05\
>{6\xd1z\xe5\x7f\xfa\xaf\xe2\xa0x\x99\x9f\xb8\xff\
\xc2\xa9\x1cL\xb5\x07\x1eI\xb2k\xaf\x95\xac\x9f\xd8\x1b\
+R<\xedi\x98}\xd7\xee`H\x17\xef2\x88|\
\xd8\xcd\xc8\x9d\x1e\xb7\xed\xd2\xb6\x9a]\xb1\xac\xc4d\xd7\
\xa6zR\xe3\xe2H\x99\xea3\x0d\x22\x95\x84U\xdb\x83\
\xfd\xa6\xacir\x9ff\xe1\xdc|1\xcfn\x5c\x97\x22\
\xd5\xbc\xe2`\xea`\x22H\x8b\x8f\x87\xc8\x1d\x9f\x1d\xec\
\xf2\xf6\xb0\xcb\xb6\xe0\x8a\xfe9\xc5\xe0i\xdb\x0f\xef\xad\
e\x8fT\xab\x9e\xfb\x0c\xd5Q\xe2`\xc1\xcbm\xbc\xec\
\xd9\xa2\xb5c\x06\x00\xbbI\xe1\xa9e\xd1]Q\xdd\xf6\
\x0agQ\xd3!\xd5\xcc\x1b\x98\x11\xea\x19g\x9d\x15\x84\
\xfaocZ\x88\xb8\xe0\xce^UC\xdf&*B\xd5\
/\x09U=\x06q\xbd&&\x93\xaf\x9aR\xc3\xd8\x0f\
\xe6M\x0c\xcc\xf4\x9aU\x0f;,\xbd\xab\xa9$\x7f\xa1\
\xd93\x7f\xd5{\xcd\x81m\xb3g7ou\xd6\xe3\xfd\
\xbfNN9\xb2sN\xf7\xda}\xb7v/\x03Bw\
\xed\xda\xcbZ\xac\xbe\xc6]\xba\xb3f}y\xe4\xbd\x22\
\x9f|\x9dJ\x93\x8a\x15\x1e,\x10\x8d\xea\x87\xf7}8\
\xbc\xc9\xfd\x8d\xfdf\xef\xd6*\xc2\xf6\x7fj\xba}\x1b\
\xb5B\xddR\xed\x15\x8f\xa0\xe6\x88\xb3[\x0d\xd4{\x89\
 &8\xe8W\xceZr\xd7\x8e\x9f4\xdeN\xd4\xc9\
D\xf7\xec\xd1\xad\xd4\x8fs\x865\xddjn\xbddX\
\x9e\x22\x04\x7f)\x9b\xd1\xce\xaa\xa0\xec\x0e\x99\xc2O\xbc\
\xfd\xd7\x1e\xa2\x09\xf4c\x85\xcf\x0cL\xba\xb8ots\
Rh\xf3V\xa9\xf2\xf3\xad\xce\xca\xc2\xadB\xe5\x9a\xad\
]\x85\xb2\x8fpF%\x9e\xacY\xcc\x06A|\xb0y\
\xcb\xea\xb2\x88w\xb6\xc6\xa4\x1a\xaf\xa2_n\xf7\x18w\
\xe0gg\xf1$\xa7a\xc1\xfa\x0d\x07\xa3R\xd6\xbf\x05\
\xc1\x08+Z\xd5\xe59\x86\xd8?\xcej%\xcc\x84\x9b\
\x0e\xa3\x0c\x86\xb3\x94\xf2\xd8'H\xad\x04N\xc4&\xc9\
5O1S\xe3!\xcd\x5c\xf8\xde\x96C{\xe2\xac\xd3\
pt\xddH\xbb\x87Gow\x10kDTr|\x1d\
\xb6w\xfdi\xe6\x88/\x8f'j$\xf5\x1a\x915\xc9\
\xc1\x0fv\x92tC6L\xd3OI4b\xd3U\x97\
\x87W\x0e\x0a\x98e\x09\xa9/4|z\x16\xe4\x7fi\
0\xf9WP\x8dCIN\xdf/\xb3\xb3\xcb\xa6\xa1f\
\x88'9\x09\x98\xfe\xb3m{\xff\xaa\xab\x99\xdf\x82\xf0\
l\xc9\x8e\xd0\x03\xfc\xacZ\x1d~\xff\x97\x18\xe0\xc1\xce\
\xd4\x1d\xb7\x0c]\xd3\x84\xcb\xec\xb4\xba\x0f\x97\xa4rU\
\xb1\xff\xfb\x9e{\xf67\xb5\x15\x80\xda\x985\x83\x99\xea\
-p\xd3\xfd~\xcbuO\x87\x81\xc3v\xc7y\xa7\x01\
\xe7\x1e\x8b\xd7\x8d\xffq\xc9\x97\xc3\xaf+\xdb8\xbdC\
<\x9a\xec\x81\x8ab\xf0\xc00\x812j2ekX\
\xe81\xb3R\xefq\x9b)\xb1\xb0\xc0\xb9\xdc3\xc3\xd1\
\xbb\xe1\x9a\xda\x96\x7f\x0d\xeeqt\xcd\xf0\x9b\xf6\x7f>\
\xbe\x7fS\xc6\x04~Xx\xc4\xaf,\x0a\x98)\xaf\x09\
\xdc\xa2\x99.\xfe\xfc\xb5\xf9c\x07\xc7\xd9\xa7\xe1\xea;\
\x8f\xd6\x04u\xf2\xdfPt\x1at\x11#\x8f\x12}P\
\x9c\xd5*\xa0\x08\x0c#\xa1\x0d\xb1u\xdf\x07\xb7\xd64\
\x9a\xffb\x1f\x97\x8d\x04o\x81\x0b\xd9`\x10\xbffC\
\xf1\xe6\xedq\xd6i\xd8\xb1hlW\x87\xa5\xfe\x9eP\
\x9d\x86\xa9\x02\x16\x1d[\xdf\xd4\x97\x98\xfb\x16OUR\
I\xd5\x8d.Z\xf1\x82\xc7\xa8}^6\x8e\xbc\xb6\x7f\
M\xc1\xd0oV\x8c\x98\x93\xd1\xa1\xe6\xf5TVy5\
>\xba&\xc8\xc5[k\xd9\xf6\xa3\x01c\xb5&(\xe5\
\x02\xd1\x1cI\xac\xf8\xc1\xcc\xdacO\x1d\xfc\xb4`\xe0\
\xfa\x0f\xc7O\xea\x9e\xa6\xbf\x9e*\xf8\x9f\xf5J\xd5/\
w\x15\xbe\x19\xd8TU\x1d6i\x8b\xaf,\xeayQ\
\xb5\x9c\xdblT\xcdNv\x05\xff\xb0\xec\xad\x01\xce8\
\xfb4\x84\x9ct\x91_\xb5m\x17,3\xd3n\x8b\x8c\
G\x83+\xceJ\x10\x89\x1b\xcf\x8c@\x15\x8d\xfb[\x85\
a\xfdS\x87\xc8b\xa0'n\xb6\x0aZ\xce\x0f\xd0\xdc\
\x8e\xb3N\x02\x16Vv\x16\xbdW\xe0\xfe.\xa0\x9bw\
XB\xe6B\x1c\x9f\xc5\xd9\xa7\xc1 U\xd3\x1d\x8a\xf1\
\x90\xc4\xd5,\x9bI\xbc6\x16\x99\x9c*V}\x94k\
\xab~\xc9e\x9a3\xb8ef\x05\xa9\xf3`X\xcf\xfc\
x\xfa\xf4\xa5j\xe9\x9bk\xfd\xc7\xd5\x8c\x0f\x02\x96X\
\xcd,\xa3\xaf[8vG\xaa\xadh\xd1\x05\xe9\x95o\
\xcb<<\x86s\xd5\xe5$\xa1Qy\xa9\xd2[[\x97\
\xc5,\xc7F\xd1\x7f\xe2\xa7\x87j\x22\xeeg5\x22\x85\
\x14\xabvT\xafn\xaeK\xe3\xac\xd3\xd0s\xe4&\x7f\
\xd0\xcc|\x8br\xaeP-4L\xe8\xe3K\x8e\xb3Z\
\x01JD\xb1\xe5\xdd\x15\xc3\xefu1uk\x06L(\
\x0c\xb7#:J$\xa6G\x15\xcc\x8a\x9d[<+\xe2\
\xac\xd3\xf0\xf5\x92\xe1\xbd\x99^v\x05\xb3\x98\x11\xb2\xdc\
\x8b2/\xfc\xf4P\x9cu\x1a\xf6,\x1a]\xd0\xd9\x1d\
|M\xe1ZR\xd0\xb2\xfd\xf9\xa0\xdf\xf3\xb4iQ\xd5\
\xa1\xd7\xe60F\xc5*\xe2\xfa\xe0\xa0\xbf\xcb\xf4\x9d\xfb\
\xc2\xfdr\xc7\x8e\xfd;\xe6\xc11_\xde\xf1\xf4\xdf\xee\
+q\xf4*\xe3\xd9\xf7Dh\xd2>\x89[\x19.\xe6\
\xcf0\xb8p\xb4\x5c\xcd\x9a\x17%\xb6\xfd\xb2\x5c\xd1\xa7\
\x93\xb3\xea\xa3\xdd\xcb&\xf5\x8b\xdd\xec\x14`_\xbb\xeb\
P\xea'*M\xfeJ2\xb9C\xa1\xd5S?\xfe\xcb\
\xd0&\x8d\x1d\xbb\xcc\xe7\x83\x82\x0b(\x8c\x8d\xea\x91\xe3\
\xe8\x1c\x8f>\xe7\x00\x93\xa4\xfe\x8c\x80\xc4\xf1\xcd\xbfF\
\xbb\x143\x00\xb5\x99;5\x92\xb9p\xfa=\x8d\xcf\x9a\
\xe3>\xc9\x9c$~\x9b\xcdR\x93\x0dI8\x16P\xb3\
\xdfn\xca\x18\xd9ZxyRN\xba\xfe\x86D\xd5\xa4\
\x08\xe7\x9f\x058y\xf2\x9d\x8d\x9b\xef/\xa7\xddn\xf0\
\x099o\x97\xfa\xd2/\xdd\xab\xb9\xaf\xe9?m\xe5\xb2\
\x82\x1b\x8fD\x1b\xaaZ\x0aC\x89\xd1svWw\x19\
\xbb\xee\x85/\x0e$\xe7\x97\x99\xe9\x0f\x04m9\x1f\x04\
H\xe7k\xba\x16\xac\xfb]MX~\x8ck\xceZ'\
\x0dtI\xf1\x04\x1f\xc1!L<\xebI\xb8\xec\xf6E\
\xe1 s\xffV\xe5\xf6\xa8K\xb0\xc6\x0e\x1d`\x1b\x12\
g\x9d\x86\xbd\xa6P\xa31\xef\x0e\x81\xe9\xd9\x86\x1a\xe8\
\xd9Zui&:\x00\xe7\xd0\xd1`\x96\xd6\xcc\x9c\xa4\
t2\xba\x89\xa6\xd5\xc9\xb0D\xb5\xa8\x92\xbc\x11\x8f>\
\x0d\xbb\x93\x8ev\x03\xd3\x7f,\xe1L\x0a\xf3\x9c\xbf\xe7\
]\xb4\xb48\xce:\x0d\x1d\x92\xdd\xba\xcfg\xac\xd0\xa8\
eIT\xec&[\xae\x1e}\xfb\xce\xa2\xddF\xafX\
\xf0\xd2r\xf9\x96\xee\xd3\xbfX\xdb\x92\xfd(\x97^\xbd\
\xb6\xa6k\xfe\x86g\x9f\xfb\xf7\xc6\xabr\xc6\xad\x5c\xbb\
\xf3\x93K\x92<6u\x04h@\xbb!\xd8\xa3~\xbf\
\xf59$k\xb2\xd2.\xdfV\xbb\xb9VM]\xc2\xa9\
\x99#\x99Z\xaf\xa6\xc6j\xf0,f(B\xde\x85&\
 \xd9\x1d\xb4\xa0\xdf$=\xb6\x19!Q0\x96X\xf9\
3\x81R\x13t^\xc2BC\xb8\x88\x96\xc7\x98\xd9\x89\
Hr\xb5\x22\x87\xf6\xc6\xa3OC\x86\xcb\xbaP\xa0Z\
'\x83\xcb\xbe\xc35\xa4\xc9\xd6\x86\xc8\x1a\xf4\xf7PQ\
\xa5\xfe\x1fa\xd3\xbb\x90q\xbd\x87(\x90\x9f\xf7\xf1\xf8\
b\xf3\x88\xf3\x1a\xcc\xc6\xcf\x9a5K(|{x\xee\
\xfe\xcf\xc7\x5c\xb5{\xf1\xa8'\xf7\xaf\x1a\xf7\xd0\x815\
\xe3'\x81ZK\x83\x8b\x9fx\x1f0\xdd1\x0f\xf5\xba\
\xc2\xe3\x14f^\x01<\xd9\xcf\x93\x9e.\xf6\x05\xde:\
\xd3\xfc\xe7\xed\xb7o\xd1\xfd*\x9d[\x1a\xf6\xbc\x5c\x1a\
\x15\xbe\xba\xe8\xa2\xd8jDc\xe0Q\x9d~i\x10\xd9\
\x07w\x1a\xae[\xe1&\xc7\x7fm\x89\xbaq\x0a\xbef\
\x82f%\xaeJ\x87\x83\xd1\x0c\xd34\x9d\x86\xe1\xd9\xe5\
T\xd2\x1b\x1dp\xef\x9a?K\x96\x042\xc8\x12\xd4d\
nso\x1b6-\xedp\x9c\xd5$F]\xb5\xabL\
'\xec\x00\xe5\xb8\xa3\x5c/\x12\x5c`x7\xc0\xc6E\
\xb3:\xfc\xd7\x9d\xc5\xcf\x0f\xee\x19\xdc\xd0\xc1V\xf2J\
gw\xd9/;HG\x1f\xca\x90\x8a>\x1c7\xc0X\
[\xbcf\xd2u\xa7l\xb1\xe3\x11A\xa8\x86\x92\x0fI\
T\xe1<b;X0{w0\xcek\x12}\xa7\xad\
\xdd#\x11\xcfC{\xab;n?Se\xfb\xa6\xc2y\
\xe0\x9b\xb2\x8c\xc7\xbe\xad\xcc\xf8x\xe3\x01o\x8bW\xf6\
\xcf\x06`\x9c\x80\xaa\x04$:\x1c\xd8\xf2\xca\x22\x81Z\
B2\x11\x04!\x18\x8e\xae\xeb\xd2\xc4\xc7&\xd1\xe4\x83\
v#\xea\xcb\x01\xcb]\xd0\xa9\xfbS\xdcB\x10g5\
\x89\xf7\x9f\xeb\x91ns\x04\xaf%\x12+U(]\xd8\
k\xcc\xbaX!\xa31\xb4c\xe1\x85\xc3\xba\xa7\xee\xf8\
\xb8\x83\xad\xecv\x9b\x1aM\xb6LGy\x98+{\x0d\
K\xda\xcf-\x16tX\xe5]\x93\xe5\xa3/\xa6\xf8\x0f\
\xfcfs\x83\x19\xffO6\x05\xb7\xa8\x9aw\x1d\xb78\
\xb7\xc9\x81\xbb\x17/\xee\x81\x1f\xa5\x9d\x11(,\xdc\x87\
\xd2\xdc4\x1c\xaa\xe5\xe13>\x7ff\xd4\x8c\x95\x8f\xfc\
\xf8\xc6U\xb58pO\xac\xafK|0\xc6L0\xb9\
ZcV\x0e\x19\x91\x22+N\xd2\x9dQ&\x84M\xe3\
\x00\xb9hU\xa3\x02\xe9\xe2\x16\xdcv\x91e\x1b\x5c1\
\x0e\x1d\xad\xfcWS5\x17\xa7\xa9\xf6.\x9a\xd0m\xcd\
[y\x03\xf3\x87x\xee\xb0\x85Yf\xc4\x94\xd7VX\
\x8e\x13\x07\xb7\xec_6,77%\xfa\x9fv\xae\x0d\
\x0e\x13yc\xc0\x9e\xf5\xab\x7f\xaf\xd7\x87\x17\x1e\xef7\
l\xeb\xb79\xc3\xb6\xeeO\x19\x13\x94\xf3\x9e\xd6u\xb3\
\xdaM|\xf7g\xdb\x85\x9b\xe6\xc7\xd7\xda\xee\xbdwC\
$\xa4*\xef\x98\x84U\xd9\xa4\x9a\x01\x17\xc8\x8ek\xbe\
\xfet`\xdf\x1d\xff\xba8\xb3\xb5\x9b\x8b\x1a\x02\x94\x16\
\x1er\x85\xcfIo\x980vN\xc7\xb1\x81;\x0f\xac\
\x1e\xdb\xe2\xbd\x99\x09\xaf\x0e@\x0d\x8c\xcdK\x9b\x09\x0a\
\xdd\xe7\xd5$\x81\x19\x19\x94\x8a$\x1a\xb4J \xaa\xd1\
\x1b\x1b\x16K6\xb9\xd5\xcd\xb2X\xb5\xd3&U\xc6\xa3\
O\x02\xaa\xd3\xf4\xa4\xb2\xeb\xd3\xbd%o\xf7\xea\xa8\xbd\
\xe5\xa6\x95\xbf`L\xd3L\xee\xda\xbc\xedxV\xec\xd0\
\x16lm\x0eY\x9b\xac\x08\xd1\xf1\x11\xee^_k\xa4\
\xdc\x996\xec\x8bW\xae\xfe\xf5\xbeJh\x11\x1a\xee\xfb\
\xcf\xbfn\xd3\xa1\x8d\x15\x8eya#\xf5I\xc1$Q\
\x1b\x0b\xfd:OI\xce\x8b\xdd\x04\xb0e[tS\x94\
:\x8a\x04]b\xe9J\xf0\xd1\x8e\x8a\xff\xad\xec\xe4\x9a\
\xd7\xa6\xf6_\xda=\x9e\xa4-@\x9d\xa2\xf9\x8b,{\
\xf0\x09\x18\xf0\xbfraN\xe9\xec\xf7\xdf\x1f\xd9\xac\xc1\
\x92\xf0\xea\x00\x9e6\x95\x98\xac\xeb\x10*\x0f\x0b\x9a\xce\
\x5c\x06\xd74\xaf\xdbjrBY\xe3\xd4\x06\x0a\xd9\x0d\
\xf6O$\xc9\xe9hT\x9d\xba\x1d\xa5N;\x0b\xcf\xb4\
\xb3\xd0(Y\x11{Q\xc9\xcdt\xd2\xe9\xeb\xaaH\xca\
\xfaz5\xb5\xe4\xf9\x1e\xb2\xd3Io\xe0\x96eja\
\xe1\xb9\xae\xa5\xd9\x8d\x1e\xa1\x84\x83\xf1J\x83|\x18%\
\xf2f\xc5\x8cde\xa7\x91\x9b\xe2,2\xfb7[\xfc\
\xc7C\xae\xf7\xa01\x1fa\x92\xec\x15\x04s\xa0M\xf0\
O\xb3S\xd2\xe4\xbcd+`\x85\xc3\xfc\xe7\x9ae\xff\
\xd2nj\xa3\xd2h\xc9s\x17u\xb2^\xdd\xb5fL\
\xa78\xbf\x11\xe0+&$7B\x0f/\x1e\xf2Z\xaa\
+tu\xc4r\xcfH\xcf\xdf\xbc\xb4)Uv*\xf6\
-\x1e\x94\x9e\xe2\x8c|\xe2\xb0\xb1\x1e\xb5\xaa{l\xf6\
\xf8M\x8d\xce9\x16\xaf\x1e:&\xd9\x16YlPv\
\xd0\xb2[\x13\x92\xfa\xed>\xed\xd8#k\xd7\xc8\x94\xb0\
\x1a\xfd\x98\xe9\x91~5\x11\xe9\x86\x1ab\xdf\xe0Q\x04\
_\xc7QS\xd4\xfaq\xda\x8eE\x97$wN\xdf\x7f\
P\xb4\x84rUN\x99\x952t\xed\x8eX\xe6F\x00\
/@k7\x8d~V\xd1\xca\x7f\x06\xef\xb5-u\xfc\
\xd6\x11u\xd1\xf0\x03f\xfdv\xadF\x914\x96\x9d\x9d\
\x1c\xfe\x0f;\xd1\xae\xad\x0e)\xbb\xbc)i;\x99\x14\
_\xf3E\xa5wj\xdf\x81\xe5zj\xc9P\x06\xea\x0a\
R\x82mN,\x93\xc7N\x7f\x93\x19/:\x1e%\x96\
\x1eI\xcbu\xb3Q\x0a\xb3\xbc\x06\xd3LM\xb4\x1f\xd8\
W\x99r\xcb\xb0i\x9b\xd6\xd4e\xaeC\xdd\x9e\x93\xcd\
\xef2\x12\x18\xaf\xa7\xf6\x1e\xebm\xe9\x9e\x13\xd0\x95\x89\
\x89\xba\x01LbQU\xe3\xbahiM[RL\x83\
\x16m\xc2@\xdf\x8c\xf8j\x84&*\x85\x07F\xc2\xf0\
\x18\xa2nhD=\xbc\xe0sG%n\xa1k8\xb8\
\x06\xdb\xdc\xcetA\x0aE\xa35\xa5%\xfa\x19\xf76\
\xc2\x95xqym\xa9I\x0d\xcd\xd0uW\xac\x0f\x8f\
\x03\xb71\x0c\x9c\xbc#\xec\x0b\xdb\x8aLF@u3\
\xeeq\xeb},\xa3\xf8\x0a3T{\x85\x81\x14\xae\x99\
i\x84\xfd3\xcdH`\xa6\x19\x06\x8a\x04g\x9a\xa1\x00\
\xc4\xd5\x93\xbf\x8e\x0fiU +P93\x96/\x1a\
\xba\x82\xd4\x06\xae\xcc\xb1\xa9Wv\xf4\x88\x05\x8c\xea\x1e\
<\x03Q\xb0\x04\x18\x9f\x9b]\xf32m\xb3y\xe1\xdc\
F\x8c\x16!\xa6*\x13\xf8\x04\x9c\xd0C\x8b\x07\xbe\x95\
\xe6\x8c\xce\x81~#\xe1\x16\xe7\x85\x16\xe7\x96\x84n!\
n\x1f\x9b>f\xcb7q\xd6I8\xbe\xf6\xc2Qn\
\x16Z\x1a1\xf9\x91h\x94\x17\xe4N\xfa\xa6*\xce:\
\x81Zhqb(\xf8/\x91\xd7\x0c\xf3\x1b\xde\x05\x96\
A\xbf\xb1\x98x\xb4<\xe2X>h\xca\xfarL\xb3\
\xee\xfd\xc9)\xfd\xbb\x14\xed'\x9aQ\x15\xa6\xdeY\x99\
c\xbf\xdc\x16\xcb\xdc\x088\xa8\xbd\xb2\x89\x83\x9f\xf1P\
\xdf\xcf\x22\xc4\xb3%e\xcc\xb6\xd1\xf5\xef\xb5i\xd9\xa4\
~\xb9\x8e\xea1\xd4\xd4s\x1dbd\x9aD\xad!\x15\
a\xcf\x12N\xe4e\x16\x9186\x9a\xd8\xe8\x0e\x15g\
\xac9\x01!\xea\xfd\x0dL0\x09\xd2\xe8\x10\xc6\x02\xc7\
\x9a+@\x98\x81qmR&\x8aL\x9f\x98j\xaf,\
\x90\x99a\xd7\xb9\xcb\xa7r\xf6^M4\xf9\xe5\xee\x13\
O\xd6\x14\xf5-N\x12\x02\xf9fR\xef\x16\xef\xf2B\
\xe9\xd7\xcd\x95\xb7H\x5c\xdf\xc1\x91*Y\x8a\x15\x89p\
\xc1p\xf8+\xa3\xb8\xea\xdc\xe8U4\x83\x1b\x86\xa8\x9b\
\xd0.]\x95~\xb9Q\x13\xa8<\x98d\xb8M\xb3\xdc\
K|\x8a\x8bF\xae\xb1\x04\x0a6\x8dP\xa1;\xbc8\
a=\x1f\xd3\x14\xd1\xa2`^\x94np\x08\xbc\xc0\xd0\
\xe8\xd0\xcd\x9b\x87~\xdd\xd4&\xa4C\xe3GuL!\
\xd5\x83\xe0aD\x9f&.I\x8d\x0bm\x16\x94m\xa6\
\xab\xf6\x01/\xa9\xb9\x9c3n\x87\xf6/\xe8`a\xf9\
B\xca\xab\xfd/\xdf\xb0\xb0\xa5\x95\xb6\x19\xd0\x03+F\
<\x90\xe2\xa8\xeeM(\x17\xc2\x82w\xad\xaa\xba\x9f\x8b\
R\xe1S\x10ZM<\xcdiHx\xca\x0b\xd4X\xab\
\x1e6'\xc3aJ\x92\x18\x02-o\xab\xad\xb6\xecM\
]\xc4\xe9U\xc2\xa2(\xd6(6\xd1c\x97\x1b\xd7\x06\
yKF\x04#f\xd2S\xa63\xf7\x0fA#\xf9m\
\x8d+\x07dK\xcb\xb4\xd3\xd0\x85\xf5\x03\xe9Y\xb3v\
\xebQ\xcb\xf9\x0f\xa8\x1b\x82\xc8j\xee\xb3U\xc5\xb6\xc7\
\x9d\x06\x10\xa8d\x03CG\xe4\xfa\xd00S\xaa\xfd\xa6\
\xf7\xbd8\x8b\xdc\xfa\xea\xc4L\x17\xd5\x87\x0b\xc4tE\
4\xd7&\xc3\x9e\xf5\xa7 \xc9\xbe;,[\x9f\xb6\x91\
\xd0\x10\xd4\xed \xd7@\xd1f\x04x\xc6\xdf|\xc1\xf4\
\x1b2\x8e\xe7~\xd4y\x5c\xd3B\xc3\x1b7T\xe7-\
\x01c,~\xbcj\x82\x83\xc0\xca\xa8\x17\xb4\x8aXK\
\xa8ISr\x9did\xee\xdcF\xfb\xcah\x90\x04\xa0\
\x8b+\xb18\xf3\x96U\xf3F\xd7\xb6\xf0#\xfa\xae\xe3\
Vlr\x0d\x9c\xfcHzY\xf7\x9b\xaa\xa3\x8e\xdfQ\
\xb0vm40 \xc5W\x99\x15K\x03\x05\xab\x87\x84\
\xd5\x9a\xc57x\x99\x96\x97\xebR?\xde\xf1\xe1\x90K\
\xcav\xf5q\xe1\xda\x9d\x05\x84[\xec\x92j\xd8\xcf<\
\xf6\xf0<*2I\xe7\xee'\x8c\xe4\xda\x13\xab\x10}\
\xf2\xd4qv\xeeO\xd7\x89\xa2\x07\xc5\x94{\x97\x1c\xc8\
\xf9\xc5_\x96\xac\xf9\xeb\xc8\xe9\x9b\xdalK9\xc0\xda\
y\xc41gWI\xd6,\x9d\xb2{;O(<\x80\
\x93\xdfq^\xa38Qp\x09\x0c\xd9\xa1\xc5\xd5\xcd\x9c\
$\x8a/\x0f\xed\xd6\xc2A\xe3\x88\x0e\xa3-S\xd5{\
|~\xd1\xe7\x8d^g\xd3\xfe\x22\xbf?\x1c:&\xd2\
\xa8\xd0!\xdb9\x11\xc7cq\xd6I@\xc1\xa01\x82\
/\xf9\xf9\x8a\xc3\x8b\x22T\xd9-\x106\x82\x99\xfe\xd1\
\xf5\x13\xbc]/]\x7f4\xcc\xbd\xbf\xd7\x98k\x93b\
\x852\xbbf\xfb\x17\xba\x02\xd6\x9a\x14\xe5\xf8\xab\x95\xce\
\xe2\x7f\xa4\xba\x02\xdb3\xed\xbeg\x98\xa5\xa9a\xe6|\
\x11,\xd9\xd7\xea\xd5\xe9\xee\x15\x13R]B\xf9\x1c\xe8\
\x8d<\xb54eI\x97\xb1\xab6\xe2P\xe3l\xf6k\
\xd6\x03\xdfi1T\x9c\xc2\xc2\xebm\xe8\x9fpU\xe1\
\xd7\xa3f\xad^r\xa6\xf5\xc6S!\xe28\xae\xd9\xa9\
\xf3\xef\xc0\xb0\xb4\xf1\xc4\xe8\xba`\xcb\x11\x0c\x0e6\xb8\
e\x942\xce\x0d\xaf\xdd1$'bo\xb4\xc9\xe69\
\x87\x87egr1\xa3Q3\xcdCf\x90\x05\xb3\x9a\
\xad(\xb7\xfcWU0B\xdd\x1fQ\xae{\x04Q\xbd\
\xaa\xbb\xa2z0\x1e$\xce\xb3\xc7\xffhe%\xcf\xb8\
\xc3g\xca\xf38ql\x02\xa3\xb8\x9b\x22\xf9\xe7(b\
`:\xa1\x9a\xd3d\xce\x8f\xfdV\xea/\xc3\xba\xfb\xf7\
Pp\xf5C\x0f*:\xc2\xa3\x98\xa0\x0d\xe7T&\x81\
Z\xe1\xa3\x96\xa8F\x9c\x18\xd8\xff\xd9\xb8K\x0e\xac\x1e\
;\xe0L3 {VNH\xe9\xe7\x0a\xff\xa6\x13?\
\xf0\xf8\xfa\xf9#\xcfb1\xb5\xe5\x88)\xca\xd8.\xaf\
\xc44%\x81\xdaj).\xa9Z\x10\xa9j\x93\xa2\x17\
\x0aRE\xa3\xb3\xe2\xfdf/\xd0\x83\x01\xb2\x9d\x18\xac\
F4j\x87\xfc\xb3\xf6\x9b\x98\xea;\x13v.\x9e0\
\xcci\xf9\xa0u0KW\xa5\x1d\xd5\x81\xf0\x89=,\
\xd8*\xbb\x8d+\xdc\xbe\xe7P\xf8\x8f!\xea\xbd\xa6\xa8\
\xd6\x9c\xbek\xbf9c\xdfArY8,L\xad\x95\
2\xee\xdc\xb3\xc2\xfd\xfe)}\x0a\x8fj\xf2q\x93;\
k\x04Kc\xa9\x9e\xf0\x9d+\xdf\x18\xd9\xec\x11\x83R\
rin\xaa\xdd\xf72Q\xcbnL&\x07]\xf1\xe8\
\xd3\xd0A\xa9\xceI\x11\xab\xefNb\x91\xc9\x19I4\
\x01\x85\xd7z\xe0\x01\xe3\xf0Z\xe8=\xa3\x1an\x0c<\
d9\xf6[\x9c\x14[\xa6?\xb3:\x10m\xea\xabM\
\xeeN\xe9\xb0\x9dHr\xa5H\xb4\x94Q\xfd{\x5c\x16\
\x8fo\x14\xcf<\xd39)\xcdY\xf3\x8aL\xc2=4\
\xce\xbe\x88ZIo\x0d\x9a\xb2#63\x93\x9f\xff\xdd\
\xc4-.\xa2f\x8d\x5cs\xa8\xd7%\xfb\xd6-=r\
d\xe9\xa2\xfd\x87Wf_|`K\x97\x0b\x97\x956\
\xf61\xc67\x15\x19[\x03\x86\xf2\x8a)X\xc1$\xa1\
zh^G\xe37\xcd\xcd\x96\xa4{\xe5k$\x12\xe8\
\xe8p*F\xae\xac4\xa9R\xc3V\xb83h\x94\x14\
\xd1\xcev\xa7\xa4:\x13;3%\xa6LA\x08\x09n\
\xb2\x8b\xa9\xca\x18\x12\x96\x1b\x98\xe8e\xaeC\x86%\x1c\
\x13(wx\xdc\xde\x99\xf1\xe8\xd3\xb0#\x18\xde\x13&\
\xfa\x16\x0a\xa3p\x85\x1c\xbeu\xcf\xc2\xa67\xad\x0e\xca\
H\x13e\x07\xa8F\xee\x00\xbbG\xd4\xa9Y\xcb\xf6m\
\x18\xee.Z3\xe6\xa6\xf9O\x04\x96\x1eX9h\x12\
\x1a!\x0dT\x17\xc7~\xaaa_\x85\x96\xe5\xaeE\xf9\
\x1d\xb6-\x1cp\xd3\x81\xc2a\x9fn\xfb\xe7\xd0\xb1}\
\xd2\xbf\xb6\x1bz\xd4\xc74\xd10\x0d\x85\xda\x5c\xd1\xd4\
\x8b.jZp\x15k/sKf\xedU\xdc \x01\
S77\xbf\xb7u](\xce:\x09\xd8\xa7I\xd41\
\x92S\xdd\xf4\x07\xfc+\x0f\x92\x9as\xbe\x0b\x1b\xc1,\
\x14\x18\x9a\x0b\x09\xaaJ\xc4H5\xb5\xd2Pl\xbb\x98\
`h)\xb6\xe0\xb5Mm\x22\xc5\x15k_4e\xbe\
II\xd0iV\xe5%\xa5T_\x12g\x9d\x86\x82\xab\
\xb7T\x1e\xafd7\x84\x99\xb9I\xb4\x85\xf2\x93\xec\xe1\
?&\x9b\xbeWRh\xd1\x9f]f\xed\xc5Yr\xe4\
\xbdT9\xf0\xda\xc4N\xfb\xee\xd8\xb7|X\xfe\xd1u\
\x93O\x1c\x87{d\xcbe\xd9G\x96\x0d\x99\x9c\xeb\x8f\
\xde\xd7\xd1S\xf5q^Z\xe4O\xb9J\xf5\xc5=\xb3\
\xfc\x1ff\x11\xfab\x9a]}\x8c\xcb\xcc\x1d%\xc2\x8a\
\x88\x9a\xf1\xfb\x82\x82\xc6\xcd\x01\xac\x14\xbaPv\xab`\
\x06\xf2LA\xda\x1e\xe5\xe9_5e\xc4l_>\xc0\
!\xdb\xf5Y\xdc\x92}\xc4\xee\xfcv\xe8\xd0-\x09\x98\
\x18\x80\xd8\xf4s\xe2\xad\xa6\xae\xc6\x81\xe0Z!\xb7\xd8\
\x1e\x8f\x88\xe1*\x84\xa1\x95\xdf\xc9\x22\xbdrs\xc9\xc8\
8\xeb4\xac,,\xfeTc\xe9+aLj\x17\x05\
\xffu{\x96\x8f\xce\x8e\xb3NC\xdfi;\xd7\x06\xf5\
\x94\xbb\xb9\xc5\xd6\xdb\x84\xe8d\x0f\x0b\xce\xa1\x82bD\
i\xf2\x9b\x1a\x13\x0f\x0br\xf4r\x89\xabOg\xda\xab\
_w\x90\xe0\x1d\xa8\xf2\xfe\xf2\x97\xa1\x12\xf3\x97\xfc.\
\xc5V\xf3\x9aW\x0c<*\xc9\x91\xde\x1a\x97V\xf8\xb9\
{\x89\xc1\xa3i\x1e)t\xbd\xc0\xad\xac\xb0\xeay\xb5\
\xc2\xe7\xbc\xb3\xcb\xf8\xcf\x9a\xdc\xcf9\x22\xab\xb2\x97\x8b\
\xd7\xfe\x1c\xbfx\xd5y\xeag\xc78mrc\x93\xc2\
\x93\x86Kf\xa0\xb3j\xc8\xdbCA\xe7\xa1V\x8f\x07\
\x13\xcc\x15W\x15\xad\xbb\x17\xc2\xe2\xae\xb5:\xb1\x17\x89\
\xc4\x80\x11v\xe0'p\xa5F\xcd\xfd\xdb\xe7\x95\x86\x03\
\x9a\xe3\x09]r\x86\xedBp\xa4\xd7\xa6]\x8c\x9b\x88\
\xe2\xecS\xc1;\xe6o\xdeR\x1dq>\x145Sw\
\x85hzY@L\xfbE\xd0\xea\xf0+\x1f\xb7\xcf\x0a\
\x19\xde{\xa9%\x1dP\x18\xef\x22\x0bUc\xae\x1e1\
\xd5\xd5\xcd\xc6<n)x)\x93x\x86\x8f{\x96\x96\
\x04\xdd\xb3\xabE\xf7\xcd\xa5\x11\xdb\x8d\x1a\xcby*,\
\xa4\xfb\xfc\xc4\xfbj\x90z~w\xc1\xa5\x9b\x9b\x14\x04\
\x8e\x09\xbdR\xf0^\x99G:\x19\xd4QUZ\xa3\xbf\
\xd5\xd4\x1e\x17T\x93)\xce\xe0m`\xc9\x0b\x02\x13\xbe\
,-a\xa5q\xd69G\x9d\xe0\xa0\xb4[\xd1\xc5\xc5\
\xd0i\xf4\xf2\xea\x88\x90\xb4\x8cS\xc1\xb4\x93\xd0\xc5\x9f\
\xcf\xef\x93\x19g\x9d\x86Nc\x0b\xbf\x8aJ\xb6\xbfP\
SOr\x88\x91\x1b\x0ef\x954i\xd9A\xcd\xb5\xfe\
\xb6z\xe7\xda-%I\xd3W\xef\x8a\x0cI\x1f\x96\xf3\
z\xe7q\x9f\xd4t\x1e\xb7\xf9`fi\xaf\x17\xab\xf4\
\xecw\x08\xd5\xb9i\x99\xc9TQ;f\xa7\xb0\x11\xa2\
\xa89\xc1\xf0\x0f\x85\xa4\xce\xcf\xbf\xbdf\xdb\xb2\xee\xa3\
6\x96\x0d\x98\xb8\xb1lSu\xe5\xa3\xef\xaf\xaa\xe9\xb7\
b]\xc9}]\xf2\xd7`\xe16ZS\xb1\xd2y\xbc\
\xc1i\x02\xa9\x98\xa2q\x9b\xe0\x8f\xda^\xea\x7f\x06!\
\x97l\xb9\xf4\x02\x97\x10\x9c\xceM\xc9_\x1b\xf5ln\
\xfdY`h\x9c\xc4\xbd-\xc4w\x9dsk%\x070\
\x88\xebe\x95\xd9\xcaEA\xcd\xee\x97\xeb\xb9|\xfe\xfc\
\xc65/\xaa\x11\xc9\xa0\x8f\x9b\xd4\xb1\x99\x12\xb5\xc0e\
\x85\x7fQ\xb3\xb5\xe9?\xa8\xc0~e\xe2\x9c\xcf\x8ag\
\xdc\xb2\xb7\xa4\xe1\xb7\xe3\xa8\xa2\x8f\x97\xf9\x0e\x9b\xd4\xc6\
\xed&\x1d\x91\xe9,\xfd\xb2sZ\xe5\x87\x8an8\x0d\
S\x88\xee\xd9ZY\xdc\xb0O\x9a>}\xbfz\xdbo\
\xf6\x17]w_Y\xa3\x06F=\x8e\xae\x1d\xdd\xcdN\
k\xee\x16\x0c\xda!B\xe5U\xeb*C\xcf\xe1\xd81\
\xce>\x09\xf8\xb9\xb2P{\xf8&0J\x9c\x1a\xb3\x1d\
\x15\x5c\xe9\x1b\xe2\xac\xf3\x82\x98\xe0Zi\x9b\x9c\xc0_\
?Y^\xac\x0b\x8e\xe7,\xc1\xb2\x89<py\xff\xf4\
\x11\x1d\xe3\xac\xd3\xe0Y<\xbd&j\xb9\x1e\x85!\xff\
\x11\xb7\xec\xfb\xb9`\xf8\xe6Z\xfb\xa6\xc6\x06\xd8\x89\xe0\
\xb0\xdf\xbf\xd4o$\xbf\xeb\xb7\x8c\x8d\x91\xa8\xb5\xdd\xaf\
\x0a\xdb*t\xe7\x86*\xe2x=%\xadc\xb3\x1b\x92\
N\xc5\xe6\x8f\xf3\xd3\xbcD{X!\x91\xf1QS\xdc\
\xa4\x06\xddw\xcf>\xc3\x86\xa2\xa1?\x1f=:\xc9e\
\x5cE,FB\xa6\xfd\x8d\x8e#?:\xbb\xfflh\
\xb4z4\x8d\x13\xc6\xc9\xd9H\x0ek\xb7_\xcczE\
#I[%\xaa\x8e\xf7\x0a\xfa\xb4\xa6\x0e2\xc3y\xc9\
h\xb1T\xe8\x8b\xd8^2\xb8\x14\x91\xd4\xe0\xed\xfe\x9a\
\xd2?\x1e*\xbc<\xa1\x03`\xe6\xdc\xba\xbb\xba\xb8\xc6\
\xf1\xab\x8ah\xc6\xf5\x87C\x19\xd7\x1f\x03:\x12J\xbf\
\xfe\x9bC\xd2\x13\xa3\xe7|\xd0\xe2\xa9&\xc4\xc6\x7fN\
H\xed\xde\xc1\xff\x9c\x08F\x90Nl\xfb\xc3\x96\xed\xe1\
\x0d\xbe\xf5M~qT\xb9a\xaa'\xd5\x11\xb9\x99\x9b\
j\x06\xf4\xd9{}\xd1\xec\xb7\xe3\xac\xd6\xa3u\xaa2\
\xc1\x5c\x8d\xa0\xeb\xe0\x7f\xd5\x1a\xba\xf04e\x86M\x12\
\xcd;\x95\xa2CM\xf7us6D\xbe\xad\xb6\xfe\x12\
\x08y\xfefRM\x10\x89\xef\xaaLg\xf1\xbc\xa2\x15\
\x13R\xe3IZ\x84a\x97\xad\xaa\xec;y\xe3\xb7#\
.Y\xbb\x0fi\xd4\x8fV\x7f;\xfd\xda\xc4&\x8c\xb7\
,\x9c\x98\x9d\x97\xe9\x7f\xcb\xa6W\xce\x22L\x0b\xa86\
\xd7\xe3\xb5\x15\xbdV\xcf\x9e\xddd\xe7\x01\x1a\xbf|\x9c\
\xc2\xc3\x13LA\xa4eU\x8ey\xbd'-l\xf9\x9f\
\x19\xb5\x11\xe2\xc6\xc9\xd9*\xcb:\x04\x22ra\xc4t\
\xaf\xb6[\xe1>\x0e\x17}\x00-\xb48\xeb4\xe0\xbe\
\xc6/jB\xffQ\xae\xe7\xbcDL\x89\x0aF\xe5\xed\
\xa2\x5c\xf9\xc8\x96\x85\x83\xb3q!4\x9e\xec\x9c\x01\xc7\
jEkG\x0f\xea\x98Y6_a\x95S8e`\
\xd1g\xfd1\xd5g\x7f\xb7\xdf\xec\x05\x8d~\xb8\x828\
\xb2fl\x12\xe1\xd6\xf5\x96\x1e\xceQ\x99wQ\xcf\xee\
\x95\xff\x82\xd2KP\xd1\x9d\x0a\xa8#\xadR\x95\x80\xb3\
\xb0MN\xa0\xdb\x84\xa9\x15a\x22\xff\x951^\xe6\x95\
jor$\x97\xdf\xbc\x19\xc6Wq\xf6i\xc0\xafA\
\xdf\x9c+\xdf\xefW\xd3\x1f\xd4\x88t\xdci\xf3\xff\xbc\
[\xba\xf9A\xc9E\xfd\xe7\x1cXy1\xb6\xd8\xb3W\
\x05\xa7\x83\x16\x17\xe6\xa7\x8dN;|\x8d\x93W\xbe\xe3\
\xe1\xc1\x91\xbaa\xdb\xa7\xd9\xb3~\xbb\xd5'\xfe7n\
m\x88\xa7;\x0d(l\xc9\x0a\xcd\xb6Q\xffe\x86\xe0\
\xd9\x1d\x0a\x91\x87i\xcf\xfdM\x0a\xf9\x5c\xe2\x84\xe0\xce\
\xbe\xbd\xa1\x0e\x99g\xd9S\x94E*S\xde\x14\x0c\x83\
\xa7\xb2\xda\xc7:\xf5Uf\x9eiNp\xde\xaaUF\
uE\xedK>\xd5~\x97e\xd8V+$84I\
\x0e\xbf\x92\xaaT\xfc\xb9l\xc3\xd0+\x1anj=\x1b\
\xe0\x98k\xe5\x1b\x03s\x0e/\x1fq\x8bG\xa9\xf9k\
\x8a\xe4\x7f^\x96xG\x95\xbb\xdf\xab\x89\xa4\xdc\xe4]\
8\xe5\xe53}\x93\x80V\xe4\xb0\x8c#3\x93\xe4\xc8\
\xef\xa8\xc5\xaa\x83\xaa\xf4\x87r7\xdf{\xf6\xad\xadu\
`L\x00\x91\xb5a\xbdN\xef\xbd.\x105\x85gB\
RR!7y\x12\x08\xe2?n\xbc\xb8\x00gT\x9a\
\xbc\x0b~\x10\xff-I^Z\x1bN\xbd\xa5\x86\xa7=\
\x15\x11m\x9a,\x84.s\x1b5/v\x94\x83\x1f|\
\xbb2\xff\x96/\xde\x1a\x90\xd1\x9a-t\x98g\xcf\xc2\
\xd1\xd9\xc5\xab\x87\xdd;\xb4\xbb9?\xddY\xfd\xa4\xc0\
\xfd\x97\xeb\xd0\xb1\xfa\x0c\xfb\xfd\x11f\xbf\xf7\x8d/\xbe\
\xd8\xd4\xcc\x89\xe8t\xcc\xbd\xc3'\x80\xb0\x9f\xa2\xdcJ\
\x0a0\xf7\xbb\xa1\xb0\xbc\xa8\xb9Cw\xce%h\xc9\xca\
\x01\xefx\x14\xf5\xca0I\x9a\x91>vc\x8b7\x0b\
5\x87\xbd\x9b&tK\x13\x8f/s\xa8\xbe\xae~=\
\xe3\x13\x7f8\xed\xae\xbc\xa9\xcb\x8f\xc5\xd9M\x82\x835\
\xba\xe9@I^\xcf\x0e\xe6\x7fJf\xed%\x12\x09\x81\
\xb0D-j\xda*4\x9e\xbe\xeexM\xe4\xef\x9f\xaf\
/^\x7f\xd7\x13%\xd5M\xd5v\x10\x968*\xa3o\
V\xd7n\x19c\x15;\x99\xed\x10*\x86z\x84p\x06\
T$\xd9`\xb2a*i\x8b\xbf\xde\x1fxH\xf1I\
{[r\x8a\xdf\xf1\xcd\xf9#]F\xe9k\xa2\xa9\xf6\
\x8a\xb2\xd4\xdd\x1b\xf6\xa8\xd3\xa6\xde\xf4u\xb3\xef\xd2\x12\
|\xb7Y\xc8\x9fo\xa6\xf5\x19\xe3\xc8k\xe1Y^u\
\x82\x8b^\xa9\x12\xcf\x8c\x94\xb1-\xdf\xe5\xd5\x12\xecZ\
4zP\x974\xdf|\xce\x8dna\xc3\xf9\x0f\x9f!\
\xfe6\xaf`SqK\xd4\xcb\xfc\xb9}\xe4\xc1\xe33\
\xa7&\xd9j\xefpP\xff \xc6\xa9\x07\x8c\x02\xbb\xc9\
Ej\x89\xf6\xa8I\xb8O\xd7#;\x05\xe6>f\xb3\
\xf3r\xfc\xd7\x81\xa0\xdf\xcc\x01vGQ\x10\xfa\x8aV\
\xd8#R]\x12p\x1b\x0e\x11\x22\x1a\x97\xcb\x22\xc4\xb3\
\xf6X\x15{~\xd1\x96\x0d\xdb\x9a\x9a4n\x08T\xaf\
\x15\xebF\x0d\x92\x84\x9a\x17%\x12\x18aY\xee#\x11\
{\xc7+2\x07\xafhr\x87Y\xa28;\xc1\xc9 \
8\xda\xf6\x82\xc3\x17/.\x1cu\xb1\xdb\x16xN`\
j\xaf\x80i\xfbT7\x92\xfe\xf3o\x9f]\xbcv^\
\x0b\xff\xac\x01\x058p\xfc\x05\xbd\xdd\xb6\x92\x11\x22\xd1\
\x06\xd9h\xb4#cZ\x0fj\x0a\xc9\xc4\x12\x5c\x06\x95\
m\x84\x1a\xf8\x81&\xeab\x93R3\xca\x05\xea\xd74\
\xa3\x842\xf9\x90@\xa5\xe3\xba\xe8\xd9\x12\xd2\xd2\xd7l\
,\x15\x8e\xd4\xef\x8cn\x01h\xf1\xba\x8bF{Y\xc9\
\x7f2n\x8e\xd5\x05y\xb5/\x9c\xfd@\xa7\x8b>\xfd\
2\xceo\x13\x9c$\xb8DN\xcf;\x97\x82C\xe0\xda\
XZ\x80MI\xb2\xf9\x1eW\x88\xd6\xdb4\xdc\xfb|\
L~,\x94\x9e\xfe\xcf\x9e=\x13\xfb\xa3\x86}\x8b\xef\
V$\xfb\x8ed\x97\x87\xe5\x10\xdd\xf40\x95;tF\
eQ1)~\xfc`\xa8\x84K\xa2\xa1\x9a2\x0b\x95\
\xfb\x83\x15\x96\xe2*e\xa5Y\xa13\x99\xf7\x8d\x01\x87\
1\x0eO\xcdO\xbd4|\x1f!\xfe<S\xb4/\xb6\
D\xef#\xcf}\xbcqWKZj\x228+\xc1\xb9\
Ap\x11\xcb\x93\xd0\x86\xd8D\x80C\x82\xb4^\xf2\x85\
\xa9\x0e\xe35\xa6V\xf5\xa4\x02-\xa9\xb1\xd2\x9e\xdaW\
l{\xad`\xf6\xaaf\xbfS;\x9f@#\xa8k7\
\xe1A\x0f\xad\xbc\x9a\x12\x96\xa2\x89\xce%a\xc3\xfb\xeb\
\xec\xd1\x93\x13\xfe\xaf\xee\x96\xa0\xb5\x82K\xd8Jk\x0d\
\xd0\x00\xe8<~\xfd\xfa\xfdElj5O\xfb\x92\xe8\
r\xb6\xd7\xacy\xa2[Z\xcd\x1fq\xbcV\xa7\xe5\xbe\
_\xe03\xecZ:\xb2\xc7\x05]\x84\xd7Sx\xed\x9d\
\x84\x8a\xa9\xba\x92\xb9\xe6p\xb9t{\xf6\xe8\xf5{\xcf\
\x85\xd0NFbE\x10\x13\x1c\x9e,\x14\x0b\x9dC`\
K\x1e\xfc\xe3\x8d\x87w~E&U\x19\xf6\x97\xa8`\
\x852l\x81\x9b\xd3\xed%\xebK\xd7\x0f\xbe\xed\xe8\xca\
\x819mq&V\xa2\xc0\xb3\x97K\xd7\x8f\xe8R\xbc\
a\xc4\x0d\x99\xee\x9a\xc5v\xa9f\x8aA\x84\x12\x1f\xcf\
x\xac(\xd0\xf9\xd2\xc1?\xda^|.\xb4\xd0\xd9\x22\
&8\xce\xf1\x1f\xe2c\xe1s\x8e\xe9\xf7l\xf2W\xe9\
\xc6o\xaau\xf7\xed\x11\xcb\xb9\x9c\x08V6\xa8\xa5\x17\
\x92\xe5\xc8?z\x93\xea\xbbv,\x1d\xd5\xeb\xfcLy\
\xf5\x91\x0f\xac\x1c:\xdc\xa7E\x1et\x12\xdfG\xc9\xa4\
\xfc\x15\x97`\xa5\xea\xc4\xf6f\x85\xe9\xfe\xe9>\xcd\xf6\
X\xbf\x82\x05?(5\xde\x10u-\xae\x15\xfb*\xcf\
\x06\x83\xa6\xec\x08\xe5\x16n]XK\xddw\xf8\x0d\xef\
\x1d&\xf5le\x8a1\xda\xa9\x84\x7f\xd7\xdd]\xf3^\
\xd9\x84\xbe\xcf\x1f(\x1c6\xf1\xf5\xb9M\x1f\x84\xd6J\
\xd0\xdb.\xcdr\x1c]7y\xeaE9\xd2\xb3\x99\xae\
\xda7e\xa2\xfe\x06\xac\xd5\xfe\x86\xael\x0d\x93\xcc\xbb\
B\xd1\xcc\x07\xba\xe4o\xdd\xd0\x92\x93\x1d\xda\x16\x89\x89\
\xa0\xce\xaa\xb4iW\xa8\xdc\xf5\xe3saU6\x07\xfc\
^mO4\x90\xeeu\x18\xd7;D\xf3nA\xd0;\
PK7D\x22\x86\xa2T\xd9S\x1b\xf6\xfc\xbd\x22\xa0\
|\xb6\xea\xdb\xddE\xf75\xb3\x10\xda\x14\x16\xbf=\xdc\
\xd3%M\xe9\x01\xf7\x98\xe9\x92\x823$S\xcb\xa1B\
\xc8\xc1\x99\xc04\xe2\xd8_\x1dr\xff\xc1&iK\xb3\
Lo\xcd\x99\xe6*\xcf\x05\xce\xce\xaa\x84\x01\xb8v\x0e\
\x06\xe0\x89\x00\xd5\xe3\xca\xec\xa1\xb9\x03z\x8a7\xbb\x1c\
\xc1\xab\xb8\xe5\xeb r\xd1f\x11\x81\x19L\x88FH\
r\xa5\x16\xa2\x9fEtmS\x98\xab\x073\x1d\xce}\
\xcc\xb2GtGX\xb7L\x81\xe3J,\x15L\xaaF\
m\xb2iX)>=\x98gD\xf4\x0b\xbc\x9e\xd4A\
nwp\x9c\xac\xd5\xa6I\x5c\x14\x0d\x12\xb54\x81D\
\xb9\x98z8\xa2\xba\x9f\xab\x0a\xe9\x1f\xf5\x9d\xb2\xa1\xe6\
\xfbz\xefz\xc1\x89\xcc\x9fo%'$\xb8\xc18s\
rE\xd8t\xfe\xf8\x5c\x0d\x07\x12E\xe1G\xf9I\x1d\
\x9d\xda\x98TWt\xb2\xc4\xa3\xbd\x09\x8bvc\x94$\
s\x8b;\xc1\xf6\x92-\x22\x13\x8b*\x96e\xd0\x90(\
\x92JFL\xa3\xce\xc2\xe2\x92n\xb0\x0c\x81\x996h\
\xb5\xf8\x8d4\x18\x8bf\x940)dX\xc2q\x83E\
\x0f29}g4j\xfblW\x89\xfc\xd5\xa4\xd9+\
}\xf1[~oh\xb5\xe0\x8a\x96\x0dx'\xc9i\x5c\
\x116\x1c?\x18\xc1\xd5\x03g\xe4\x07\xdd=5%\xd5\
Y\xd5C\x0fk\x1d\x88\xa1\xa7\xc96\xd6C\xa4V\xb6\
\xa1\x91\x94\xa8f$\xcbL\x10M\x06\xb64\xce\x87\xc0\
\xb3sbEm6\xb3J7\x85\x0a\x81\xd8\x0f\xea\xa6\
Ub1RmH\x9e\xa3;\xf7k\x87\xa7]\xb3)\
\xf0Cz\xc7\x13\x82\x03U\x99\xd0\x1fF\xd4\x0bN\x05\
\xc1\xa5\xfc\xc0\x04w\x0a\xe8\xfc\xf9\xb3X\x9f\xf4r{\
G\x87\xa8\xd4Dk\xe4\xa0/*9\x9c\x0aU5\x19\
\x1ab\x94(\xa6\x83\x9b\xban\xb9;\x08ZyUX\
\xb3\xb1\x9c\xf0;\x1b\x97\xeam=\xdb\xd1\x96h\xad\xe0\
\xc81\x10\x5cpm\xdfh\xd5\xea\x91S\x7f\x08\x03\xe1\
\xffk\xc0?\xb7\x0d\xac\x1d\xf0\xb9\xba\xbe\x0b\x0f\xef\x99\
>:\x1e\xdd,\x98\x19\xd31\xd8\xc8\xce\xfb\xd8\xb7\x1d\
'\x80k\xa2\x89)\x05\x06V\x9b\x8a_\xa4\x9f\xa7\xf1\
w;N\x81\xc3\x8e\xdbF@\xd1Y2\xa9.o\xf9\
\xdf\xf5\x80\xb1F\x8f\x82\xb4\x99)\x84\xdbe\xf7=\x80\
\xaa\x06\xc5\xa3\xb4U\xd3f\xad\xff\xea`\x8b\xb7\xfe0\
\x7fP-\x82\xaeM\xd4t\xa3\xfb\xd7\x0b\xfa$r\xd4\
F;\xda\x005\xbeC\x99\xa6\xa5\xa6\xc2P\xd4\xb0$\
z\xdaQ\x22M\x81u\xec\x98\xf4-\xc5\xbfx\x12\x95\
\x99\xc9\xe9\xe9\x09\xef(n\xc7\xd9\xc1\xa5hy\x22\xd3\
r9\x93\xcbF\x0d\xc9m\xf2\x00\xd6S\xc1\x8e\x94U\
\xed\x0fk\xfaVA\x08\x0eW\x8d\xc8\xf43m\xa7k\
G\xdb\xe2\xab\xc5c\xd3E[\xe4\x0aNEwU\x85\
\xf1\xe7\x03\xcb\x94\x16o>bfVA\xb9I\x93\xfe\
\x81_['\xd9\xc3Of\xf6\x11o<T\xd8\xe6\x93\
\xbb\xed8\x05E\x1bg\xa4vr\x86\x7fm3C\x97\
\xea\x84m\xa2J\xf2\x82\xf8\x7f\xe2\xb5\x08\xb1q\xdb\xfe\
e\xa32\xd2\x93B\xcfJF\xed\x95\x94H\xbe\x00\xf3\
~PV\xe5z\x9e\x863\x0f$\xba\xec\xdf\x0a\xe03\
4\x1c\xf4\x9f:\x96D^\xc3\xb8S\xc3\xf58S\xfc\
\x0f\x02x.\xe6E]\x16zr;\xa7\xe5{\x9d\xbe\
;\xedF\xf5\x18\xce\xa4\xaa\xb0\x95~O\xa6&,J\
d\x82\xfb\xc4\x8b\x1e^5$+Y!/\xc8Fp\
&\x17\x22\xba\xca\xdc\x15DT\x0eS\xc9\xaa\x16\xc4\xf8\
\xcb\xc7N\x95\x03\xe0\xce\x1cD}\xb8\x1eM\xc5\xd7\x03\
\xf9M\xf1Z\x084}\xeb\xab%\xfa\xe1\x86xA\xde\
\x92\xaazj\xde\x13~x.\x13\x9e\x0b\xddx\x14\xe8\
\xa2\xb8\x1bC<u\xfdP+\xc6kp\x05\x88G\x1f\
\x9e\xe5\x15C<|*,C\x94\xad\x88\xd6I\xd1\x8d\
\x1cB\xa3nK\x10\x03\xaa\xd0\xe1\x81\x8d\x15\xce7\xf0\
\xb8\xc6x\xb2\x16\xe1\xa4B\xc4\xef\xda\x06\xb8\xc7\xdd\x91\
\x9eR\xf1K\x9b\x15\xed X\x86lq\x01\x0a\x06\xdf\
\x07\x9f\xfa\xbb\xb7ii\xe9\xd7\x97D\x13\x92\x04\xfa\xae\
\xac\xea\x81\x7fg\x0e\xc3\x94f\xf2\xd6\xe5<\x99\x87y\
\xeas\x9d\xccmx\xa7\x93\xefz\xfaU\x10\xf51\xa7\
rO\xbdF\xc3k5\xccS\xefb\x5c}<>\x9d\
)\x8a\xa6a\x09\x11S\xb4\x7fs\xbc\xca6\xaf\xd7\xd4\
/\x97\xc7\x0b8!\xd4_\xf3$|\xf5\xfe\xd8\xf4\x8c\
lV\xe0\x14\xf5>\xdcb0D\xb4`\xc0\x87g~\
\x9d<\xbbb\xe1\xd9\xf7\x94\xe21\xc7']\xa7ae\
=u>\xa0\x8e\xc7 \xfe;N\x83\x8a\x1aCS\xf9\
\x1b\xc6#\xea\xaa\xd2\xc9\xa9O\xbd\x1f\xe2\xd4|\x883\
\xa5\xab\xbbn\x1d\x1aKW\x0fL\xd3\x90\x7fj\x9e\x86\
\xd7AX\x94Z\x9aE\xca\x8f\x95F\xd6\xec\x0ezv\
\xdd\xd8\xea/X\x9b\x10\x5c\x03\xd0\xb9\xcd\xa7iG\x0b\
\xf1(4B(\xcc\x84[Wc\xf8?#\x14\xcec\
\x87\xb9\xe6\x80\x8b\x07\xe9\xa0\xc1u\x08(\x83R\x8a\xc7\
mT\x80{\x14\xdc\xff18'\x82\xb3,\x0b\x0f\xb0\
\x9e\x0a\x84\xffI\xb3\x841\xd6\xe41\xbcm\x05\xb8\xa7\
\x07\x0a\xffb\x10L7\x08\xa2N/\x03\xfa\x0c\xe2\x8a\
p\x8d\x15\xf8\xdd\x81\xf7\x14\xd0\x04\x88?\x0e\xcf\xf4\x08\
\xc4\xdd\x09\xfeA\xc0\x7f\x07\xc2w\x83{&\xcd\xf8\xbf\
\x1bP\x18n\xd34\x1f7\x0c\xc3\x07\x14\x01\xff\x1f\xa0\
\xb0\x9a\x1d\xd4C\xbe\xae\x90\xf6\x15\xa0\xe7\xc1\xdf\xecy\
_\xf5\x80k\x83-\xc8\xbbA\xbe\x97\xe1~\x07\xc1]\
\x09\xf4\x11\xf8w\x83\xbb\x0cxc\x81\x98\xae\xeb\x97@\
\xb8\x08\xe8Op\xfd)@\xf7A\x9a\xa3\xe0\xde\x05\xfc\
Ax\x9d\xf8%\x9b\x05\xa4M\x86\xeb<\x0a\xf4\x09\xe4\
o\xf2\x9f\xb1\xce%\x1a\xf6\x9dm\x85\x0eXX\xe0\x1e\
\x84\x1a\x8c\x87\xc0\x8c\x82p\xec_\x9e\xe0%S\x81\xae\
\x00\xea\x83a\x88\xef\x06\x05\x8aa<4\x14\xff\x5c\xe9\
\x22\xa0\x89\x10\xbe\x12\xa8\x07\xf8]\x9a\xa6]\x08\xfe\x99\
P\xc8\xb3\xc1\x9d\x0a\x84\xea\xae\xe1s;!\xeef\x88\
\xfb1\xdc\xef\xdf@7\x03]\x0f\xf1/C\x5c_(\
\x5c\xac8\xc3\xa1E\xe5\x83\x8bSz\xa8&S\xc0\x8f\
\x07l3\xc8k\x07\xbf\x0a\xd4\x0d\xfc?\x02\xc2{\xe3\
3;\x80$\xf0\x0f\x86g\xc4\xfb\xcf\x02\xb7\x00\xc2\xa9\
\xe0GAO\x04\xc2\xf7\x9c\x01\xcf\xd8\xe2u\xb4\xb6\xc2\
\xb9\x10\x5c\x0f(\xb8\x1c((<\x99\xf5\x13x9<\
\xd3\x7f(\x16\x02\xb8\xa8\xae\x9e\x07~\xec 6|q\
H\xf7\x1cx\xa7\x00\xa1\x8a\xc33\xbe\xbc\xc0\x1f\x0a\x94\
\x0b\x85~\x19\xf0\x9f\x85t7B\xf8R(\xb4\xff\x06\
\xff/\x80N\x1c\xf8\x06~\xfc\xe8\xffB ?\xa4\xf9\
\x1b\xd0Q\xc8\xe3\x07Z\x0dq\xa8&\x91\xd7\x1b\x08\xd5\
7>C/\xbc/P\x1e\xf0\xec@\xf8\xaf\x8cC \
\xfc\x07\xb8\xfeC\xe0\xce\x02\xba\x0f\x08+\xce`\xa0\xa7\
\xe0ZX\x19\xf0\x19^\x804\xb7\x82\x8b\xd7\xc2g\x90\
\x80?@\x14\xc5\x0b\xc0\x7f^\xd1\xa6\x82\x83\x97\xc0\xa9\
\xb2\xe1\xe0\xe26\xba\x0d\xf1\xc2\x83 \x1f\x0e.\xf6w\
\xd8\xf7`\xab\xab?)\x16O\xb2\xc2\x0f\xf6\xa1,\xe8\
'\xe0\xe27g\x87\xe2\xc2\xda\x03qx\xb0\x9b\x03\xdc\
\xc7!\xee!p\xb7A\xfc4\x10h?p\xd1\xd8@\
\xe0w\xe6.\xe0\x85\x80\x8e\x00\xd5[mx\x18\x1a\x9a\
\xdbx\xfa\xc3>\x88_\x08\x14\x06\x9a\x0f\xf4\x08\xd0F\
\xb8F\x05\x5c\xebE\xe0\xef\x05\xff\x88\x06\xfc?A\x9c\
\x0f\xe2\xae\x03\xea\x0a\xb4\x06\xe2>\x828\x14\xfc\x0cx\
\x96\xaf!\xbc\x0b\xfcx\xcfW\x81\xde\x07\xffyE[\
\xb7\xb8$x\xc9\xa1\x82 \xe0Q\x13\x87\xc1\xbf\x09^\
\x0a\x8518\x1a\x8d\x9e8,\xad\x11@R\x1e\x81\xb4\
8\xe5c\x80?\x00~\xec\xbbr\xc09\x0e\xb4\x0f\xe2\
\xb1\xf5\xa0\xea\xf5\xc2\xf5\xb1\xb6\xc7\xfa$L\x06\x8e\x09\
i\x19P\xc39V\x14\x98\x0cq8q\xabB:\x14\
$\xa6E\xe1\xe0\xee.\x8c\x83\xf1\xb0\x88\xf7:\x0c\xb4\
\x02\xd2\x0e\x86J5\x0fx\x03\x81\xb0\xf5\xf7\x02\xea\x0a\
\xbcG\x80\xf7\x0c\xb8\xf8\xa7\x0fXQ\xf09\xf1\xba\x1c\
\xd4&\x0a\xef\xbc\x9c\x98\xd7\x10m-8l\x09\x03\xa0\
\x16\xf7\x06\xf7\x05\xa0\xb7\x81\xb2\x81\xba*\x8a\x82\xea\x04\
[\x09\x16\x9e\x0d\x0a\x08\xfb\x19,\x88\x13\xcf\x00at\
0\x8d\x00~\x0a\x02\xc2\xbe\x07[*\x92\x0d\xfc\xd8:\
\xf1\x0c\x13\x5c*\x8e%\x86\xb8Zpb\xa6=\x10\xf6\
Q\xd8\xe7\xa1\x0a\xc4V\x8eGN\xa1E\xdb\xdc:\x17\
\xaa\xd9\xe7\xa0%\xdd\x03n1\xe4\xbf\x0f\xe2P\x85\xa2\
@\xf6\xc1=\xee\x00^>\xf0\xa6\x83\xfbs\x88;\x0e\
\x84\xf7\xa7\x92$\xe1\xb3\xd6\xb7\xfe\xf3\x86\xb6V\x95\xa3\
\xc01\xe0\xe5\xfe\x0b^\xf2q\xa0'\xc1\x8f\xaaH\x04\
\xdeDp\xa3\xe0\xe2\xff\xcca\x1f\xf3 P\x01\x10\x9a\
\xe0X\x08Xs\xd1\x84G\xe3\xe3\x06p{@\x01\xae\
\x077\x13\xdc{\xc1\xbd\x1f\xe2\xb1\xf0>\x03\xffN\xa0\
\x98\xe9\x0e\xe1\x00\xf0\xff\x09\xde\x83\xc0\xbf\x13\xe8a\x08\
\xff\x1a*\xcf\xad\x10w\x0c\xc2\xf8\x1c\xb1S\x7f\xc0\x1f\
\x13v\x1c\xd8J\x09\x18\x1c\x18\x8f\xf7\xbc\x0b\xe2\xba\x00\
\xe1s`\x8b,\x03w\x09\xb8\xf8w\xdbh\x88\xa0q\
3\x03\xc2\xf8\xef\xc3XyP\x93\xa0q3\x1b\xe2\xa7\
\x81\xff\xbc\xa2M\xc7q\xf0\x02\xdd\x80\xdc\xf0\xa2\xdf\x02\
\xc5\xd4\x07\x84\xbd\x18\xaf\xaaj\xc0f\xb3\xe1\x9f'u\
\x820\x1e\x93\xabA\xa1A2j\x03uu\x14\xdcJ\
\x88\xc7\x16\x88*\x15\xd5X\x09\x84\x05H\x93-\xcb\xa8\
\xf1\xb8\x05~\x11jx)\xf0\xca\x81N\xcc\xe3\x02\x0f\
-@l]xB\x03\xaa0,l\xcc\x84\x028\x06\
\x95G\x85\x02\xc6\xd6\xda\x0d\xe2\xb1ub\x0bDK\x17\
\x0d\x1blQ(\xd0\x1e@X\x1exO\x03\xee\x83V\
1V\xb8\xce\xf1\xfb\xa25*\x80\xca\xaf\xb1\xdb\xed\xf8\
l\xd8\xc2s\x80\xa7\x03\xaf\x0a\xee\xd1&\xdf\x84\xb7\xa3\
\x1d\xedhG;\xda\xd1\x8ev\xb4\xa3\x1d\xe7\x0f\xe7d\
Y\xa79\x80)\x8df\xb6\x17Lk'\x0c\x11\xf0\x19\
\xd0\xd4\xaeF\xb3=\x96\xa0\x11@z\x1c\xe4\xe2\xac\x85\
\x06f\xba\x01\xe6}l\xba,\x10\x08D<\x1eO\x0d\
\xf0;\x02\xdd\x0e\xd7\xc0\xd3a\xdf\x824\xad^]\xfe\
\x9f\x80\xb6\x9e9i\x16P\xb885\x85\xf3\x99/)\
\x8a\xf2'p\x9f\x04\xc2\xe5\x9c\xe6f\xd8\xf3@X8\
\xd3?\x04\x03 \x981\x10\xfe\xd0\xe5r\xdd\x0fA\x9c\
\x9e\xc2q\xd5@\x88\xcb\x834\x8d\x9eN\xfb\xbf\x09\xe7\
\xbd\xc5a\xa1B\xe1\xfe\x0e\xdc\xd9\x10|\x14Z\xc8v\
pq\x99g\x1b\xf8\xf7\x00\x0f'\xa0\xf1?\x09l \
\x9c\x10\xa4\xc3\x017Nw\xfd\x18\xe8YH\x83\xc2[\
\x0c|\x9cuy\x18\xdc\x8d\xc0\x7f\x02\x5cl\xad\xb8\x8e\
\x87\xe9\xb7\x02/\x17\xfc\x08l\xcd\xc9\x10\x17\x86\xb8b\
l\xd5\xe0\xa2`s\xc1m\xf8\x7f9\xd5\x90\x06'\x01\
\xf0\x9cL\x5c\xfe\xc1\x16[\x02\xe9[\xf5\xdd\xf9\xff:\
\x80`\x14h]/\x01\x95\x81\xff\x01\xa0L(,\x5c\
\x1e\xc1\xe9#\x8fa\x18\xb8\xc0\xb9\x13\xf8\xc7\x816@\
\xdcO\x81\xae\x82\xb8\xa3\x10\xb6\x80|@\xe5\x90\xbe\x16\
\x5c\x04.\xd6\xe2,\x7fy\x9c\xfe\x0a\xe93\xc0}\x0f\
h\x15\xd0\x12\xc8[\x04\xb4\x16\xf2\xe0\xd4\x95\x03\xf8\xb8\
\xbe\xb6\x09xx\x8f\xfa|\xff\x0d\xf1\xd3!\xfes\xf0\
\x97\x82\xbb\x0b\xc2\x97\xc7\x1f\xfb\x07\x87\xf3\xae*\xa1V\
\x1b@\xab\xa1\x00\xfdP08\xff\xf8\x1e\xd0\xcf\x80p\
\xc6\x7f\x12\x10N\xf4\xe2\x92\xce\xaf \x0eW\x0ap\xde\
r;\xd4\xfc\xa7\xc1\xc5i\xb4\x17\xc1?\x1b\x0b\x1a\xfc\
8\xa5\xb5\x16\xd2\xde\x0cq\x0f\x81\x1f[+\xb6.|\
/\x9c:\xc3\x96\x8c\xcbD\xcf\x83\x9b\x0b\xf7\xbb\x0c\xae\
w\x01\xb8\xbf\x814A\xf0?\x0e\x84\xfd#.\x07\xbd\
\x05.\xce\xa7\xe2\x8a\xc4\xa3\xe0\xe2zb\xc3\xb9\xcd\x1f\
\x14\xbe\x0f\xc1\xe1\x1c\xe3\xc7PH\xff\x0f\xfcK\xc0\xed\
\x04\x05\xf9{\xa0\xab\xc0?\x10\xe2p\xfeP\x01\xff\x18\
\xf0\x83\xc3\xdd\xaa\xaa\xa2\xda\xc2\xf5/\x13\xe2P\xa8\x9f\
\x0b\x82\xb0\x0bx8/\x89\x13\xd3k\x81\xb6 \x1f\xe8\
\x04@`G\x80~\x0b\xde7 \xcf\xb7\xe0\xa6\x03\xe1\
\xd2\x0f\xf6\x89\xa8Z\xf1\xe0m\x5cN\xc2\x8dB{!\
-\xfe\x91.N>\x8f\x04?\xc6\xb5\xe9Iym\x89\
\xf3.8\x04\x14JD\x14\xc5\xa5P`\xbf\x80\xe0#\
@8)\x8c+\xd5\xd8J\xb0\xdf\xc5\x85O\xdc\xe8\xf3\
,\x08\xe8\x110bp\x19%a@e@\xc1c\x1f\
\x87\x02\xad\x17*\xae*\xa0\xc0\xb3\xe1\xfa\xb8\xda\xf0\x05\
\xd0\xcb@:\xa4}\x1b\x9e\xed)\xe0\xa5@\xde\xc7 \
\xfc f\xf8!\xe2\xfb\xb0*e\xe8?n\x04Uw\
\x0d\x04\xfbB\x81\xe16\x00\x0e\xee\x1e\xe0}\x0b\x84\xad\
\x0b\xffp\xa2\x16\x0a/fD\x00!\xb0`Q\x12\xfd\
\x81p+\x04\x0a$&\x00 \x5c\xf8\x8c\xfd/Ts\
\x80\xfb`\xbat\xc8\x8f-\x0f[7\x1a\x22\x17@\x18\
W\x0fp\x0d\x0f\xd53.\x00#\x1f\xb7S\xfc \xf1\
}\xb48\x06\x85\x82\x9b\x83\xb0\x7f\xc1\xed\x0awBx\
%\xd0\x07P\xdbq{\xc1B\x88\xc7MC\xb8U\xe0\
I\x10^w\x88\xc3Vx\x0c\x9c\xaf \xfeg\x10\xf7\
 \xf8w\x03m\x80\xf0\x08\xa0\xdb\x80\xdc@'\xb5\xac\
x\xb8\x1e\xd8\xd2P\x0d\xe2ZZ%\x10.\xc6\x1e\x81\
p\x7f\xb8\x1e\xaez_\x0e..\x00c\x8b\xc3\xbe\xb7\
\x16\xae\xff:\xf8\x7f\x90\xf8>\x86\x03\xd8q\xa5C\xa1\
\xe0\x80Y\x06W\x03\x17\xb7%\xc4\xfe\xa8\x1d\x805\x1f\
Mu\x5c\xc5\x8e\x80\x8bku\xf8\xb7\x99\xf8\xac\xb8\x96\
\x87\xe6:\x16\xea~\xf0ckCBS\xbe\x02\xc2=\
\xe3\xbcC\xe0\xc7\xf55\x11\xfc_\x83\x8bcGl\xd9\
\xb8\xe5\x00w\x8d=\x0c\x95\x04\xff\x9d\xe3\xcf\xe0\xc7\x05\
\xd7\x1b!\xfc,\xa4\xfd\x00\xd2\xe1b*\xee\x8dA\xc3\
\xe7 \xc4'\xf41F;\xda\xd1\x8ev\xb4\xa3\x1d\xed\
8\x1b\x10\xf2\xff\x01#\x0e\x81a1\x8c\xb4^\x00\x00\
\x00\x00IEND\xaeB`\x82\
\x00\x00\x1f*\
\x89\
PNG\x0d\x0a\x1a\x0a\x00\x00\x00\x0dIHDR\x00\
\x00\x00z\x00\x00\x00\x82\x08\x06\x00\x00\x00\x89\x98\xdc\x90\
\x00\x00\x00\x01sRGB\x00\xae\xce\x1c\xe9\x00\x00\x00\
\x04gAMA\x00\x00\xb1\x8f\x0b\xfca\x05\x00\x00\x00\
\x09pHYs\x00\x00\x0b\x13\x00\x00\x0b\x13\x01\x00\x9a\
\x9c\x18\x00\x00\x1e\xbfIDATx^\xed\x9d\x07`\
\x14\xd5\xd6\xc7\xff3\xb3%\xbd\x87\x10J\xe8\x02\xa2\x08\
\x02RD\xb0\xa0\xa2\x88>\xba\xa8DQ,\xf8\xf9\xc4\
\x02\x82 \x0f\xd1G\x17\x1e\xedQ, *\xc2\xa3\x08\
\x08b\xe1\xd1\xa5J'@\x08%@h\x09!\xa4\x91\
d7\xbb3\xdf\xb9\xb3w!\x81\x94\x9ddw\xb3\xe1\
\xed\x0f&3sf\xcb\xec\xfc\xe7\xde{\xcem\x03/\
^\xbcx\xf1\xe2\xc5\x8b\x17/^\xbcx\xf1\xe2\xc5\x8b\
\x17/^\xfe'\x11\xf8\xfa\x8eF>\x16\x1eh\x16\x95\
NY\xd2\x9b\x99\xe7\xb3z\xefm\xde\xbcy:?\xf4\
?\xc3\x1d/t^|\xe8S\x10\x8c\xb3\xa4\xa0\x9e\xb5\
uQ\x93\x90\x9f/\x5c\xce^\xf8\xd6\x18\xe3\x95\xe3\x11\
\x8a\x82<\xba\x0d\x0e\xfaI\xb9[\xc4!\x87\xae\xf3\xb7\
\xdc\x91\xdc\xb1Bg\x1f\x8d\xb8_'X'B\x10\x1e\
\xd3E\x0c\x83\x14>\x04Jv*L\xabF@\xbep\
\x98\xbf\xca\x86\xa2(\xd9\xb4\xfaF\x91\x84\xb1\x81Cv\
\xa4\xd8\xacw\x16w\x9c\xd09GBj\x89:\xe1s\
E\x11^\xa4\x1f'\x0a\x86\x860\xd4\xde\x04\xe5z\x06\
\xf2~|\x1bJ\xfa\x05\xfe\xca\xdb\xa1\x14\x9eI\xabq\
izeZ\xcc\x87;sm\xd6;\x83;Fh%\
18\xc4\x9c'},CyW\x10\x04\x1f\x9bU\x84\
>f\x0dD}3\xe4-|\x0br\xf2q\x9b\xb9T\
\x94\xb320\xe2\x8b\x9c\x9d\x8bF\x8f\x06mV~*\
\xbd\xd0r\x02\x8cf9l m~BK\xb8j\xe4\
H!\xaf\x82\x95\xcb\xe6?&\xc2r`%\xb7:\x0e\
e\xe9{d\x01\x83\x83\x86\xee\xdc\xccM\x95\x96J+\
\xb42\x0a\xa2\xb9oh/\xca\xa2\xc7\xd2\xaf\xa8\xcb\xcd\
7\x10t\xd5`\xa8\xb3\x1dr\xda\x15\xe4\xcd\x8f\xa57\
\x94-a*\xf4_T\x94U\xf9\x828,x\xe8v\
G\xb3\x04\x8f\xa3R\x0a\x9ds4\xa4\xa3(\x08\xcc\xd1\
z\x80\x9bnC_\xfd{\x88\x01O\xc3\xb4|0\xac\
\xa7\xb6sk\xd9\xa1\xf2;\x9f\xae\xd6\x5c\xd9\x22}\x16\
4\xe2\xcf+\xdc\x5ci\xa8TB\xe7\x1d\x0fk,(\
\x18O\xa9\xecYn*\x121\xb0+\xf4\xd5\xbe\x85\xf5\
\xdc^\x98\x16\xff\x9d[\x9d\x03}w\x06\xa9>\xd6?\
\xca8]\xe8\xbf\x99\xc2\xb3\xcaA\xa5\x10\x9aB\xa5h\
\x9d(\x8f\xa2\xcd\xd7h\xd1\xa9\xc6\xe2\x10\x83\xd4,[\
\x90\xa2\x90\xf7\xdd\xab\xe4\x80%\xf0\x03\xce\x85\xca\xef\xb3\
\x94\xca\x87\x07\xe4\xed\x5c,T\x02\x87M\xe4k\x8fD\
\x89\x8b\x0c\xc89\x1a6J'Z\x99Zo\xd2R\xb2\
\xc8\x84.b\x04\x95\xcf\xd1\xb0\xc4\xfd\xea2\x91\x19\xe4\
\xd9\xd7\x12Ea\xe1u\xbf6;3'\xb4\xe9\xc8\xcd\
\x1e\x8bG\xa6hJ)\xba\xbc\xf8\xd0Wis4]\
\xd0\xaa6k\xe9\x08>\xf7\xc3P\xebw\xc0\x9c\x87\xdc\
\xaf\xfb@\xc9\xbe\xca\x8f\xb8\x1eJ\xe1\xabt\x828\xd4\
\xc7C\x1d6\x8f\x12\x9a\x04\x16L'B\xba(\xb20\
A\x80p77;\x86\xa0\x83!f\x1d\x89\xdd\x14\xf9\
[\xe6 \x7f\xe7w\xfc\x80\xfbP\xa0X\xe8D\xe6x\
\xa2\xc3\xe61B\x9b\x8f\x85\xb7\x94\x05e\x12m>l\
\xb3hC\x0a}\x13\xba*c\xd5\x9a\xaf\xdco^\x04\
\xacf~\xa4B\xc8 \xa7m\x5c\x9aN\x99\xee)5\
l\x15.\xb4r,\xb8\xb6I\x90\xc6Pj\xee+P\
2\xe6fM\xb02\xd9Pg'y\x1c\x010\xfd4\
\x14\xd6\x93[\xf9\x91\x8a\x85R\xf89r\x82\x86\xfb\xe6\
\xec\x5cT\xd1\x0e[\x859c\xca\xa1\xe0\xd0\xdc\xf8\xb0\
Iy\x10\xe3i\xf7\x85\xb2\x8a\xcc\xd0U\x19\xa3\x8al\
M\xdc\xe91\x223\xe8'\xc5Pi\xf4C\x8eo\xdb\
\xdd\xb9\xe3Z\x97)\xa7r\x16nO\xd1J\x1c\x0c&\
]\xd8\xdb\x94\x82G\x92\xb8a\xdc\x5cfD\xffG\xa0\
\xaf\xb1\x8c\xb2\xea|\xe4\xce\x7f\x09JZ\x12?\xe2y\
\xd0o\xfeY\xa7\xc3P\x9f\xc1;\xd8\xcd\xedV\xdc&\
4s\xb4\xcc\xc7\xc3z\xd2z\x1c}k=n.\x1f\
\x82\x11\x86\xda[!\x18\xea\x91\xf3\xf5=9a\xb3\xf9\
\x01\xcfEu\xd8\x14|\xa9H\xc2hw6\x89\xbaE\
\xe8\x9cc\xa1\xedDA\xf8\x826\xdb\xda,\xceA\x0a\
\xff\x90\xe2\xe6\xe1P2\x93\xc9\x01\xeb\x0b\xe4W\x9a\x8a\
*v\xe3g\xd2\xdf\xf1~zL\x15\xdd\xe0\xb0\xb9T\
\xe8\xdc\x84\xc8z\xb0X\xc6C\x10z\x94\xa7\x0c.\x0a\
A_K\xad\x01\xa3x\x0a\xa6\x95\xc3aM\xd8\xc4\x8f\
T.(\xfeN\xa2\xeb3\xc2?g\xc7BW:l\
.q\xc6\xe4\xb8\xa0\xb0\xdc\xe3\xa1S [\x8f\x0a\xa2\
\xd0\xd3\xd9\x223X(\xc5DV\x1d\xb0J*2C\
\x10\x84\x9atq\xbe#\x87\xed\xaf\xdc\x09\xed\x1e\xe1f\
\xa7\xe3T\x01\x12\x12`\x8c\x91o8Z\xa1\xdc\xect\
\xc4\x80'\xa0\xaf\xbe\x08\xb0\x98m\x0e\xd8\xb5\xf3\xfc\xc8\
\x1d\x80\xa2\xac\x91\xa0|\xe43l\xd71nq\x0aN\
\x11\x9a9Z9\xf1a\xdd\xe9\xc3&\x88\xcer\xb4\x8a\
\x83R\xb1\xa1\xce6\xca\xbak#\x7f\xfb|\xe4\xff\xf9\
\x15?p\xe7\xc0k\xd8\xbeR,\xf2\xe8\xc0\x11\xbb\x92\
\xb9\xb9\x5c\x94[h\xf9\x5cP\x989G\xb7\x9c6\xdd\
\x12'\xb2N~\xac\xb3\x9fZ\x036\xefE5U\xdf\
\xa9P\xf9\x9dE\xaa\x8f\xf7\xcf\xcb\x9f*\x8c\xde\x9b\xc3\
\xcde\xa2\x5cB\xcbG\x03\xc3M\xa2\xfeg\xfa\x90v\
\xdc\xe4R\x04}\x0c\xa5\xe6\x1dj\xaavV\x87\x82J\
B\x92\x22(\x9f\xac\xfd\xab\xe6\xc2\xdeK\x97Z\xb9M\
\x13e\x16\xdat<\xb8\x99,\x8b\x8b\xc8\x99h\xc4M\
.\xc7\xdek\xc4zb\x0bL+\x86q\xab\x03Hz\
\x88\x11u!\x04UQ\xb7)\x95pXG!\xbe.\
\x0ar4n\xc2\xb7\xd5U\x01\xfb\x8d\xd7\xd8\xd6\xaa\xdf\
y\xe3p\x81\xd7\x15\xc2\xf6}\x94bm\xdb\xfc\x1c\x04\
\x81|cIGo\x93\xd4}\x85\x85\x8b\xb9\x19\x90)\
\xf7b!$9\xb7[\xfd\x8c\xc6g\x85\xf77k\x1e\
\x80P\xdc\x99\x94\xc8\xf5c\xe1]E(K\xe97\x1a\
\xb9\xc9\xe5\x88\xfe\x8fA_c\x09\xc5\xca\xb9j\xa3\x85\
\x92y\x99\x1f)\x1e! \x02\xfa\xb6\xaf@\xba\xfbI\
\x08F\x7fn\xad\x9c($\xb8\xf5\xccn\x98N\xed\x9c\
\x13\xd0\xf5\x1f\xac3\xa4&4\x0b\x9d\x9c\x9c\x1c\x10\x98\
\xf3v\xa2h\xda\x18\xc1M\xae\xa7`\x0d\x98\x83M\x90\
R\xfd\x87`\xe82\x92\xde\x1a\xc0-\x94\x0bm\xdaF\
\x7f\x8a\xaeT\xb1%.[Js\x18G__(g\
\xb0A9\xe1M\xbb\xba\xadn\xf0\xed\x82\x0b\xfd7\x18\
 \xc5\xd4\x80T\xa3\x1a\xccfs\xbc\xd1hl\xac\xbe\
O\x03\xf41\xda\xc8\xcc\xcc\x9c\xec\x93\xde\xef\x039\xc7\
}\x8d\x07R\xd8{\xd0E\x8e\x84\x9cv\x0ey\xf3\xfb\
\xa9\xf5\xda\xc5#@\xdf\xfa%\xe8;\xbce\xbbP\x05\
\xb0\x1c=\x8e\xecis\x91\x7f0N\xbb\xa8\x1e\x80\xae\
A=\x18^\x8f\xbd\x12\xf0\xf0\x83T\x06iC\x93\xd0\
III\x0d\xa2\xa3\xa3\x0f+)\xef\x18\xad\x99\x94\x8d\
\xba\x01AW\x9d7A\xfa\xc2\xb4\xe4}5\xfb*\x16\
\x9d\x01\x86'\x87B\xd7\xe4)n(\x1a\xeb\xa5d\x98\
\xd6m\xa2e#,\x09\xa7\xb8\xb5r@\xe5\xbaU\x14\
\x94\x9e\x91\xbb7h\xea\xa8\xae\xa9f\xec\x22\xe2\x86J\
\x92d\x14\xfc]V\x81s\x1b\xba*\x9f\xd1Y\xfa\xc1\
\x9a\xb0\xb9D\x91\x05\xffp\xf8<?\xb3T\x91\x19R\
t\x14\xfcb\xfb \xf4\xfb9\x08[2\x0f~\x03\xfa\
A\xaa\x1d\xc3\x8fz6\x94\xe5K\x0a\xc4\xafR\x1f\xe8\
\x1c\xc4M\x0e\xc1\xdc;\x87\x89\xfe[\xd6\xf3\xd5\x02\xea\
7\x89\x0cyH\x903\x16\x92\x17\xe8\xda\x01\x88\xa2\xdf\
C\x94e\x8f\x22\x07\xcc\x04\xd3OC\xa8|-\xfa\xfb\
\xc4\xa8\x86$\xf2\x0c\xf2\xac\xebp\x8b\xe3\x88!\xc10\
\xb4\xb8\x0f\xbe\xbd\x9e\x83\xb1\xe3\x83\x10\x03\xfd!_\xb9\
\x0a%\x8b\x8d\xbb\xf3X\xfc\x14EN\x9ct\xf1\xf4>\
\xbe_*\x9aR\xb4\xa0\xc0\xb4\xf6\xd4\x97b\xbe\x22B\
\x8a\x18\xc1\xad.B\xd0Sj\x1e\xcf6\x90\xbf\xeb{\
[xQ\x04R\xe3N\xf0yq\x0e\x84@\xcd\xc5\xd6\
m\xe8\xee\xaa\x07\xff\xff\x1b\x80\xb0\x9f\xbeC\xc87\xd3\
\xe1\xdb\xa7\x1b\xc4H\xf7\xf9\x9c\x9a\x10\x94\x0e|\xcb!\
4\x09MA\xbb\x9c\x9e\x97\x82\xad\xe7\x96C\x0a\xee\x0b\
\xd6\xeb\xd2UH!\x03\xc8cn\x04%\xfd\x22\xf2w\
S\xeeq+\x14s\xea;\x0c\x84\xb1+e\xed:'\
Gy\xe4\xc4\xe9\xefi\x8c\x80\x0f\xdeF\xf8\xcf\x0b\x11\
2{2|{t\x85\x18\xe6\xb2\xea{\xcd\xb0\xde+\
|\xd3!\xb4\xb6^\xa9\xb52\xdb\xcf\xafDz^*\
\xf4Q\x13hO\xebG\x94\x8e\xa0\xab\x02]\xc4Pu\
\xdb\xbcq\xc6m\xd5\x9c,d2v\x9f\x00}\x1b\xf2\
\xc0]\x8dH7\xd4\xfdM\x11\xf0\xd1\xbb\x08_\xb3\x08\
\xc13'\xc2\xa7[\x17\x88\xa1!\xfc\x05\x15\x039e\
\x06\xbe\xe9\x10\xda\xb2n\xc1&t\xbel\xc2\x1f\xa7\xe7\
\xab)Z\x0a~I=\xe6L\xa4\xc8O\xe9\xcc\x02a\
=\xbb\x07\xd6\x13\x85\x072\x8aa10\xf6\xfb\x0aR\
\xbd\x07\xb9\xc5\x8dH\x12\x0c\xad\x9a#p\xd8{\x08\xff\
e\xb1*\xbao\xf7g \x86WHJ\xd7\x141i\
\x12ZVn6\x8c\x1fI\xdd\x81\xc4\xf4\xc3$\xca'\
,\x9f\xe5\xd6\xf2#\xfa\xb6\x86\x14\xd4\x9bU\xf7!\x7f\
\xc34n\xb5!\xd5mG\x22\x7fMb\xd7\xe2\x96\x0a\
\x84\x8b\x1e0t\x10\xa5t\x12}\xfax\x18Z\xb7\xe0\
\x07=\x0fm\xf9\xae\x22\x14\xe8\x01\xa1`\xed\xa9\xaf\xa0\
\x88!\x94\xcd\xb2\xa1\xc9N@\x90\xa0S\x8b\x03\x01\x96\
\xbdK\xc9\xfb\xe51.+3[\xf7\x83\xb1\xc7\xc4B\
5]\x1e\x03e\xefLd&v\xd0\xe7\xc3)\xa7s\
C\xcd\xb0Z\xb5\xe68\x1a\xb3n\xa5P\xcbI\xca\xf5\
\xb3\xd8}q-%\xe8X\xfaqM\xb9\xb5\xecH\xc1\
\xaf\x90\x90\xf7BNM\x84y\xeb\x1c\x9bQ\xef\x03\xe3\
3\xa3\xa1\xef8\x90N\xc0\xf9\xfe\x80\xb31>\xf1\x08\
\x82&P\xd1#y\xd6\xb9jL\xd1\xb7\xf7i\xdax\
v\x11\xae\x9b\xb3(\x14\x9aH{\x9akTo H\
\x11jG?V5i\xfem\x9c\xea\x80\x09AU\xd5\
\xd0\x89\x85P\x95\x01\xd6\x1a\x95\x91\x9e\x0bC\x9b\x96\xf0\
\xeb\xd7\x87[]\x86\x0bS4\xf7\xba\x0b\x92g\xb9\x8e\
?\x12\x17P\xd9\xda\x8aR\xe4\x0b\xdc\xaa\x1d)r$\
\xfd\x09\x81\xf5\xf4\x0e\xc8\x17\xe3 \xd6h\x06\x9f\xd8o\
 V\xb9\x8b\xbf\xc2\xf3\xb9v-\x17+\x96\x1fT\xb7\
\xfd\xfa\xbf\x00\xb1j\xf9c{g\xa15\x7f\xb1\xf0u\
!\x0e&o\xc4\xb9\xccc$\xd6?T\xb1\xb4\x22\xfa\
\xb4\xb8q\x93XOo\x87\xee\xbe\xbf\xc1\xa7\xcf4\x08\
~\x9e\x13\xb7:\x82\xbf\x9f\x01\x87\x0f^D\xfc\xb1d\
*\xca|\x100\x88\x8d\xf4u\x15\x8a\xebR4Q\xa4\
\xd0\x0a\xfd\xfb\xe5\xe4\x5cr\xcc\xc2(\xfb\xd5^c\xc6\
\x06\xc8\xd9O\xc5\xf0\xe8{0<\xf9\x11\x19\xf5\xea~\
e\xc2\xe8\xa3Cd\x95\x00\xacXz\x00\x16\x8b\x0c\xe3\
\xa3\x1d\xa0o\xd9\x8c\x1f\xadX4\x09M\xf7P\xb1\xdd\
X.g'\x92c\xf6\x0b%\xe8\x97\xe9n\xbe\x8f[\
\x1dC\xf0m\xc9\xb7\x08\xd6\xc3\xa2\x12S\xa3f\x08\xae\
\x5c\xc9\xc6\xc6\xff\xda\x06\xe1\x07|\xf8\x7f\xf4\x9b45\
)\xb8\x04me\xb4\x22\x94\xd8\x88\xbb\xe1\xec\x8f\xc82\
gjt\xcc\x04r\xc4\x0a\xcd\x1aU\xa9\xa9^\xc3V\
t\xfdw]<\xd2\xae^\x87\xaenm\xb5\xc1\xa4\xa2\
\xd1\x96u\x0b%\xcf\xe1d\xb2\xe4\xe0\xf7S\xe4@Q\
\x0au\xbc\xc6\x8c2~\xa5\xf2\x0c\xa5)\x8d\x1a\x5c\xe8\
|\xb3\xf5\x86c\xe6\xffzl\x85\xd7\x93k\xcaS:\
\xber\xd7C\x14L?\xcaw\x8b$%\xe7\x1cj\x05\
\xdf\x8d\xb0\xd0\xae\x903~ \x1dK\x17Q\x0a\xec\x0e\
Aw\xfb\x0c\x16\xe9\x19\x19H\xb9r\x05\x19\x99\x997\
\x96\xac\xec,\xe8\xf5z\x88\xa2\xa8.\xa5\x91\x9e\x9e\x8e\
\xed;\xb6c\xef\xfe\xbd\xb8x\xf1\x22|\xc8I\x0a\x0c\
\x0c\xe4G\x8b\xc6j\xb5\xe2\xd0\xe1\xc38x\xe8 \x12\
N\x9c\xc0\x05z\x9f\x9f\x9f\x1f\xfc\xfdo\xf6;\xb3X\
,0\x99L\xea\x9a-\xb2,C\xa7\xd3\xd1\xe7\xeb\xb0\
q\xbd-\xdb\xbe\x92\x92\x8d\x9a1\xa1\xa8R#\x0cb\
h0\xcc\x9b\x9d\xdak\xf5\xe2\xa4\x0b\x89\x0ewj\xd7\
XF\x8b\xc5\x96\xd1\x05Ysb.\xacB\x10\xa4\x08\
\x0a\x99\x1c@6\x17=\x8a\xf4\x93\x7f|\x82Z\xf5k\
\x17Zj\xd6\xad\x05\xbf\x90\x00\x84E\x85\xa3[\xaf\xee\
\xd8\xb2u\x0b\x7fua\x12\x12\x12\xd0\xbdwODT\
\xab\x82\xc7:?\x8e^}\xfb\xe0\xf1\xa7\x9fD\x8d\xba\
1h\xff\xf0C\xd8\xbc\xe5\xf6\xc9\x00\x99\xc0_\xfck\
\xb2\xfa\x9a\xe6\x0f\xdc\x8f\xce]\x9fF\x97\xe7\x9e\xc1#\
\x8f?\x8a\xa8\x1a\xd1\xb8\xfb\xbe&\xf8\xcfR[\xcf\x9a\
IS\xbeP\xcf\xc3\xbe<L\xafa\xf8\x07\x18\x11\x1a\
\xea\xa7n3V,;\x88\xfc|+|\x9e~\x1c\xfa\
{\xb5\xcd\xd6Q\x12T\x8c\xba0\x8e\x96\x8bw\xc6\x0a\
r5\xf7\x02\xfeLZN\x8eY?r\xcc\x9ask\
\xf1(y\x87\xf8\x96\xe3dfea\xe5\xcf\xab\xd4\x0b\
\xfc\xf9\xd8\x7fr\xab\x8d\x8d\x9b6\xa2e\xbb\x07\xb0b\
\xd5\x0aU\xbc\x82\xb0J\x8dm\x94\xc2\x99\xf8s\xbe\x9a\
\xcb\xad6\xfb+\x03\xfac\xc8\xb0\x8fp\xf9r\xd1=\
L\x8f\xc5\xc7\xe3\xe4\xa9\x93|\xafx\x98Cf\xe7*\
\x95\xd3\xeb\xff8N\x17O@\xc0\xe0w\xe8\x8ak+\
-\x8b\x83\xcaP\x17\x86WR\xd1\xe1UQl%\xa1\
\xd3r\x93\xa1\x8fb\xd3\x92\x94\xfc5e\x11\xda\x0e\x13\
h\xd4g\x9fb\x13O\xa1)))\xe8\xd9\xb77\xb2\
\xe8F(\x09v\x03\xbc3\xe8\xef\xd8\xb5{\x97\xba\xbf\
~\xe3\x06\xfc\xf0\xe3\xed\xed\xde\xb7\x16\x0f\xd5\xabW\xe7\
[\xc5cw\xc8\xecl \x0f<\x95<q]\xa3\x06\
\xf0\xfd[\x17nu/\x9a\x84&W\xcc\xa1\x14\xcd\xb0\
\xc8f\xac99GM\xd1,\xe4*\x09\xd9|\x84\xfd\
\xb5\xed\x94\xc0C\xed\xdbc\xcd\xca\xd5\xf8\xf6\xeb\xf9\x88\
\xae\x1a\xcd\xad6\xb1g\xcd\x99\xa5nO\xa2\xac7-\
-M\xddf\xb0\xba\xff!\x1f\x0eQ\xdf7e\xd2d\
\xf8\xfa\xfa\xf2#6\xb1\x87S\xf1\xc0X\xbfa\xbd\xba\
\xb6\x13\x1c\x1c\x8cC{\x0f 35\x1dG\x0e\xc4\xe1\
\xdbo\xe6\xa3w\xcf\xdeh\xd4\xb0\xf4\xf1\x0a\x05S4\
\xc3b\xb1\xe2'\xca\xc2\x19~\x03\xfbC\x0c\xd1\xd4\xdd\
\xcb)h\x12Z\x14\x05\x87S4\xe3\xd4\xb5\x038\x94\
\xb2Ym\xdd*1\x84\xb2f@\xc9/}J\x8a*\
\x91Q\xe8\xf2\xd4\xd3x\xb9_,F\x8e(\xdcb\xc6\
\xb2U&\xf8\xa2\xc5\x8b\xb8\xc5\xc6\x80\xfe\xafa\xe2\xd8\
\xf1\xea\xfb\xde\x7f\xf7=L\x1c\xc7Z\xc7n\xb2y\xf3\
f\x5cNNV\xdf[\x10+\x89\xc3L\xcc\x01\xbb\xbb\
qc\xbc\xfcR,\xfe\xb3p\x11\xda<\xd0\x9a\xbf\xa2\
x\xaa\xdd\x92\xa2\x19\xf1G/\xe3\xf0\xc1\x0b\x10\x83\x02\
\xe1?\x90M\x80\xe8^4\x09-[\xb5O\x91\xfb\xfb\
\xe9y\xc8Ut\xb6\xce\x04%\xa0\x98\x0a\xcf\x8a_\x1a\
\xfe\xe4\x05\x17\xc4j\xb5\x90`\x97\xc9C.<\xf1z\
\xdf>\xcf\xf3-\x1b\xcf\xf7\xeaS\xa8\x85\xcf*[q\
8\xee0\x1e\xef\xf48\xb7\xd8\xc8\xbe\x9e\x8d\xfb[\xb7\
P\xcb\xf2\xd9sg#55\x95\x1f)\x9d\x90\x10_\
\x04\x90Sv++\x97\x1f\x82\xd9l\x81\xcf\xb3\x9d\xa1\
k\xdc\x90[\xcb\x06\x09\xa7\xa9c\xba&\xa1\x05\xc9\xf1\
\xac\xdbN\xb69\x1d\xeb\x12\x17P\x5c\xdd\x97\xe2\xebb\
'\xe3\x85\x9c\x17\xc7\xb7\x8aG&Q2)\xc4\xda\xbb\
\x7f\x1f\xa6\xcd\x9c\xc1\xad6\x1a\xd4o\x80\xcc\x0c6\x81\
~a\xc2\xc3\x0b\xe7$\x11\x11\x11jxV\x90+\x14\
\xc2=\xf6\xc8\xa3x\xeb\x8d\xc2u\xd3,k\xdf@e\
\xf7\xdb\xef\xbe\x83\x9a\xf5ja\xf4??S\xc3(G\
\xb85\xfbf\x5c\xbb\x96\x83u\xbfQ\x84A\xe5~\xe0\
\x90\xf29f\x8apK\x16T\x0a\xda\xbeI)\xdb\xa4\
\xd7\xfb.\xad\xc3\xb9\xccxu\x92tv\xb7\x14\x85#\
)z\xc5\xaa\x95\x08\x8e\x0cE\xcb6\xad\xb0\x8f\xc4.\
H\xff\x97\xfbC\x10KwDY\x16}\xabX\x12\xaf\
\xa2\x9c=c\x16\x96-^\x82\x16\xf7\xb7(\x94\xea\x19\
yyy\xf8\xf4\xf3\xd1x\xf7\x83\xf7\xb8\xa5d\x8a\x12\
\x9a\xb1i\xe3\x09\xa4$gA\xd7\xa4\x11|\xba>\xc9\
\xad\xaeG[\xd6M79\xdf\xd4\x04k\xf4X\x9d0\
\x0b\xb2\xa1\x119f\x03\xb8\xb50\x8a\x899de#\
\x96\xca\xcf\xe7\xba>\x8b\xe8\xe8\xe8\xdb\xbc\xe4C\x94-\
\x17\xe4x\xc2q\xb5\x82\xa3 u\xeb\xdc\xec\x0f\xde\xa3\
[\x0f\xec\xd9\xb1\x1b\x09G\x8e\xe3\x9f\xa3?GT\x95\
\xc2M\x8d,\x1b?\x97t\x8e\xef\x15O\xf5\x9aE\xd7\
\x84Y-2~Zz@\xdd\xf6\x7f\xfb5\x08Tf\
\xbb\x03MB\x8b\x0eV\x98\x14\x05\xab1\xdb\x96\xb4\x82\
\x1c\xb3a\x10tQ\xdcz\x13%\x9f\xcaV\xab\xb6\xd1\
\xa0\x0d\xea\xd7\xc7\xac\x19\xff&/|\x9e\x9a\x02\x03\x03\
\x02q\x7f\xf3\xc2]\x90\xa7M\x9f\x86\x9c\x1c\xdb\x18r\
\x96\x9a\xc7\x8c\x1f\xa7n\xdb\x09\x0b\x0d\xc3}M\xefS\
\xcb\xf7k\xe9\xd7\xb8\x15\xa8_\xaf\x1eF\x0c\x1b\x8eU\
?\xad\xe2\x16\x1b,7\x88'\xc7\xaf4\xecU\xa1E\
\x91p<\x05\x07\xf6\x9dW\x07\x0f\xf8\xbf\xd5\x9f[]\
\x8b[\xb2n;[\xce-A\x9a\xe9:t\x91\x9fq\
KAd\xc8\xa5\xa4\xea\x87;t\xc4\xba\xb5\xbfc\xd3\
\xba\x0d8s\xe24\x8e\x1f\x89\xc7\xc07\xde*\x94\xcd\
\xbe9\xe0\x0d\xbeec\xcf\xbe\xbdh\xda\xb2\x19^|\
\xf9%5\xcb\xff\xe1\xc7\x1f\xf8\x11\x1b\xed\xda\xb5\xc3\x8f\
\xe4\xa9\xcf\x9a3\x07\xd15\xab\xa3\xd3SO\xe0\x93Q\
#\xf1\xcd\xb7\xf3\xd4\xb8z2\x85k\xb7\x12\x18Tz\
x\x14\x16\xeeG\xa1\x5c\xf1M\xad\xabV\x1c\x82\xc9d\
\x81o\xb7.\xd05l\xc0\xad\xaeC\x9b\xd0\xd0\x16^\
\xddJ>\x8f\xad\xc5\xa0\x1e\x10\xfd\xdas\xebM\x14\xd3\
Q\xbeU4\xe1\xe1\x11\xe8\xf4X't$\xc1k\xc5\
\xd4b\xed^\xfc\xc8M^\x89}\x19\xed\x1f,\xfc\xd9\
\xa7N\x9dR\xc5\xdcw`?\xb7\xdcd\xcd/k\xd0\
\xff\xf5W\xb1p\xf1B\x98\xcc&5\x9e\x1e3~,\
\x06\xbc\xf9:\xfa\xf5\x8f\xc5\xd2\xe5\xcb\xf8+m\xd4\xaf\
W\x1f\xadZ\x14hV-\x06v\xf3\x15WN3X\
\x97\xa3\xdf\xd7\xd2\xef\xa5\xa2&\x809f\xb7\xf8\x04\xce\
F\x93\xd0\x82\x22\x974^\xd5!Xl}\x90\xc5\xd6\
Q\x13\xe9\x03\x0b\xdf\xf1\xe5)\xa7\xed\xb0\x86\x85U\xcb\
V\xa8^\xb4\x16\xb2\xb3K\x1fkU5\xaa*\xc5\xd2\
\x8b\xd5\xefp\x84\xe2\xcai;[7\x9f\xc2\xe5K\x99\
j\x1d\xb8\xcf3\xaeu\xcc4\xb5^u\xe8\xdf\xf0.\
JE\x85\x03\xd32p.\xe3\x18ZT\x7f\x1e:!\
\x1fJ\xee\xcd\x11\x92\x02\x09\xcf\xea\xc7\xed\x5c\xbct\x11\
\x06\x83A\xad\xb0`K\x9b\xd6m\xd0\xaem\xe9\xd3\xa5\
\xb0\xda\xaf\x97^x\x09M\xefm\xaa\xb60efe\
\xaa\xe2\xb0\xca\x0f\xd6\x0a\x15\x14\x18\x84\x98\x9a1\xe4\x84\
\xd5E\xbd\xbau\xd5\xdc\xe1\xfdA\xef\xab7\x87@)\
,7'W-\xd7Y\xaad\x9f\xd5\xe4\xee&xc\
\xc0\xeb\xf8n\xde\x02\xd4\xa5\xd73XH\xc6bw\xfb\
\xb91O\xbd\xd3\xa3\x8f\xa9\xc7\xec\xe4\x5c7\xe3\xd0\x81\
\x92\x1e\xa8\xa6\xe0\xf2\xe5,\xb4z\xa0\x16\xf4M\xefF\
\xde\xaa_A\x816?Z*\x9aZ\xaf4\xe5\x17#\
7?\xdb\x85\xde\xb0\x86\xef\x96\x8b\xe6U;\xe1o\xf5\
_\x859\xb1-\x14\x0b\xbf\x18b \x8c\x0dN\xb3\x0d\
\xdb~\x05R\xb0\xa6\xec\xd6P\xcbQRR\xb20\xfe\
\xf3?\xf8^\xf1\xbc\x18\xdb\x0a-Z\xc5 w\xd9\xcf\
\xc8\x9eT\xb8~\xa0x\x94=Uv\xafo\xc5wJ\
E\xa33\xe6`m\x81\x03\x1c\xb8\xbc\x1eg\xb2\x12\xa1\
N\xc1lG\xce\x22\xd1/\xf1\x9d\x8a\x85\x89k_\xca\
JDD\x80\xda\x8f\xac4V\xaf<Lqz\xbe\xcd\
1\xbb\xcb5\xd3\xb4i\x12Z\x14te\x0e\xafnE\
\x8d\xadO\xcc\x86\xec\xdfY\x9d\x88\xc6\x8ebr\xfb\x0c\
\xc7.C\x14\x05T\xaf^\xbcCf'33\x0f\xbf\
\xfeB\x8e\x99$\x91c\xf6wv\x97\xf1#\xceC\x93\
\xd02\xab\xe9w\x22\xa99\xe7\xb15i\x99m\x1c\xb4\
`\xab\x1bV\xcc\xae{\xb2MEP%\xca\xb1\x0a\x91\
m[N\xe1\xe2\x85\x0c*\xab\x9b\xa8\x9d\x14\x9c\x8d\xb6\
\x14-\x89\xe5\xf6\xbao\x85uP\xb8j1@\x0a{\
W\xddW\xcc\xa57\xecW&|J\x88\xa5\x0b\x22\xcb\
\x0a\x96/\xd9O\xbe\x01\xe0\xff\xce\x00\x08\x01\xce\x1dc\
\xa6\xd1\xeb)_\x1c]\x14\x16\x8a\xd8V\x9f\x9cMB\
\x0fR\xe7\xf7T\xcc\x95k\xf2\x98\xa2\xc8\xb1\xdcte\
\xae\xa59>\xb3c\xe2\xe9\xab\xf8k\xd7Y\xb5#\xa1\
\xff\x9b%\xb7\xe1k\xa5\xc2\x85f\x9cI\x8f\xc3\x81\x94\
\xed\x94\x85\x8f\x83\x92\x9f\xc8\xad\x95\x0f\xe6\xa7O>\x92\
\x8a1\x87lOBb\xe1\x15k\x87\xd6\xc2\x9a\x9f\x0f\
SxG\x8eY\x8f\xae\xd05\xb8\xed\xd9\xaa7\xa0\x94\
\xaf\xa9 \xd7(\xf4-\xad\x01N\xe4\x8f\xc4o\x91g\
l\x03u\xba\x0c\xc5\xc4\xad\x95\x07\x96\x8a_\xda\x92\x84\
/\xe2R1\xf4\xdeH\xd5\xf6\xcb\xea8\xb5\x9aS\x0b\
\xd9Y&\xac]\x13gs\xcc\x06\x17\xef\x98\x91YS\
\x1d\x886\xa1\x05\xd7\xa4hFN~&~?=_\
\xad\x07W\xac\xee{\x02\x9d38\x93\x9d\x8f\xf6kO\
\xe3\xc7\xd3\x19\x18\xdb\x22\x0aAz\x11g\x12\xafb\xe7\
\xf6\xb2\xe5N;\xb6%\xe2|R:\xf4\xcd\xee\x81\xcf\
SE\x8f$\xa5\x04}\xb3O\x94\x03h\x12\xdaZ\xc2\
\x90\x1cgp y#\xce\x5cO\x07{\xf6sea\
\xc3\xa5\xebh\xb5\xfa$\xf6\xa7\xe5\xa1U\x84/^\xa9\
\x1f\x0a\xabU\xc1\xb2\xff\xd8\x1c\xab\xb2p\xd31Sl\
\x8eY\x81\xfe\xe4v\x04(\x85\xbb\xd8\x94\x82\xb6\x14m\
v]\x8a\xb6\xa1`U\xc2\x0cd\x98\x1c\xef\xb6SQ\
0\x0d\xa7\x1e\xbd\x8a'\xfe8\x83T\x93\x15\xac\xcf\xc3\
\xb4\xd6\xd1j\xc1\xb9u\xf3I5T*\x0fg\xcf\xa4\
a\xd7\x8e3\x10\xc3\xc3\xe0\xffF,\xb7\x16@\xd16\
\xe1\xae&\xa1\x15\x9d\xe2\xf2Y\xd0\xaf\xe5%\xe3\xcb\xfd\
\x83\x91\x90\xf6\x17\xb7x\x1e\xb9T\x1e\xc7n=\x8f\xf7\
w_\x82\x95'\xdb\x17\xea\x86\xa0m\xa4\x1f\xd2\xed\xad\
RN\xe0\x97\x9f\xe3p\x9d\x1c:\xdf\x9e\xcfAW\xaf\
6\xb7\xdaP\xd49\x9f\x1dG\x9b\xd0z\xd9-\xd3\xdd\
g\x9b\xafaa\xdc?1\xef\xe0\xc78re\x9b\xda\
u\xd8S8w\x9d\xca\xe3_\x13\xf1\xc3\xa9\x9b\x9d$\
\x02\xa8L\x9e@e3c\xd5\xf2\x83\x9a\x1d\xb0\xe2`\
\x223\xb1\xa1\xbb\xdd1\xa3\xac[\xd3\x83D\xb4\x09-\
\x88.\xce\xba\x0bs6\xe3(\x96\x1c\x9b\x88\x89;b\
\xb1,~2\x8e\xa4n\x87\xd9Zq\x03\xf26]\xbe\
\x8e\x96\xabOa\xdf\xd5\xc2\x8f\xa9\xfa\x98\xbc\xecj~\
zu\x00\xfc\xc1\x12Z\xab\xca\x02\xcb\xbe\xcfQ6\xce\
\xe6:\xf3\xe9\x5c\xa0\xaaX\x11J\x1e\xa1p\x0b\xda\x84\
\xce\x96\xdc*\xb4\x1d\x935\x17\x87S\xb6`\xc9\xd1\x09\
\xaa\xe8\xff\xa1u\xdc\x95\xad$\xba\xfb\x1e\xe4:\xfd\xd8\
U<N\xe5\xf1\x95\xbc\xc2\x97\xa0n\xa0\x01\x1f6\x89\
P\xc7W\xd9\xfb\x829\x13\xe6\x90-[r\x80;f\
\xafC\xf0\xb39\xdb\x94\xa2]\x17G+\xd0\xb3_Y\
F_\xd29\xb0\xc9\xec\x8eR\xca^z\xec\x0bL \
\xd1\x17\x1f\x1d\xa7\x0e\x120Y\xcb\xf5l\x91b\xc9#\
\x0f\xfa\x95?\xcfc\xd0\xaeKT\x84\xdc\xfe\xd3\xbfh\
U\x15FI\xb81\xec\xc6\x15\x9cO\xba\x86\xed\x7f&\
B\x8c\x08\x83\xef\xf3\xddmF\xa1\x98\xee\xb4\xc5\xa0I\
hs\x9ab\xa6\x1b\xabB\x85.\x08+\xbb\x8f\xa5\xee\
\xc4\xf2\xf8)\x94\xd2_\xc6\xa2#c\xd5\x94\xcfr\x00\
g\x90D\xe5\xf1C\xbf\x9e\xc6\x82\x93EwZ\xec\x14\
\x1d\x80n1A\xaa\xc0\xea@:\x17\xc2\x1c<\x13\xe5\
&\xbe\xbd\xbbA0\xe8YR\xd7\x14\xeaj\x12\xba\xad\
\xd0\xdb\x1c`\x0c\xf5\xc8j+&z\xfc\xd5]jY\
>\x89g\xef,\xe5\xb3\x1c\xa0,l\xe1\xe5\xf1\x9e\xd4\
\xa2o\x1a=\xc5S\xffjm\x1b\xd3\xcd\xc6U\xb1\xf1\
U\xae$;\xdb\x84\x1d\xdb)U\x87\x06\xc3\xd0\x9e=\
\xe2S\xd0\x14\x83j\x12:22RhV\xa5B\x1f\
\x83\xec\x10\xac\x13\x22\x13\x99\x89=\x89R\xfa\x8a\xe3\xd3\
\xd4\xbej\xb2\x83\x9dX\xb7\xa5\xe4\xa8\xe5q\xca-\xe5\
qA\xdel\x18\x86{B|p\xe8\xe0\x05\xcd\xf5\xd9\
ee\xef_\xb6\xfe\xe4\x86v\x0fP\xb6\xaah\x8a\xe1\
4\x09\xdd\xb1cG\xa9C\xcd^\x86H\xbf\x9a\xdc\xe2\
\xf9\xb0l\xfc@\xf2\x06|wx\x14\xa6\xecz\x0d\xeb\
\x12\xbf\xc3\x95\x9c\xa2\x07\xf4\xb12iQb\x06\x9eZ\
w\x06\xe6\x02\xe5\xf1\xad^O\x84Q\xc2\xe8fU\xd4\
0j%\x9f\xbe\xc2\x1d\x5c\xba\x98\xa1\xe6\x1cR\xc3z\
\xb9\x82\xa0\xfc\xc6\xcd\x0e\xa1\xc9s#\xcfO\x92e9\
+\xcf\x9a\xed\xcb\xa6\x9bb\xe1N9\xbbz;\x09\xde\
\xf1\x97\xe2L\xf5\x1f\xadE\xfa\xc7\xea\x14DA\xc7\x06\
\x1e\xd0\x22AR\x17\x1d$Q\x8f\x98\xe0\xc6h\x19\xdd\
\x19\xd5\x02l]w\x98\xb0=7\x9e\xc3\xea\xa4\xd2\xa3\
\x96\x7f\xb7\xa9\x86\xb7\x1b\x85a\xcd\xaa8r\xc2\x5c[\
6\x17\x84\x85\xd1c&>\x0bS\xfa\xd5w\x82\xa3\xa3\
g\xd1\xae\xc3\xfe\x92&\xa1\x09\xe1\xc8\x95\xcc\xb5\xf5B\
\xfd;\x1b%\x11\x99\xa6\xabHL?\x84\xb4\xbc\xcb\xbc\
R\x83.\xb0z\xb1m\x17\xd9v\xd1m\x17\x99]l\
v\x91\xedv\x9b\xcdv\xf1\xd5\xb5h\x13\x845\xca\xd8\
\x84a\x82\xd0B\xc7\xec\x9fq\xe3\xb5\xac\xb7(?\xa6\
\xbe\x8e\xadEz\x9d\xfa\xbd\xfc\xfb\xd5\xb3U\xcf\x80m\
\x95\xc8yr\xbab\xc9\xb3\xdex\xa9\xf4GG4\x0d\
\xf5\xc1\xbeg\xeb\xe1Jr\x16&\x8f_\x0f\xab\xd5}\
7zX\xb8\x9f2pP\x9bw#\xc2\xc2fr\x93\
\xc3h\x15\x1a\x98w\xa4A5\x7fi\x7f\x8fZ\x81\xfe\
\xac\xca\xaf6\xc5\x91Az\x09:~{\x15\x8c@\xec\
\x9b,\x06T\xd7\xea_\x1b7\x8f\xf15_\x18E\xbd\
\xbe8\xec?\x80\xadm\x22\xab\xfa\xda\xd6\xb4\xb0\x1b\x8f\
\xa2\x1fZhM\x05\x95z\x9b\xd1~\xba\xd9\x8a\x84\x0c\
3~\xbb\x90\xa5\xb6:\xe5: \x18\xfb\xbc\xf5\x9d\xeb\
\xe0\xe1(\x7f\xcc\x9e\xb1\x05'O\xd8\xda\x9d\xddE\xed\
\xba\xfe\x93\x07}\xf0\xd4`\xbe\xab\x09v\xee\xda\x99w\
\xf0^z\xeb4\xbab\xee{\x5c\x8e\x07\xd0\xb3v0\
\x96>\x5c\x13{\xf7\x9c\xc3\xc2\x05\xee\xad\x8bW \x8c\
\x9b:\xb3\xc7p\xbe\xab\x99\xb2\x09mg\xde\xe1\xae\xf4\
w\x22}\x8a\xdb\x9eOYQT\xf7\xd3\xe3\x00e\xd9\
\x01t\xc9\xc7}\xfe\x07\xb22\xddT\x15\xab \x93r\
\xa0ASf\xf6\xfc\x96[\xca\x84&\xaf\xfb6^\xbd\
w5\xea\xdcs/\xe5\xb5\x7f\xa7=\xf7\xe6c.\x80\
\xc5\xc6E\xc1\xcc\x0b\x1e\xaa\x8e\x08\x1f\x1d6o8\xe1\
\x16\x91\xa9\xf4\x92I\xe4E\x16QhR^\x91\x19\xe5\
K\xd1\x05\x99\xbb'\x18F\x9f\xe1\x90\xe5w)K\xf7\
\xe1\xd6J\x05\xbb\x18E\xf9\x05oQ\xcc<\xbbm5\
\xb5\x9b\xcf\x98\xd1\xbf9\xadu\xaa8H\xe4\xed\x92\xa2\
|0yV/\xdb\x94IN\xc0yB\xdb\x99\xbf\xbf\
6\x14\x89\x0dB.<YH%%\xdaW\x87\xf8\xee\
w\xa9\xdd\x83V,;\xa0\x0e\x8cs\x15$p\x22\xfd\
\x196uV\xaf\xa5l\xd7fu\x0e\xe5\xcb\xba\x8b\xa2\
\x7f\xf33x\xb5i_\x12\xbb-\x9d\xf46n\xad\xb4\
LhYU\x15\xf9JJ\x96\xda\xb0\xe0\x12\x14\x85U\
\xa6\x7fd\x15\xfd\x1a\x93\xc8ljB\xa7\x8a\xccpq\
\x8aS\x04|s\xa8\x07\xa5\xec\xf1\xb4\xb8fP\x91\x0b\
i\x1d\xe9\x8b\x1d]\xea\xa9\x17\xe9\xeb\xb9\xdbq4\xce\
\xe9\xe3\xc2\xd8\x80\x88/-\x82u\xf4\x8c\x19}\x5c\xea\
\xe3\xb8'k]\x12g@\xb6\xfc\x0e}\xdb\x08\xfa\xca\
0n\xf5h\xd8\x85\xd9\xf2t]\xb4\xaf\xe2\xa7\x0a\xcc\
\x84v&\x94d\xd7Pv:\x84\x1c-\xb7\x0c6s\
o\x19\xfaU\x5c\x18$\x99\xcd\x04\xfb6\xa5pMO\
bs7\xcf\xc5\x04a\xe5\xa31\xaa\xe35q\xec:\
M#.J\xe1\x80 +\x83\xa7\xcc\xeaUx\xaaB\
\x17\xe3^\xa1\xed|\x17W\x1fVy\x02\xdd\xd6\xdd<\
\xd1a\xd3\xd1)\x1dz\xae>\x1a\x87\x18\xd5^#\x7f\
n)\xbf\x03F)\xf8\x82\xa0\x08#\x83\x22\xba/\x18\
=\xba\xe0\xf3\xc3\xdcC\xc5^\xe4\x05q\xed!+_\
\xd0V\xe9\xf3.\xba\x91\xd7\x1a\x84\xe2\xeb\x07\xab#\xfe\
h2\xbe\x9a\xf3'\xf3\x86\xcb\x83\x95d\x1e/\x1as\
\xc7M\x9e\x1c\xeb\xda\xe70\x97@\xc5\xa7&\x85\x1c\xb6\
\x05G\x9e'\xc1\xc7\xd2\xd9\x14\xee\xd3Z\x01\xf8\xe9D\
$to\x00\x7f\xb3\x05S&\xacW\x1b\xfc\xcb\xc1\x1e\
Y\xc6\x87\xd3f\xf5,zRq7\xe29\xd9\xe6\xfc\
\x8d>P\xc2\x06Q\xc47\x8c\xce\xaa\xf4\xd1\xe3.\xe2\
\xf3\xe6Q\xf8\xe4\xbeH\xcc\xfbr\x07\xe2\x0e_\xe4V\
m(\x8a\x92H\xb7\xef\x88\xa93z.\xa6\x92\xc9\xe9\
\xa1RY\xf0\xb8\xf2\x11\x0b\xe3#`2\x7fJe7\
\x9b0\xcc\xb1\xc1\xc5N\xa2Q\xb0\x11\x07\xa9l\xbex\
\xf6\x1a\xa6O\xd9\xc8\xad\x8eC\x8a&\xd1\x05\x9d\x18\x14\
.\x7f9zto\xcf\xe9\x8cNx\x9e\xd0v\xbe>\
\xd8\x10\x928\x81.\xdf\xb3t\x9a.?O\xf6\x05\xff\
}\xb2\x0e\x1e\x8d\xf6\xc7\xac\xe9\xda\x9a I\xe04z\
\xff\xf8\xb4\xac\xac\x19\x0b\x16\xf4\xf7\xc8'\xc1x\xae\xd0\
v\xbe9\xd4\x11\xa28\x89.\xa7\xc33\xf0\x94\x85\x17\
\xeb\x86\xe0\x87\x0e5\xd4N\xf8_\xce\xfa\x93[K\x86\
\x9c\xb4\x5c\xba\x05\xffm\xb4\xfa\x8c\x1d?\xfb\x99\x9b\xf3\
Kz \x9e/4\x839l\xdf\x1ef\xcf4\x1cC\
\xa7\xec\xf4\x87G\x87\x18$\xc4wk\x80*>\x12\xa6\
L\xdc\x80\x0b\xe7K\x9d\x93\xd4J%\xefB\x8b$\x8f\
\x9c>\xbdw\xe93\xc0z\x00\x95Ch;\xf3\x13\xc9\
a\xbbN\x0e\x9b\xfc1\xe5\xe6\xc1\xdcZnf\xb5\xa9\
\x86\x81\x8d\xc2\xb0g\xf79\xfc\xf8}\xc9\x1d\x0a(\x9b\
\xfeM\x800\xec_3{\xb8\xafW\xa0\x13\xa8\x5cB\
\xdba\x0e[\x9ei\x14D\xe6\xb0\x95\xaf\x86\xadM\xa4\
\x1f\xb6=]\x17\x96|\x8b:\xf9\x1b\x1b\x0dY\x14\xe4\
I\xef\x15\x15\x0cuw\x8d\x96\xb3\xa8\x9cB\xdb\x99w\
\xa4\x01\x04e<\xa5\xf0n\xf4S4\xff\x16\xd6\xd1`\
O\xd7zj\x87?6\xcf\xd7\xba\xdf\x8e\xf1#\x05Q\
N\xcb\xc0'SgR\xa8D_\xc6\x8d\x95\x0e\xe77\
S\xba\x93W\x9b\x9c@\xff{z@\x16;P\x9e\xba\
\x93[\x1dfp\x93\x08Ud6\xa4f\xe3-\xddv\
)\x05\xa7\x92\xb3\xf5^P\xb8\xd2x\xda\xcc^\x8b*\
\xb3\xc8\x8c\xca\x9d\xa2\x0b\xc2\x1c\xb6y\x87{\xd1/\x1a\
K\x89\xbb\xd4&\xd1fa>j\x13\xa4\x91R\xf5\x9c\
\x7fo\xc5\x89\xe3)\xfc\x88\xc2f{\x9dj0\xc9\x13\
'|\xd9\xbb|\xd3\x16x\x10w\x8e\xd0v\xd4&Q\
e \x096\x92\x04+\xf2\x19L\x0d\x83\x8d\xf8\xef\x13\
\xb5Q\xc3_\xafN(\xb3d\x91\xfa|\x0e+\xa5\xe2\
o\x05\x8b<\xea_s\xfb8w\x90\xb3\x07p\xe7\x09\
mg\xfe\xfe\x10(\xd2 \x12;\x96R{\x1dZ\x0b\
\xe1FI\x9dL\xe6\x1f\xcd\xaa\xa8\xbdFRS\xb3\xd5\
N\xf8f\xb3\xe5\x17YR\x86N\x9d\xda\xab\xfc\x13\x86\
{\xa9@\x16\x1e\x0a\xf5\xfdzo\xb5\xf4\xec\xec\xa9\xf9\
\xf9\xf9\x19\x94r\x95\xfc|\x8b2{\xe6\x96\xdd\x1f\xbf\
\xbf\xf2\x7f\xaao\xfa\xff\x0ck\xd7\xae5&%%\xb5\
\xd9\xb9\xf3\xf8}\xca\x12E\xd3`r/^\xbcx\xf1\
\xe2\xc5\x8b\x17/^\xbcx\xf1\xe2\xc5\x8b\x17/^\xbc\
T.\x80\xff\x07O6A\x5c\xb3\x1c\x12\xbf\x00\x00\x00\
\x00IEND\xaeB`\x82\
\x00\x00\x14\xa9\
\x89\
PNG\x0d\x0a\x1a\x0a\x00\x00\x00\x0dIHDR\x00\
\x00\x00b\x00\x00\x00\x81\x08\x06\x00\x00\x00;uo\x22\
\x00\x00\x00\x09pHYs\x00\x00\x0fa\x00\x00\x0fa\
\x01\xa8?\xa7i\x00\x00\x0aOiCCPPho\
toshop ICC profi\
le\x00\x00x\xda\x9dSgTS\xe9\x16=\xf7\xde\
\xf4BK\x88\x80\x94KoR\x15\x08 RB\x8b\x80\
\x14\x91&*!\x09\x10J\x88!\xa1\xd9\x15Q\xc1\x11\
EE\x04\x1b\xc8\xa0\x88\x03\x8e\x8e\x80\x8c\x15Q,\x0c\
\x8a\x0a\xd8\x07\xe4!\xa2\x8e\x83\xa3\x88\x8a\xca\xfb\xe1{\
\xa3k\xd6\xbc\xf7\xe6\xcd\xfe\xb5\xd7>\xe7\xac\xf3\x9d\xb3\
\xcf\x07\xc0\x08\x0c\x96H3Q5\x80\x0c\xa9B\x1e\x11\
\xe0\x83\xc7\xc4\xc6\xe1\xe4.@\x81\x0a$p\x00\x10\x08\
\xb3d!s\xfd#\x01\x00\xf8~<<+\x22\xc0\x07\
\xbe\x00\x01x\xd3\x0b\x08\x00\xc0M\x9b\xc00\x1c\x87\xff\
\x0f\xeaB\x99\x5c\x01\x80\x84\x01\xc0t\x918K\x08\x80\
\x14\x00@z\x8eB\xa6\x00@F\x01\x80\x9d\x98&S\
\x00\xa0\x04\x00`\xcbcb\xe3\x00P-\x00`'\x7f\
\xe6\xd3\x00\x80\x9d\xf8\x99{\x01\x00[\x94!\x15\x01\xa0\
\x91\x00 \x13e\x88D\x00h;\x00\xac\xcfV\x8aE\
\x00X0\x00\x14fK\xc49\x00\xd8-\x000IW\
fH\x00\xb0\xb7\x00\xc0\xce\x10\x0b\xb2\x00\x08\x0c\x000\
Q\x88\x85)\x00\x04{\x00`\xc8##x\x00\x84\x99\
\x00\x14F\xf2W<\xf1+\xae\x10\xe7*\x00\x00x\x99\
\xb2<\xb9$9E\x81[\x08-q\x07WW.\x1e\
(\xceI\x17+\x146a\x02a\x9a@.\xc2y\x99\
\x192\x814\x0f\xe0\xf3\xcc\x00\x00\xa0\x91\x15\x11\xe0\x83\
\xf3\xfdx\xce\x0e\xae\xce\xce6\x8e\xb6\x0e_-\xea\xbf\
\x06\xff\x22bb\xe3\xfe\xe5\xcf\xabp@\x00\x00\xe1t\
~\xd1\xfe,/\xb3\x1a\x80;\x06\x80m\xfe\xa2%\xee\
\x04h^\x0b\xa0u\xf7\x8bf\xb2\x0f@\xb5\x00\xa0\xe9\
\xdaW\xf3p\xf8~<<E\xa1\x90\xb9\xd9\xd9\xe5\xe4\
\xe4\xd8J\xc4B[a\xcaW}\xfeg\xc2_\xc0W\
\xfdl\xf9~<\xfc\xf7\xf5\xe0\xbe\xe2$\x812]\x81\
G\x04\xf8\xe0\xc2\xcc\xf4L\xa5\x1c\xcf\x92\x09\x84b\xdc\
\xe6\x8fG\xfc\xb7\x0b\xff\xfc\x1d\xd3\x22\xc4Ib\xb9X\
*\x14\xe3Q\x12q\x8eD\x9a\x8c\xf32\xa5\x22\x89B\
\x92)\xc5%\xd2\xffd\xe2\xdf,\xfb\x03>\xdf5\x00\
\xb0j>\x01{\x91-\xa8]c\x03\xf6K'\x10X\
t\xc0\xe2\xf7\x00\x00\xf2\xbbo\xc1\xd4(\x08\x03\x80h\
\x83\xe1\xcfw\xff\xef?\xfdG\xa0%\x00\x80fI\x92\
q\x00\x00^D$.T\xca\xb3?\xc7\x08\x00\x00D\
\xa0\x81*\xb0A\x1b\xf4\xc1\x18,\xc0\x06\x1c\xc1\x05\xdc\
\xc1\x0b\xfc`6\x84B$\xc4\xc2B\x10B\x0ad\x80\
\x1cr`)\xac\x82B(\x86\xcd\xb0\x1d*`/\xd4\
@\x1d4\xc0Qh\x86\x93p\x0e.\xc2U\xb8\x0e=\
p\x0f\xfaa\x08\x9e\xc1(\xbc\x81\x09\x04A\xc8\x08\x13\
a!\xda\x88\x01b\x8aX#\x8e\x08\x17\x99\x85\xf8!\
\xc1H\x04\x12\x8b$ \xc9\x88\x14Q\x22K\x915H\
1R\x8aT UH\x1d\xf2=r\x029\x87\x5cF\
\xba\x91;\xc8\x002\x82\xfc\x86\xbcG1\x94\x81\xb2Q\
=\xd4\x0c\xb5C\xb9\xa87\x1a\x84F\xa2\x0b\xd0dt\
1\x9a\x8f\x16\xa0\x9b\xd0r\xb4\x1a=\x8c6\xa1\xe7\xd0\
\xabh\x0f\xda\x8f>C\xc70\xc0\xe8\x18\x073\xc4l\
0.\xc6\xc3B\xb18,\x09\x93c\xcb\xb1\x22\xac\x0c\
\xab\xc6\x1a\xb0V\xac\x03\xbb\x89\xf5c\xcf\xb1w\x04\x12\
\x81E\xc0\x096\x04wB a\x1eAHXLX\
N\xd8H\xa8 \x1c$4\x11\xda\x097\x09\x03\x84Q\
\xc2'\x22\x93\xa8K\xb4&\xba\x11\xf9\xc4\x18b21\
\x87XH,#\xd6\x12\x8f\x13/\x10{\x88C\xc47\
$\x12\x89C2'\xb9\x90\x02I\xb1\xa4T\xd2\x12\xd2\
F\xd2nR#\xe9,\xa9\x9b4H\x1a#\x93\xc9\xda\
dk\xb2\x079\x94, +\xc8\x85\xe4\x9d\xe4\xc3\xe4\
3\xe4\x1b\xe4!\xf2[\x0a\x9db@q\xa4\xf8S\xe2\
(R\xcajJ\x19\xe5\x10\xe54\xe5\x06e\x982A\
U\xa3\x9aR\xdd\xa8\xa1T\x115\x8fZB\xad\xa1\xb6\
R\xafQ\x87\xa8\x134u\x9a9\xcd\x83\x16IK\xa5\
\xad\xa2\x95\xd3\x1ah\x17h\xf7i\xaf\xe8t\xba\x11\xdd\
\x95\x1eN\x97\xd0W\xd2\xcb\xe9G\xe8\x97\xe8\x03\xf4w\
\x0c\x0d\x86\x15\x83\xc7\x88g(\x19\x9b\x18\x07\x18g\x19\
w\x18\xaf\x98L\xa6\x19\xd3\x8b\x19\xc7T071\xeb\
\x98\xe7\x99\x0f\x99oUX*\xb6*|\x15\x91\xca\x0a\
\x95J\x95&\x95\x1b*/T\xa9\xaa\xa6\xaa\xde\xaa\x0b\
U\xf3U\xcbT\x8f\xa9^S}\xaeFU3S\xe3\
\xa9\x09\xd4\x96\xabU\xaa\x9dP\xebS\x1bSg\xa9;\
\xa8\x87\xaag\xa8oT?\xa4~Y\xfd\x89\x06Y\xc3\
L\xc3OC\xa4Q\xa0\xb1_\xe3\xbc\xc6 \x0bc\x19\
\xb3x,!k\x0d\xab\x86u\x815\xc4&\xb1\xcd\xd9\
|v*\xbb\x98\xfd\x1d\xbb\x8b=\xaa\xa9\xa19C3\
J3W\xb3R\xf3\x94f?\x07\xe3\x98q\xf8\x9ct\
N\x09\xe7(\xa7\x97\xf3~\x8a\xde\x14\xef)\xe2)\x1b\
\xa64L\xb91e\x5ck\xaa\x96\x97\x96X\xabH\xab\
Q\xabG\xeb\xbd6\xae\xed\xa7\x9d\xa6\xbdE\xbbY\xfb\
\x81\x0eA\xc7J'\x5c'Gg\x8f\xce\x05\x9d\xe7S\
\xd9S\xdd\xa7\x0a\xa7\x16M=:\xf5\xae.\xaak\xa5\
\x1b\xa1\xbbDw\xbfn\xa7\xee\x98\x9e\xbe^\x80\x9eL\
o\xa7\xdey\xbd\xe7\xfa\x1c}/\xfdT\xfdm\xfa\xa7\
\xf5G\x0cX\x06\xb3\x0c$\x06\xdb\x0c\xce\x18<\xc55\
qo<\x1d/\xc7\xdb\xf1QC]\xc3@C\xa5a\
\x95a\x97\xe1\x84\x91\xb9\xd1<\xa3\xd5F\x8dF\x0f\x8c\
i\xc6\x5c\xe3$\xe3m\xc6m\xc6\xa3&\x06&!&\
KM\xeaM\xee\x9aRM\xb9\xa6)\xa6;L;L\
\xc7\xcd\xcc\xcd\xa2\xcd\xd6\x995\x9b=1\xd72\xe7\x9b\
\xe7\x9b\xd7\x9b\xdf\xb7`ZxZ,\xb6\xa8\xb6\xb8e\
I\xb2\xe4Z\xa6Y\xee\xb6\xbcn\x85Z9Y\xa5X\
UZ]\xb3F\xad\x9d\xad%\xd6\xbb\xad\xbb\xa7\x11\xa7\
\xb9N\x93N\xab\x9e\xd6g\xc3\xb0\xf1\xb6\xc9\xb6\xa9\xb7\
\x19\xb0\xe5\xd8\x06\xdb\xae\xb6m\xb6}agb\x17g\
\xb7\xc5\xae\xc3\xee\x93\xbd\x93}\xba}\x8d\xfd=\x07\x0d\
\x87\xd9\x0e\xab\x1dZ\x1d~s\xb4r\x14:V:\xde\
\x9a\xce\x9c\xee?}\xc5\xf4\x96\xe9/gX\xcf\x10\xcf\
\xd83\xe3\xb6\x13\xcb)\xc4i\x9dS\x9b\xd3Gg\x17\
g\xb9s\x83\xf3\x88\x8b\x89K\x82\xcb.\x97>.\x9b\
\x1b\xc6\xdd\xc8\xbd\xe4Jt\xf5q]\xe1z\xd2\xf5\x9d\
\x9b\xb3\x9b\xc2\xed\xa8\xdb\xaf\xee6\xeei\xee\x87\xdc\x9f\
\xcc4\x9f)\x9eY3s\xd0\xc3\xc8C\xe0Q\xe5\xd1\
?\x0b\x9f\x950k\xdf\xac~OCO\x81g\xb5\xe7\
#/c/\x91W\xad\xd7\xb0\xb7\xa5w\xaa\xf7a\xef\
\x17>\xf6>r\x9f\xe3>\xe3<7\xde2\xdeY_\
\xcc7\xc0\xb7\xc8\xb7\xcbO\xc3o\x9e_\x85\xdfC\x7f\
#\xffd\xffz\xff\xd1\x00\xa7\x80%\x01g\x03\x89\x81\
A\x81[\x02\xfb\xf8z|!\xbf\x8e?:\xdbe\xf6\
\xb2\xd9\xedA\x8c\xa0\xb9A\x15A\x8f\x82\xad\x82\xe5\xc1\
\xad!h\xc8\xec\x90\xad!\xf7\xe7\x98\xce\x91\xcei\x0e\
\x85P~\xe8\xd6\xd0\x07a\xe6a\x8b\xc3~\x0c'\x85\
\x87\x85W\x86?\x8ep\x88X\x1a\xd11\x975w\xd1\
\xdcCs\xdfD\xfaD\x96D\xde\x9bg1O9\xaf\
-J5*>\xaa.j<\xda7\xba4\xba?\xc6\
.fY\xcc\xd5X\x9dXIlK\x1c9.*\xae\
6nl\xbe\xdf\xfc\xed\xf3\x87\xe2\x9d\xe2\x0b\xe3{\x17\
\x98/\xc8]py\xa1\xce\xc2\xf4\x85\xa7\x16\xa9.\x12\
,:\x96@L\x88N8\x94\xf0A\x10*\xa8\x16\x8c\
%\xf2\x13w%\x8e\x0ay\xc2\x1d\xc2g\x22/\xd16\
\xd1\x88\xd8C\x5c*\x1eN\xf2H*Mz\x92\xec\x91\
\xbc5y$\xc53\xa5,\xe5\xb9\x84'\xa9\x90\xbcL\
\x0dL\xdd\x9b:\x9e\x16\x9av m2=:\xbd1\
\x83\x92\x91\x90qB\xaa!M\x93\xb6g\xeag\xe6f\
v\xcb\xace\x85\xb2\xfe\xc5n\x8b\xb7/\x1e\x95\x07\xc9\
k\xb3\x90\xac\x05Y-\x0a\xb6B\xa6\xe8TZ(\xd7\
*\x07\xb2geWf\xbf\xcd\x89\xca9\x96\xab\x9e+\
\xcd\xed\xcc\xb3\xca\xdb\x907\x9c\xef\x9f\xff\xed\x12\xc2\x12\
\xe1\x92\xb6\xa5\x86KW-\x1dX\xe6\xbd\xacj9\xb2\
<qy\xdb\x0a\xe3\x15\x05+\x86V\x06\xac<\xb8\x8a\
\xb6*m\xd5O\xab\xedW\x97\xae~\xbd&zMk\
\x81^\xc1\xca\x82\xc1\xb5\x01k\xeb\x0bU\x0a\xe5\x85}\
\xeb\xdc\xd7\xed]OX/Y\xdf\xb5a\xfa\x86\x9d\x1b\
>\x15\x89\x8a\xae\x14\xdb\x17\x97\x15\x7f\xd8(\xdcx\xe5\
\x1b\x87o\xca\xbf\x99\xdc\x94\xb4\xa9\xab\xc4\xb9d\xcff\
\xd2f\xe9\xe6\xde-\x9e[\x0e\x96\xaa\x97\xe6\x97\x0en\
\x0d\xd9\xda\xb4\x0d\xdfV\xb4\xed\xf5\xf6E\xdb/\x97\xcd\
(\xdb\xbb\x83\xb6C\xb9\xa3\xbf<\xb8\xbce\xa7\xc9\xce\
\xcd;?T\xa4T\xf4T\xfaT6\xee\xd2\xdd\xb5a\
\xd7\xf8n\xd1\xee\x1b{\xbc\xf64\xec\xd5\xdb[\xbc\xf7\
\xfd>\xc9\xbe\xdbU\x01UM\xd5f\xd5e\xfbI\xfb\
\xb3\xf7?\xae\x89\xaa\xe9\xf8\x96\xfbm]\xadNmq\
\xed\xc7\x03\xd2\x03\xfd\x07#\x0e\xb6\xd7\xb9\xd4\xd5\x1d\xd2\
=TR\x8f\xd6+\xebG\x0e\xc7\x1f\xbe\xfe\x9d\xefw\
-\x0d6\x0dU\x8d\x9c\xc6\xe2#pDy\xe4\xe9\xf7\
\x09\xdf\xf7\x1e\x0d:\xdav\x8c{\xac\xe1\x07\xd3\x1fv\
\x1dg\x1d/jB\x9a\xf2\x9aF\x9bS\x9a\xfb[b\
[\xbaO\xcc>\xd1\xd6\xea\xdez\xfcG\xdb\x1f\x0f\x9c\
4<YyJ\xf3T\xc9i\xda\xe9\x82\xd3\x93g\xf2\
\xcf\x8c\x9d\x95\x9d}~.\xf9\xdc`\xdb\xa2\xb6{\xe7\
c\xce\xdfj\x0fo\xef\xba\x10t\xe1\xd2E\xff\x8b\xe7\
;\xbc;\xce\x5c\xf2\xb8t\xf2\xb2\xdb\xe5\x13W\xb8W\
\x9a\xaf:_m\xeat\xea<\xfe\x93\xd3O\xc7\xbb\x9c\
\xbb\x9a\xae\xb9\x5ck\xb9\xeez\xbd\xb5{f\xf7\xe9\x1b\
\x9e7\xce\xdd\xf4\xbdy\xf1\x16\xff\xd6\xd5\x9e9=\xdd\
\xbd\xf3zo\xf7\xc5\xf7\xf5\xdf\x16\xdd~r'\xfd\xce\
\xcb\xbb\xd9w'\xee\xad\xbcO\xbc_\xf4@\xedA\xd9\
C\xdd\x87\xd5?[\xfe\xdc\xd8\xef\xdc\x7fj\xc0w\xa0\
\xf3\xd1\xdcG\xf7\x06\x85\x83\xcf\xfe\x91\xf5\x8f\x0fC\x05\
\x8f\x99\x8f\xcb\x86\x0d\x86\xeb\x9e8>99\xe2?r\
\xfd\xe9\xfc\xa7C\xcfd\xcf&\x9e\x17\xfe\xa2\xfe\xcb\xae\
\x17\x16/~\xf8\xd5\xeb\xd7\xce\xd1\x98\xd1\xa1\x97\xf2\x97\
\x93\xbfm|\xa5\xfd\xea\xc0\xeb\x19\xaf\xdb\xc6\xc2\xc6\x1e\
\xbe\xc9x31^\xf4V\xfb\xed\xc1w\xdcw\x1d\xef\
\xa3\xdf\x0fO\xe4| \x7f(\xffh\xf9\xb1\xf5S\xd0\
\xa7\xfb\x93\x19\x93\x93\xff\x04\x03\x98\xf3\xfcc3-\xdb\
\x00\x00\x00 cHRM\x00\x00z%\x00\x00\x80\x83\
\x00\x00\xf9\xff\x00\x00\x80\xe9\x00\x00u0\x00\x00\xea`\
\x00\x00:\x98\x00\x00\x17o\x92_\xc5F\x00\x00\x09\xd4\
IDATx\xda\xec\x9d]l\x1cW\x15\xc7\x7fw\
\xf6\xc3\xb6\xd2z\x1db\xd2\xa4m\x92\xcd\xb6N\xa5\x22\
RG\xa5\x95[\x82\x92\xd0\xf2P\xa8\x90\x0d<\x00B\
\xc4\x11\x08\xc1S1-H\x94\x87\xd4|\xbcPh\x9a\
H\xf0\x04$H\x01\xa9/\xe4\x03T\x84\xfa`7j\
\xc5\x92\xb8\xb1\x0bDJ\xd2\xd4\xde$\x8d\xf3\xe1$\xf6\
\xae\xed\xb5\xf7k.\x0f{\xd7\xbeLw\xe3u\xb3k\
{\x9d\xf3\x97F\xbb;s\xef\x9d\xd9\xf3\xbb\xe7\xdcs\
ggf\x95\x1b\x8d`\xd4\x0c<\x0f\xb4\x03\x1b\x81:\
D\xd5P\x0a\x88\x01G\x80\x97\x9d\xb6\xc1\xeb\x00\xca\x80\
x\x14\xf8+\xb0V\xec\xb4\xa0\xba\x0a<\xeb\xb4\x0d\xf6\
9\xc0*\xe0\xa8\x81\xf0&\xf0i\xa0\x1eP\xb2Te\
\xa9\x03\x9e\x04z\x81{\x80\xd7\xddh\xe4\xe3~\xe0\x07\
\xc0\xbd\xc0[\xc0\xe7\x80\x8ct\xd4\xaa*\x0d\xfc\x13x\
\x1ax\x03\xd8\x01\xfc\xd0\x01\xbel\x0a\xfcD ,\xa8\
r\xc6\xe6\x00\x1d\xca\x8dF2\x80\x1fh\x00\xa6\xc5>\
\x0b\xaa\xa0\x19\xbc3\x8e\x81\x80@X\xb40\x05\x10p\
\xc4\x16KC\x02B@\x88\x04\x84\x80\x10\x09\x08\x01!\
\x12\x10\x02B$ \x04\x84H@\x08\x08\x91\x80\x10\x10\
\xa2\x9a\x02\x91L\xebs\xc9\xb4\x1e\x1b8\x97~\xc5i\
\x1b\xbc\xd7i\x1b\x0c\x8a\xb9\x17\x01\x84\xe3\xf0\x80\xe3\x10\
\x1a\x1a\xcel\x05\x1e\x07Bb\xeeE\x00\x91sI\x00\
\x5c\xbc\x9am\x066 \xd7I-\xde\x18\xa1f_\x94\
\x98z\x91@x,\xaf\xc5\xd4\x925\x09\x08\x91\x80\x10\
\x10s\x8c\x15\xa2\x12\xf2/\xe6\xce\x13S\xee+\xa9\xb4\
^\x93\xc9j\x9f.\x03\x9cB\xa9wN\xa7\xfe\xf4\xc5\
\xe7\xaf\xf4\x02\x13n4\x92\x13\x10\x15P]@u\xd5\
\x05\xe6\xe73\xa3\xe39\x0d\x5c\x01N\x01\x13\x02\xa2\x02\
Je\xf4\x95\xba\x80Z\x13\x9fp3\xf1\x097\xa3\x8a\
1\xd1\x10\xf0+\xb5\xa6\xd9\xd7\x00\xf0\x9fs\x99\x0d@\
\x04x_@TX\x7f8:>\xf2\xe2oo\xfe\x1b\
\xb8D\x91kp\x1f\xde\x18\xbc\xeb\xe4\xc1\xfbv\x02d\
\xb2z\x05\xb3\xf7o\xc8\x18Q\xa9\x81\x5c\x01\x8e\xc34\
\xd0G\xfe\xe6\x8d\x11o\xb9\x07\xee\xf7\xaf\x06vZ\xab\
\x5c\x19\xac\xab@\xa2.\xa8\x0aq\xff\xb4\x1b\x8d\x5c\xf2\
\x16\x8b]\xce>\xa8P\xe8e<Awj\xe1X\xd2\
Y\xadL\xd6$ \x16S\xe9\xcc\xf2\x9f\x8e\xf8k\xe5\
@\xf52?o\xe8\xafU\x08\xfb^h^;\x9d\xd1\
oer:\xa0\xcdf\xad\xe7\x9e\xe4\xff\xfe\xc8\xf8\xf7\
^\xd8{#\x0a\x8c/\xa5\x09\xa1\xbfV{\xd0\x8az\
\xb5\xc2\xe7\xa8M\x8e'\xb8\xce\x01\x83\x81\xb3\xa9g\x81\
\xeb\xc0\x7f\xc9\xdfP( n\xeb\xf4\xc8\xa4;c\xf2\
\xb7\xdf\x9d\x1e?s>\x93\x08\x06TNy~\xfb\xc8\
\xe54\xf7\xad\xf6\xd7\x7f\xf6\xb1\x86{\x00\x86Gr-\
\xc0j\xc0'\xa1\xa9\xa2\x19\xb0b\xdfk\x89\xe1#o\
N\xbe\x0d\x0c\x16\x9b\x10>\xf6p\xdd\xaa\xa7\x1eo\xf8\
1\x80\xab\x09,\xc5$\xa56@h\xb3\x94\xc8\x9d\xc2\
k\xfdY\xe0$p\x0c\x88{\xb7?\xff\x8d\xd0\xd6\x12\
\xad\x0a\x88\xf9r\xb8\x95|\x8er\x81\x040\xecF#\
7\xbc\xdb\x87.g\xaf/\xf5\x09a\xcd\x87&\x93U\
)\x13\xf3\x9d\xe2\xf3\x10\xedx'\x84Ol\xae\xf7\xc5\
\x93\xee\xd7&\x92nSrZ\x97\x15\xaa\x94\xc29\xd6\
?\xfd\x8fo\xff|\xe4\x02\x90v\xa3\x11W@\xccC\
9\x17\xe5\xf5\x86GZ\x82\xc1\x86:\xf5\xe7\x86:\xdf\
\x8c\xdb\x95\xe3/\xa3\xe3\xeeO\x81\x83\xc0\x05\xf2O\x0d\
\xb8sf\xd6\xd5\x98\x87L$5\xd9\x9c\x8e\xdb\xb3\x0c\
\xa5\xe6>\xa5\xdb\x7f:\xb5\x85\xfci\xf8\x8a^\xb9x\
Gx\xc4-2.\x0d\xb0\xef\xb5\xf8\xb5\xdf\x1d\x1e\x8f\
\x05\x03*\xae\x14Y;-p]\xdc\xb6O\xd6\xad\xfc\
\xcd\x8f\x9a\x9f\x00HN\xebf\xe0\xaeJwb\xff2\
\xb0\xe6m\xa7\xbf\x1f\x5c\xcd\x8d\x9e\xbd\x90\xe9\x05N\x14\
\xcb\xba6\xad\x0f\xac\x03\x9e0\xe3\x84\xb6\xf28\x01Q\
I\xad\x0a\xf9\x5c3\x07\x89R\xe4\xf7\x90\x17w\xad|\
\xb2\xdaYW\xed\x83\xa8\x9cmr@\xc6\x8dF>4\
\x00\xbf\xf7A6\xeb\xcd\xba*\xad;\xe3\xba\xa6\xb9\x03\
\x892\xb6(j\xe9\xac\xf9=D\xe6\x11\xd5\x9d\x98\x7f\
\xe4\xccK<b\x09\xa4\xbf\x02b\x99J@\x08\x08\x91\
\x80\x10\x105<U\xd1\x02b\x99\xcd\x1b\x05\x84\x84&\
\x91\x80\x10\x10\x22\x01! D\xcb\x1c\x84\xaa@}\xb5\
\x88\xf5\xcbQm\x9c\x06/e\x09\xb5\x80\x96T5\xec\
\x11\x0a\xb8v3\x97\x22\xff\xeb\xd7\x87\xe6DZ\xe7\xff\
\xc1\xe5\xea\x8d\xd2e\x00\x1e\xf9\xfa\x07C\x85\xf7\xb1\xcb\
\xd9$\x90\xeb\xdas#V\xb0ol8;e\xea\x17\
\xbd\xce(6\x9c}\xaf\xf0~\xe0Lj\x1c\xc8\x1e\xfc\
\xfbxRC\x0e\x05\x97F\xb2S\xa6n\xd1\xfa\xef\x9c\
N\x9d)\xbc?5\x98\x9e\x00\xb2T\xf8\xf61\xe5F\
#\xba\x1a\xcc\x93i\x1d\xf7;4\xf6\x9fM\x8f\x9d\xbf\
\x929\xf1\xd0\x86\xe0\xfb+\xefv&\xf3;\xca\xef\xaa\
\xb9\xc9\xf9\xae\xdf\xa7V\xf4\x9fI\x8d^\xb8\x92\xed\xdb\
\xb4!0\xb8\xf2n\xdf\xa4\xf7\xfc\xbf\xdfG\xa8\xb9\xc9\
\xf7-\x80c'\xa7\xafMN\xe9\xe3\x9b[\x827\xd7\
\xdd\xe3\xff&\xc0\xb1\xfe\xe9\x91\x89)\xf7\xf8\xa6\xf5\x81\
\xd8\x8az'\x95\x9f\x09\xcf\xb6\x11\xf4\xab\xf5\x1f\x0b9\
_\x018\xf2f2\xb6\xf2n\xe7x\xcb\xba\xc0\xd55\
\xcd\xfe\xef\xf8\x1c\xea\xfeu*u}\xe4f\xae\xafe\
}`\xa8q\x853\xe5\xdd\x7f\xc0\xcf\xbd\xabB\xbe\xaf\
\x02\xbc\xfev\xf2b}\xd09\xf1\xe0\xfd\x81\x8b\xc1 \
Y\xab\xd3\xa9tV'[\xbetq/\x90p\xa3\x91\
\xf4|&\xedU\x03\x91\xca\xea\xc2\xfdV\x96\x87\xa82\
\x8fL\x97\xf0\xb0\xd9\x07\x0f\x95ji\xe6^\x89\x22m\
\xd8\xfb/v+\xb1}Ni\xcec(r\xacZC\
\xc3\xd6\xa1\x0e\xe0\xb8\x1b\x8d\x0c\xcf\x07D\xd5\xc6\x88\xe4\
\xb4>7\x9d\xd2k29\x1dT\xa0\x95B\x17\x01\xa1\
\xb4\x9e\x89\xe0\xdaqf\xdd\xfdC\x86\xd0Ji\x8d\xa3\
\xf3Ft\xcde-J\xeb\x99\xf0\x9a\xaf\xafK\x1aI\
\xa1\x95\xa3A+\xd0\xca\x99\xa9\xff\xff\xfb/\xb7\xbe\x9a\
\xddX(\x97\x98t3@\x1b\xf9{\xc0\x87\xe7c\xaf\
\xaa\x81X\xf5t\xec\x19\xe0\xf3\xc0Cs\x8cE\x1f\xc5\
\x13\xf5\x12\xaao\xcb5\x00\xa6\x96R\xd6t\x19\xf8\x1b\
\xf9?\x19\x9c\xeb\xcb\xaa\xdb4\xc2b\xd7\xb7\xb7\x8d\x93\
\xff\xc7\xc5\xa51X\x8b\xe6\x07Vf\xd62\xb3\x16\x09\
\x08\x01!\x12\x10\x02B$ \x04\x84H@\x08\x08\x91\
\x80\x10\x10\x22\x01! D\x02B@\x88\x16\x02D\xe1\
J\x84z1\xc7\x82\xab\xf0`\x95\x8cC\xfe\x87n\x80\
\xc7\xc4.\x0b\xaeG\xcd\xeby\x07\xf8\x8b\xf9\xf0\x0b\xe4\
\xd9\x1c\x0b)\x1f\xf03\xf3\xfe\x88\x03\xfc\x9a\xfcs\xb9\
?\x03\xbcA\xfe),\xf2/\x8a\xd5\x0dGm\xc6\xd6\
O\x91\x7f\x08\xcb\xaf\x94\x1b\x8d\x00|\x0a8\x0a\xac\x15\
;-\xa8\xae\x01_p\xda\x06\xfb\x0aYS\x1f\xb0\x19\
\xf8%\xf0\x1e\xe4\xafI\x15UE\x19c\xe3\x97\x81O\
8m\x83}\x90\xbf\x9cFL\xb3\x98ik\xdb\xa0\x18\
A$\x12\x89D\x22\x91H$\x12\x89D\x22\x91HT\
QU\xed\xbe\xb9D<\xde\x09l\x03\xc2f\xd5\x18\xf9\
\x1b\x1b\x0f4\x86BcV\xb9\x9a6`c(T\x91\
v\xaay\xf1\xc0N\xa0\x93\xfc?\xf2\xf6\x1a\x10\xbb\x81\
\xa1D<\xdeZ\x036\xdec\x96\x05\x91\x7f\x01zL\
\xb7\xd5\xfb\xf7\x02\xfd\x06H\xc7\x12\x07\xf1}\xd3\x81\x96\
\x07\x08\x0f\x94\x81D<\xde\x0b\xb4\x17\xd9\x1c\xb6\xd6\x1f\
\x06b\xd6\xb6&\xa0\x15\x180\x9e\xd5\x0e<\x02\x9c7\
e\xc7\x8a\xb4\xd7d\xcam0\xe5z=m\x02l7\
\xebb\xa6\xec\x98y\x1f\xb6\xda\xd8n\xde\xdbPf\xf6\
\x9f\x88\xc7{\x1bC\xa1\xd8R\x0eM\xa5\xd4T\xc4 \
{\x80!\x13\xcev\x9a\xf7\x9d\xd6\xf6V\xa0\xc7\xac\x1b\
2\x1e\xd5\x0e\xec7\x1e\xe6\x0du\xed\xa6\xdc\x1ec\xc8\
=\xa6\x5c\xa7\xa7\x5c\x8f\xd9_?p\xc8\x8ci;\xcd\
z{\xbf=\x9e:\x87L\xbb\xbb\xcd1PS \xcc\
\x00\xde\x0at[\xab;M\x18\xd8\x05l1\xcb\x01\xf3\
\x05\xc3\x9e&v\x03{\xadr;\x0c\xd8\xfd\x1eh\x87\
L\x0f\xdeh\xcal4\x9f\xf7[=\xdc\x0eAc\xa6\
L\xb7Y\x94\xe5\x05\xf6\xd3\x9e:M\xfd]V\xbb\x1d\
5\x01\x22\x11\x8f\xf7\x98\xa5\xd0\x93;\x1aC\xa1\x03\x1e\
\xe3\xf6\x1a\xe3\x17\xd4e\x0d\xf8\xb6b\xc0\xab\xd6\xe7B\
\xbdV\xcb+\x9e\xb3\xda\x18\xb32\xb6.\xcfv\xdbC\
;\x8axi)o\xc6\x0e\x85v\x06\xb8\xd4=\xa2\xd7\
\x8a\xcfa\xeb\xcb\x90\x88\xc7\xc3V\xaf\xdfm-\xcfY\
1\xdc\xd6\xe1\x22\xed\x1f\xf1\x94m/1\x1e\xc4\xcc\x18\
\xb3\xbd\xc8\xf1\x95k\xcc\xc2x\xb4\xdf\x1cgS\xa5\x8c\
Tu\x10\x8d\xa1P\xb7Yv\x98/\xb2\xdf\x00\xc0\x82\
\x106\x06\xb2\x97^c\xb8r\x15\xf2\xf4\xdab\x1a\xbb\
M\xe3\xc5LH<\x0c\xbcdR\xf1\xce\x9a\x1b#L\
|\xc7\xca\x8e\x0a\xbd\xf6\x80\x89\xb9\xde\xa5k\x1e\xe1\xe2\
]\xab\xcdp\x89\xb2\xe12C\xd0\x5c0v\x99\xf1a\
\x0c\xd8\x93\x88\xc7\x9bj\x0aDc(TH\x01\xb7\x99\
\xcf\x85\xd4\xb1\xdc^\xb5\xbd\xc4\xc4\x11\xcb{z-\x0f\
\xf3\xd6\x0d\x97\x08o\x1f\x15\xc8\x01+\xb5\xae\xb9\xf4\xd5\
\x1b\xa7\xbb\x8c\x81\x0ey\xf2\xf7\xce\x12 \xf6\x9b\xedM\
V\x1a\xfb\xaa\xd5\xd3\xbb\xad8\xbe\xdd\xaaw\xc8\xac\xef\
\x9e\xc7q\xb6zBY\xbb\xe5\xcd\x85y\xca\x98\xd5\xc1\
j\x0a\xc4\x1f\x81\xa6D<\xbe\xdd\x1a\x00w\x19c\x0d\
\x91\x7f~\xd1\xa8\xc9\xfd\xbd.\xff\xaa\x815j\x96\x97\
\xcc\xba.OO\xdda^{L{=\xc6\xb0[\xe6\
10\xef5\xfb\x1fe\xf6aY\xdb\x0c\xd0\xc216\
\x99c\xbfm-\xfa\xc3\xb2<'\xfdZ\xad\x09_\xcc\
\xe3\x09=\xc6\xf0\xdd\x06F\xd8\x9ais\x8b1\xa1\x9c\
r\xb7\x1a\x7fZ=\xc7SX7\x06\x0cT\xea\xa4\xdf\
R\xbb\x0c\xbf\xdc,)V\xe6\xa0[n\xb9[eY\
\xbde\xac\xa3\x16C\x93\xa8\x86A\x14z\xe1\xf9\xe5\x0a\
\xe2\x7f\x03\x00N\xdbR'R\xa1Ma\x00\x00\x00\x00\
IEND\xaeB`\x82\
\x00\x00\x228\
\x89\
PNG\x0d\x0a\x1a\x0a\x00\x00\x00\x0dIHDR\x00\
\x00\x00n\x00\x00\x00\x82\x08\x06\x00\x00\x00\xa7\xdd\xfd\x02\
\x00\x00\x00\x09pHYs\x00\x00\x0fa\x00\x00\x0fa\
\x01\xa8?\xa7i\x00\x00\x0aOiCCPPho\
toshop ICC profi\
le\x00\x00x\xda\x9dSgTS\xe9\x16=\xf7\xde\
\xf4BK\x88\x80\x94KoR\x15\x08 RB\x8b\x80\
\x14\x91&*!\x09\x10J\x88!\xa1\xd9\x15Q\xc1\x11\
EE\x04\x1b\xc8\xa0\x88\x03\x8e\x8e\x80\x8c\x15Q,\x0c\
\x8a\x0a\xd8\x07\xe4!\xa2\x8e\x83\xa3\x88\x8a\xca\xfb\xe1{\
\xa3k\xd6\xbc\xf7\xe6\xcd\xfe\xb5\xd7>\xe7\xac\xf3\x9d\xb3\
\xcf\x07\xc0\x08\x0c\x96H3Q5\x80\x0c\xa9B\x1e\x11\
\xe0\x83\xc7\xc4\xc6\xe1\xe4.@\x81\x0a$p\x00\x10\x08\
\xb3d!s\xfd#\x01\x00\xf8~<<+\x22\xc0\x07\
\xbe\x00\x01x\xd3\x0b\x08\x00\xc0M\x9b\xc00\x1c\x87\xff\
\x0f\xeaB\x99\x5c\x01\x80\x84\x01\xc0t\x918K\x08\x80\
\x14\x00@z\x8eB\xa6\x00@F\x01\x80\x9d\x98&S\
\x00\xa0\x04\x00`\xcbcb\xe3\x00P-\x00`'\x7f\
\xe6\xd3\x00\x80\x9d\xf8\x99{\x01\x00[\x94!\x15\x01\xa0\
\x91\x00 \x13e\x88D\x00h;\x00\xac\xcfV\x8aE\
\x00X0\x00\x14fK\xc49\x00\xd8-\x000IW\
fH\x00\xb0\xb7\x00\xc0\xce\x10\x0b\xb2\x00\x08\x0c\x000\
Q\x88\x85)\x00\x04{\x00`\xc8##x\x00\x84\x99\
\x00\x14F\xf2W<\xf1+\xae\x10\xe7*\x00\x00x\x99\
\xb2<\xb9$9E\x81[\x08-q\x07WW.\x1e\
(\xceI\x17+\x146a\x02a\x9a@.\xc2y\x99\
\x192\x814\x0f\xe0\xf3\xcc\x00\x00\xa0\x91\x15\x11\xe0\x83\
\xf3\xfdx\xce\x0e\xae\xce\xce6\x8e\xb6\x0e_-\xea\xbf\
\x06\xff\x22bb\xe3\xfe\xe5\xcf\xabp@\x00\x00\xe1t\
~\xd1\xfe,/\xb3\x1a\x80;\x06\x80m\xfe\xa2%\xee\
\x04h^\x0b\xa0u\xf7\x8bf\xb2\x0f@\xb5\x00\xa0\xe9\
\xdaW\xf3p\xf8~<<E\xa1\x90\xb9\xd9\xd9\xe5\xe4\
\xe4\xd8J\xc4B[a\xcaW}\xfeg\xc2_\xc0W\
\xfdl\xf9~<\xfc\xf7\xf5\xe0\xbe\xe2$\x812]\x81\
G\x04\xf8\xe0\xc2\xcc\xf4L\xa5\x1c\xcf\x92\x09\x84b\xdc\
\xe6\x8fG\xfc\xb7\x0b\xff\xfc\x1d\xd3\x22\xc4Ib\xb9X\
*\x14\xe3Q\x12q\x8eD\x9a\x8c\xf32\xa5\x22\x89B\
\x92)\xc5%\xd2\xffd\xe2\xdf,\xfb\x03>\xdf5\x00\
\xb0j>\x01{\x91-\xa8]c\x03\xf6K'\x10X\
t\xc0\xe2\xf7\x00\x00\xf2\xbbo\xc1\xd4(\x08\x03\x80h\
\x83\xe1\xcfw\xff\xef?\xfdG\xa0%\x00\x80fI\x92\
q\x00\x00^D$.T\xca\xb3?\xc7\x08\x00\x00D\
\xa0\x81*\xb0A\x1b\xf4\xc1\x18,\xc0\x06\x1c\xc1\x05\xdc\
\xc1\x0b\xfc`6\x84B$\xc4\xc2B\x10B\x0ad\x80\
\x1cr`)\xac\x82B(\x86\xcd\xb0\x1d*`/\xd4\
@\x1d4\xc0Qh\x86\x93p\x0e.\xc2U\xb8\x0e=\
p\x0f\xfaa\x08\x9e\xc1(\xbc\x81\x09\x04A\xc8\x08\x13\
a!\xda\x88\x01b\x8aX#\x8e\x08\x17\x99\x85\xf8!\
\xc1H\x04\x12\x8b$ \xc9\x88\x14Q\x22K\x915H\
1R\x8aT UH\x1d\xf2=r\x029\x87\x5cF\
\xba\x91;\xc8\x002\x82\xfc\x86\xbcG1\x94\x81\xb2Q\
=\xd4\x0c\xb5C\xb9\xa87\x1a\x84F\xa2\x0b\xd0dt\
1\x9a\x8f\x16\xa0\x9b\xd0r\xb4\x1a=\x8c6\xa1\xe7\xd0\
\xabh\x0f\xda\x8f>C\xc70\xc0\xe8\x18\x073\xc4l\
0.\xc6\xc3B\xb18,\x09\x93c\xcb\xb1\x22\xac\x0c\
\xab\xc6\x1a\xb0V\xac\x03\xbb\x89\xf5c\xcf\xb1w\x04\x12\
\x81E\xc0\x096\x04wB a\x1eAHXLX\
N\xd8H\xa8 \x1c$4\x11\xda\x097\x09\x03\x84Q\
\xc2'\x22\x93\xa8K\xb4&\xba\x11\xf9\xc4\x18b21\
\x87XH,#\xd6\x12\x8f\x13/\x10{\x88C\xc47\
$\x12\x89C2'\xb9\x90\x02I\xb1\xa4T\xd2\x12\xd2\
F\xd2nR#\xe9,\xa9\x9b4H\x1a#\x93\xc9\xda\
dk\xb2\x079\x94, +\xc8\x85\xe4\x9d\xe4\xc3\xe4\
3\xe4\x1b\xe4!\xf2[\x0a\x9db@q\xa4\xf8S\xe2\
(R\xcajJ\x19\xe5\x10\xe54\xe5\x06e\x982A\
U\xa3\x9aR\xdd\xa8\xa1T\x115\x8fZB\xad\xa1\xb6\
R\xafQ\x87\xa8\x134u\x9a9\xcd\x83\x16IK\xa5\
\xad\xa2\x95\xd3\x1ah\x17h\xf7i\xaf\xe8t\xba\x11\xdd\
\x95\x1eN\x97\xd0W\xd2\xcb\xe9G\xe8\x97\xe8\x03\xf4w\
\x0c\x0d\x86\x15\x83\xc7\x88g(\x19\x9b\x18\x07\x18g\x19\
w\x18\xaf\x98L\xa6\x19\xd3\x8b\x19\xc7T071\xeb\
\x98\xe7\x99\x0f\x99oUX*\xb6*|\x15\x91\xca\x0a\
\x95J\x95&\x95\x1b*/T\xa9\xaa\xa6\xaa\xde\xaa\x0b\
U\xf3U\xcbT\x8f\xa9^S}\xaeFU3S\xe3\
\xa9\x09\xd4\x96\xabU\xaa\x9dP\xebS\x1bSg\xa9;\
\xa8\x87\xaag\xa8oT?\xa4~Y\xfd\x89\x06Y\xc3\
L\xc3OC\xa4Q\xa0\xb1_\xe3\xbc\xc6 \x0bc\x19\
\xb3x,!k\x0d\xab\x86u\x815\xc4&\xb1\xcd\xd9\
|v*\xbb\x98\xfd\x1d\xbb\x8b=\xaa\xa9\xa19C3\
J3W\xb3R\xf3\x94f?\x07\xe3\x98q\xf8\x9ct\
N\x09\xe7(\xa7\x97\xf3~\x8a\xde\x14\xef)\xe2)\x1b\
\xa64L\xb91e\x5ck\xaa\x96\x97\x96X\xabH\xab\
Q\xabG\xeb\xbd6\xae\xed\xa7\x9d\xa6\xbdE\xbbY\xfb\
\x81\x0eA\xc7J'\x5c'Gg\x8f\xce\x05\x9d\xe7S\
\xd9S\xdd\xa7\x0a\xa7\x16M=:\xf5\xae.\xaak\xa5\
\x1b\xa1\xbbDw\xbfn\xa7\xee\x98\x9e\xbe^\x80\x9eL\
o\xa7\xdey\xbd\xe7\xfa\x1c}/\xfdT\xfdm\xfa\xa7\
\xf5G\x0cX\x06\xb3\x0c$\x06\xdb\x0c\xce\x18<\xc55\
qo<\x1d/\xc7\xdb\xf1QC]\xc3@C\xa5a\
\x95a\x97\xe1\x84\x91\xb9\xd1<\xa3\xd5F\x8dF\x0f\x8c\
i\xc6\x5c\xe3$\xe3m\xc6m\xc6\xa3&\x06&!&\
KM\xeaM\xee\x9aRM\xb9\xa6)\xa6;L;L\
\xc7\xcd\xcc\xcd\xa2\xcd\xd6\x995\x9b=1\xd72\xe7\x9b\
\xe7\x9b\xd7\x9b\xdf\xb7`ZxZ,\xb6\xa8\xb6\xb8e\
I\xb2\xe4Z\xa6Y\xee\xb6\xbcn\x85Z9Y\xa5X\
UZ]\xb3F\xad\x9d\xad%\xd6\xbb\xad\xbb\xa7\x11\xa7\
\xb9N\x93N\xab\x9e\xd6g\xc3\xb0\xf1\xb6\xc9\xb6\xa9\xb7\
\x19\xb0\xe5\xd8\x06\xdb\xae\xb6m\xb6}agb\x17g\
\xb7\xc5\xae\xc3\xee\x93\xbd\x93}\xba}\x8d\xfd=\x07\x0d\
\x87\xd9\x0e\xab\x1dZ\x1d~s\xb4r\x14:V:\xde\
\x9a\xce\x9c\xee?}\xc5\xf4\x96\xe9/gX\xcf\x10\xcf\
\xd83\xe3\xb6\x13\xcb)\xc4i\x9dS\x9b\xd3Gg\x17\
g\xb9s\x83\xf3\x88\x8b\x89K\x82\xcb.\x97>.\x9b\
\x1b\xc6\xdd\xc8\xbd\xe4Jt\xf5q]\xe1z\xd2\xf5\x9d\
\x9b\xb3\x9b\xc2\xed\xa8\xdb\xaf\xee6\xeei\xee\x87\xdc\x9f\
\xcc4\x9f)\x9eY3s\xd0\xc3\xc8C\xe0Q\xe5\xd1\
?\x0b\x9f\x950k\xdf\xac~OCO\x81g\xb5\xe7\
#/c/\x91W\xad\xd7\xb0\xb7\xa5w\xaa\xf7a\xef\
\x17>\xf6>r\x9f\xe3>\xe3<7\xde2\xdeY_\
\xcc7\xc0\xb7\xc8\xb7\xcbO\xc3o\x9e_\x85\xdfC\x7f\
#\xffd\xffz\xff\xd1\x00\xa7\x80%\x01g\x03\x89\x81\
A\x81[\x02\xfb\xf8z|!\xbf\x8e?:\xdbe\xf6\
\xb2\xd9\xedA\x8c\xa0\xb9A\x15A\x8f\x82\xad\x82\xe5\xc1\
\xad!h\xc8\xec\x90\xad!\xf7\xe7\x98\xce\x91\xcei\x0e\
\x85P~\xe8\xd6\xd0\x07a\xe6a\x8b\xc3~\x0c'\x85\
\x87\x85W\x86?\x8ep\x88X\x1a\xd11\x975w\xd1\
\xdcCs\xdfD\xfaD\x96D\xde\x9bg1O9\xaf\
-J5*>\xaa.j<\xda7\xba4\xba?\xc6\
.fY\xcc\xd5X\x9dXIlK\x1c9.*\xae\
6nl\xbe\xdf\xfc\xed\xf3\x87\xe2\x9d\xe2\x0b\xe3{\x17\
\x98/\xc8]py\xa1\xce\xc2\xf4\x85\xa7\x16\xa9.\x12\
,:\x96@L\x88N8\x94\xf0A\x10*\xa8\x16\x8c\
%\xf2\x13w%\x8e\x0ay\xc2\x1d\xc2g\x22/\xd16\
\xd1\x88\xd8C\x5c*\x1eN\xf2H*Mz\x92\xec\x91\
\xbc5y$\xc53\xa5,\xe5\xb9\x84'\xa9\x90\xbcL\
\x0dL\xdd\x9b:\x9e\x16\x9av m2=:\xbd1\
\x83\x92\x91\x90qB\xaa!M\x93\xb6g\xeag\xe6f\
v\xcb\xace\x85\xb2\xfe\xc5n\x8b\xb7/\x1e\x95\x07\xc9\
k\xb3\x90\xac\x05Y-\x0a\xb6B\xa6\xe8TZ(\xd7\
*\x07\xb2geWf\xbf\xcd\x89\xca9\x96\xab\x9e+\
\xcd\xed\xcc\xb3\xca\xdb\x907\x9c\xef\x9f\xff\xed\x12\xc2\x12\
\xe1\x92\xb6\xa5\x86KW-\x1dX\xe6\xbd\xacj9\xb2\
<qy\xdb\x0a\xe3\x15\x05+\x86V\x06\xac<\xb8\x8a\
\xb6*m\xd5O\xab\xedW\x97\xae~\xbd&zMk\
\x81^\xc1\xca\x82\xc1\xb5\x01k\xeb\x0bU\x0a\xe5\x85}\
\xeb\xdc\xd7\xed]OX/Y\xdf\xb5a\xfa\x86\x9d\x1b\
>\x15\x89\x8a\xae\x14\xdb\x17\x97\x15\x7f\xd8(\xdcx\xe5\
\x1b\x87o\xca\xbf\x99\xdc\x94\xb4\xa9\xab\xc4\xb9d\xcff\
\xd2f\xe9\xe6\xde-\x9e[\x0e\x96\xaa\x97\xe6\x97\x0en\
\x0d\xd9\xda\xb4\x0d\xdfV\xb4\xed\xf5\xf6E\xdb/\x97\xcd\
(\xdb\xbb\x83\xb6C\xb9\xa3\xbf<\xb8\xbce\xa7\xc9\xce\
\xcd;?T\xa4T\xf4T\xfaT6\xee\xd2\xdd\xb5a\
\xd7\xf8n\xd1\xee\x1b{\xbc\xf64\xec\xd5\xdb[\xbc\xf7\
\xfd>\xc9\xbe\xdbU\x01UM\xd5f\xd5e\xfbI\xfb\
\xb3\xf7?\xae\x89\xaa\xe9\xf8\x96\xfbm]\xadNmq\
\xed\xc7\x03\xd2\x03\xfd\x07#\x0e\xb6\xd7\xb9\xd4\xd5\x1d\xd2\
=TR\x8f\xd6+\xebG\x0e\xc7\x1f\xbe\xfe\x9d\xefw\
-\x0d6\x0dU\x8d\x9c\xc6\xe2#pDy\xe4\xe9\xf7\
\x09\xdf\xf7\x1e\x0d:\xdav\x8c{\xac\xe1\x07\xd3\x1fv\
\x1dg\x1d/jB\x9a\xf2\x9aF\x9bS\x9a\xfb[b\
[\xbaO\xcc>\xd1\xd6\xea\xdez\xfcG\xdb\x1f\x0f\x9c\
4<YyJ\xf3T\xc9i\xda\xe9\x82\xd3\x93g\xf2\
\xcf\x8c\x9d\x95\x9d}~.\xf9\xdc`\xdb\xa2\xb6{\xe7\
c\xce\xdfj\x0fo\xef\xba\x10t\xe1\xd2E\xff\x8b\xe7\
;\xbc;\xce\x5c\xf2\xb8t\xf2\xb2\xdb\xe5\x13W\xb8W\
\x9a\xaf:_m\xeat\xea<\xfe\x93\xd3O\xc7\xbb\x9c\
\xbb\x9a\xae\xb9\x5ck\xb9\xeez\xbd\xb5{f\xf7\xe9\x1b\
\x9e7\xce\xdd\xf4\xbdy\xf1\x16\xff\xd6\xd5\x9e9=\xdd\
\xbd\xf3zo\xf7\xc5\xf7\xf5\xdf\x16\xdd~r'\xfd\xce\
\xcb\xbb\xd9w'\xee\xad\xbcO\xbc_\xf4@\xedA\xd9\
C\xdd\x87\xd5?[\xfe\xdc\xd8\xef\xdc\x7fj\xc0w\xa0\
\xf3\xd1\xdcG\xf7\x06\x85\x83\xcf\xfe\x91\xf5\x8f\x0fC\x05\
\x8f\x99\x8f\xcb\x86\x0d\x86\xeb\x9e8>99\xe2?r\
\xfd\xe9\xfc\xa7C\xcfd\xcf&\x9e\x17\xfe\xa2\xfe\xcb\xae\
\x17\x16/~\xf8\xd5\xeb\xd7\xce\xd1\x98\xd1\xa1\x97\xf2\x97\
\x93\xbfm|\xa5\xfd\xea\xc0\xeb\x19\xaf\xdb\xc6\xc2\xc6\x1e\
\xbe\xc9x31^\xf4V\xfb\xed\xc1w\xdcw\x1d\xef\
\xa3\xdf\x0fO\xe4| \x7f(\xffh\xf9\xb1\xf5S\xd0\
\xa7\xfb\x93\x19\x93\x93\xff\x04\x03\x98\xf3\xfcc3-\xdb\
\x00\x00\x00 cHRM\x00\x00z%\x00\x00\x80\x83\
\x00\x00\xf9\xff\x00\x00\x80\xe9\x00\x00u0\x00\x00\xea`\
\x00\x00:\x98\x00\x00\x17o\x92_\xc5F\x00\x00\x17c\
IDATx\xda\xec\x9dy|\x14\xe5\xfd\xc7?\xcf\
\xec\x9ddw\x12\xc2)\x02IT,U1\xb4XS\
\x12m\xb0`=+`\xadU\xab\x80\xd5j[-\xd0\
\xbeh+\xca\x0f(ViQ9\xda\xa2\xb5\xf4\x05T\
\xec\x89\x12\x8aW\xb5\x92\x00\x89\x22 \x09\x91Sa7\
\xdc\xb9wg\xb3\xf71\xf3\xfbc\x9eI\x1e\x86\xd9\xb0\
\x09\xc9\xe6`\xbey\xedkwg\xe7x\x9e\xe7\xfd|\
\x8f\xe7\x0c\x81J\xc4\x1dy\x03\x01\xcc\x060\x0d@.\
\x00+t\xe9\x0e\x09\x01p\x02x\x13\xc0K\x5c\x81\xd3\
\xdd\x91\x8b\x89\x0a\xdaW\x01l\x060L/\xd7\x94\xca\
i\x00wr\x05\xce=\x1d\x06G5\xed3\x00C\x01\
l\x05\xf0\x0c\x80O\xb9\x02gP/\xd7\xae\x17qG\
\x9e\x0d\xc0\xd7\x00,\x06p\x03\x80\x93\x00\xae\xe5\x0a\x9c\
\xcd\xc9\x5c\xcf1\x9f\xe7Rh\xdb\x00L\xe2\x0a\x9c\xe5\
:\xb4\xee\x13\xae\xc0\x19\xe4\x0a\x9c[\x01L\x02P\x0e\
\xe0R\x00?O\xfaz\xe6\xf3T\xfa\xfe\x14W\xe0\x8c\
\xe9E\x9b2\x80\x11j\xdd@\xe3\x8a\x0e\x83\xcb\xa1\xef\
\xbb\xf5\xe2L\xb9\xec\xa4\xef\x97u\x06\x9c\x89\xa9\x01\xba\
\xa4\xd8l\xb2\x0c:\x0aN\x97\xbe\x04[/\x02\x1d\x9c\
.:8]tp:8]tp\xba\xe8\xe0tp\
\xba\xe8\xe0t\xd1\xc1\xe9\x92@\x8c=\x9d\x80@yn\
\x87\xcew{E\x87\x81\xc3xQ\xc2u\x04\xb8\xcch\
D\x1e!\xc4A\x804\x00D\x94\xa4p<\x8e`8\
\x22\x9d\x0cE\xa4cn\xaf\xb8\xef\x8b\x13\xd1]\x0f.\
\xa8w\x02\x88\x06\xcbsE\x00\x90\xba(\xfdiE\xae\
\x8b\x13\x5c2\x12\x8eJ\xb7\x84\xc2\xd2x\x93\x91L\xe4\
3\xb8\xeb\x0c\x1c\xec\x89\xcf>kP\x1f#\x87\x02c\
\xaf0\x8b\x93\xbe6\xeap\xa3\x10\xdfV}$R\xf9\
\xe1\xce\xe0\xff\xe6\xadj>\x09 \x12,\xcf\x95$]\
\xe3\xbaN\xbc~q\x80\xc9H~`1\x91\x1f[M\
$\xc7j\x22\xda\x98\xc8\xf9\xefE\x08\xb8,\x077&\
\xcb\xc1\x8d\x81\x04\x8c\xc91\x05o\x9d\x90\xb6\xf9\x83O\
\x02\xablE\xae\xdd\x00\x82]\xad\x89\x17\x1d\xb8fA\
\x1c\x9e\x91F\x96\xdam\xdc\x1d\x9c\x86f\x11\x95R\x09\
>Q\xf4\xb4\x88\xb1@X\x12\x01H\x16\x13\xb8L\xbb\
\xc1\x90\x99\xc1\x199N[!\xcd&b\x1b\x93k\xfa\
\xee\x98\x5c\xfe\xbb\xf7N\xce\xa8\xdaV\x19z\xc1V\xe4\
z\x1b@K\xb0<7\xde\x17\x00\xf6\x1apn\xaf\xe8\
\xb0\x98\xc9/\x068\xb8\x9f\x13r\xf6\xcc2\x05\xd6\xc1\
\x9ah\xf8\x8b\xe3\xd1\xc0\x89\xbaX`\xcf\xe1\xb0\xfb\x90\
+\xda|\xf4d\xd4\xed\xf1\x89\x1e\x00~\x00Q\x00\xc8\
\xb0q\x96Q\xc3\x8cYW\xe5\x99\x87\x8c\xbb\xd2<x\
\xd4P\x13\x9f7\xdc\xe8\x18w\xa5\xc5.\xa9\x90\x0c\xc9\
6\xe4\xdf3)}\xfd\x98\x9c\xe1\xef\x97W\x87\xfe`\
+r\x95\x01\x08\xf4v\x80\xecd!\x09\x00\xb8\x02'\
Ie\x02\x02\xe5\xb9\x08\x86\xa5\x09\x16\x13\xd9h\xe00\
X\x9d\xb8@X\x127o\xf7\x0b\x7f}\xdbw\xf2\xc3\
]\xc1/ \xcf\x88j\x00\xd0\x0c\xa0\x09\x80\x1b\x80\x17\
@\x00@\x9c\x89\x96\xad\x00\xec\x002\x01d\x03\x180\
a\xacu\xf4\x83\xb7\xd9\xaf\xbb}B\xda\xe5C\xb2\x0d\
\x16\x19\xcc\xd9h6m\x0d,\xbbw^\xdd2\x00\xb5\
\xc1\xf2\xdc\xe8\xf9\xe0uUp\xd2\xd1\xf2\xefqp\xee\
\xd2\x9c\x95V\x13yR\x9d\xa8S\x0d\xb1\xe8\xd2\xf5\xc2\
\x99\x922\xbf\xb3\xb6)\xee\x02\xf0\x05\x80C\x00\x8e\x03\
\xf0@\x9e\x97\x18\xa0\xef\x11\x00b\xb8\x22\xaf\xb5\x8c-\
\x85N\x03\xb5(V\x006\xfa\xb2\x03\x18n2\x92+\
\x1f\xbc5\xe3\xa6\xc7\xa69&\xe4\x8f\xb6d+\xd7(\
\x10\x9d\xa7\xa2\x9f}\xf7\xa9\xfa\x99\xfb\x8eF\x0eR\xff\
'%\x02x\xd1\x81\x0b\x94\xe7\x9acqi\x83\xc9@\
\xeed\x8f\x07\xc3\x92\xf8\xa77\xbd\x8d\xcf\xfe\xc5\xbd\xdf\
\x1f\x92\x0e\x00\xa8\xa2\xd0N\x02h\x04\xe0\x0bW\xe4\xc5\
;\xf3LK\xa1\x93\xa3\x00\xb3 \xcfh\xbb\xe2\xd7\x8f\
\x0dx\xe0\xde\xc9\x197\xe6\x0c3\xdaY\x80\xcd^\xd1\
\xfd\xc2k\x9e\xd9/\xfdM\xd8\x0c\xc0\x9b\xc8t^T\
\xe0N\xbf;\x8aw\xa4s\x15\x06\x0eW\xb1\x09\xd9V\
\x15\xf2\xff`q\xc3\xc1\x13u\xb1\x03\x00v\x01\xd8\x03\
y\xb6\xaf\x1b@\x84\xd5\xa8\x0b\x15K\xa1\xd3\x08\xc0\x01\
`$\x80\xb1o\xbd4l\xee\xe4\xebmW\x9fU\x98\
\x92\x84\xe7\xd7z\x9e\xfa\xf5j\xf7:\x00\xf5Z\xf0.\
\x1ap'\xde\x1ei\xcf\xb2\x1b\xaa\x0d\x5c\xeb\xac2\x10\
\x02\xcc]\xd9t\xea\xf7\xff\xf4\xee\x85<\xcb\xec#\x00\
\x07\x01\xd4\x03\x08'\x02&u2t LXj)\
t\x9a\xa8\x1f\xbc\xe2\xd1)\x8e\x07^\x9c\x9d\xfdC\x8b\
\x89\x18\xd9g,Y\xe7yn\xe1\xab\xeeU\xd4\xef\x9d\
\x05\xaf\xa7\xc0\xa54\xaa<\xf5\xce(\x07\x9f\xc1\xedb\
\xa1\xf9\x82\xa28\xe7\xa5\xa6\xe3\xeb\xdf\xf5\xed\x04PJ\
\xa19\x01\x04\xc2\x15yb\xa7`I\x9amq\xcd{\
\x84+\xf2\xa2\x00\x1a,\x85N\xdf\x9fK\xbc\xf5\x8d\x9e\
\xf8\xd1\xdf=\x99=o\xe4Pc\xb6\x02\xf9W\xd33\
\xe7\x1d9\x11u\xaf\x7f\xd7\xf77[\x91\xab.X\x9e\
\x1b'=\x1cq\xa6\xb4\xaf\xd2\x9eN\xde2p\x18\xdd\
f\x8a\x80[\x7fZ\xfb\xf9\xfaw}\xdb\x00\xbc\x05\xe0\
\xbf\x00\x0e\x86+\xf2|jh\x12\xfdS\x03\x92\xb4^\
\xb4P\xa5\x04\xbfk\xdd7\x5c\x91\x17\x04\xe0\xdaX\xe6\
\x7f\xfd+\x0f\x9e\x9cy\xb2>\xd6\xc0j\xe8\x1f\xe6\x0e\
z\xae\xe0\x1a\xeb\xcd\x00\xb2lE.\xd2N\xbd\xe8_\
\xe0\x84\xb2\x9c\xb5&\x03\xb9\x815\x8f\xd7\xcf8up\
\xf7\xc1\xf0\xc7\x006\x01\xd8\x02\xe0\x04\xd5\x80\xc4\xc0T\
\x80:#Z\x10%H\x08U\xe4\xc6\x014\xb4\x04\xc4\
m\x97M=~w]S\xbcI\xf9\xddf!\xa6\x7f\
\xfdf\xc8r\x00_\xa1\xd1i\x8fJJ\xc05o\xc9\
\xf9\xa6\xd9H\xa6\xb3\xc7\xbe?\xbf\xbef\xdf\xd1\xc8n\
\xaai\xe5\x00j\xc3\x15y\xb1\x84f\xf1<\xb0\xa4$\
^\xedAT$T\x91+\x86+\xf2\x04\x00{\x1e[\
\xd2\xf0\xb0\xbbE\xf42\x8du~\xc3\x92!\x8b\x01\x5c\
i+rY\xfb5\xb8\xe3o\x8d\xcc\xb0\x99\xc9\xfb\xac\
\xa6=\xbd\xaa\xf9\xf4\x86-\xfe]\x00\xde\x07\xb0\x03@\
\xa3:\xc4o\x85\xa6\x01L\x0d\xe4LS<\xad\xb6)\
>\xf0\xb5w|\xd6\xb4\x22\x17\x87$\xe1\xaa\x01\xb6=\
RB\xa8\x22\xd7\xff\xeeG\x81\xb2%\xeb\xdcs\xd9\xf3\
\xee\xbc!\xfdk\x0f\xddf\xbf\x1f\xc0%\xb6\x22\x97\xa1\
\xdf\x82\xb3\xa7s\xbfU\x9eC\x00\xfcog\xd0\xf7\xd2\
\xdf\x84J\x1a\x88T\x00\xa8\xd7\xf2g\xad\xda\xa0Q\xf0\
\xaav\xdf\xd4\xc1Y\x86\x93\x83\xb3\x0c'\xbews\xfa\
\xc9\xd5\xf3\x07=\x90V\xe4\xcaNK\xa2P\xd5\xf7S\
\xfc\x22#-\xcb\xff.\xbc\xf9\xc6\x16\xff\xcb\xec\xc1\xff\
{$k&\x80q\xb49\xd1\xff\xc0\xd5\x7f0j\x8c\
\xd5D~\xac|\xf7\xf8\xc5\xf8\xd4\xb9u{\x01|\x02\
`;\x80S\xacyd\xfd\xd9\xd9\xfe'\xb1\xa9\x0bG\
\xa4\xd1\x1c\x87,\x8e\x83\xd5l$\xd9\xce\x93\xd1\xbb\x00\
|\x19\x1dXI{\x0e@\xa9\xd5lJ\x00\xdc\xf7\xcf\
\xaf{\xbe\xc1\x13?\xa9\xfc>b\x88\x91_\xf1\xb3\x81\
?\x86\xbcH\xc3\xdc\xef\xc0YM\xe4O\xac\x89\x5c\xb2\
\xd6S\x1b\x8dI\x07(4'\xed\xaa\xd2\xf4;\xea\xc8\
>\x91\xb4\x04\xc4\x10\x1b\xe1\x1d\xaf\x8d\x8d\x80\xbc\xa2\xd6\
D:\x18\xf9I\x1a\xa6\x93\x06,\xb5/o\xf0\xfe\x94\
=\xf7\xa1\xdb\xed7\xd2@%\xbb_\x81\xab\xfd\xef\xa8\
\x01&\xa3\x1cE\x12\x00\x9f\x1f\x8f\x86\x97\xff]\xf8\x0c\
\xf2\x92\xa2C\xb4\x9fQ\xd3<&\x0b\x0d\x1a\xcd5I\
\x02\xa7\xceW\xa7\xe1\xb5\x05,\xd1\xdf\xacqo\xd9u\
 \xbc\xb1\xb5\xc7\xc4J\x8c\xb3\xef\xe3\xa7\x01\x18\x81\x1e\
\x18e\xe96pV3Y\xc0\x96\xdc\xfcW\x9a\x8f\x03\
\xd8\x0f\xa0\x12r\xaf~\x97C\xa3\x9a\xadiY/H\
\xf3h_\xc1\x8b\xaf{\x16\xb2\xe7\xfd\xec\xbe\xcc\x1bi\
\xb7]V\xbf\x00w\xea\x9dQ\x0e\x8b\x89\xfcD1\x91\
\xc1\xb0$n\xda\x1a8\x02\xb9\xc3\xb8\x06t\xdc\xecB\
\xa1\xe1\x5ch\xed~\xc7\x05\xc0\x0bU\xe4\xc67\x96\xf9\
\xbf8\xdd\x10\xfb\x84i\x1e\xd8\xee\xff\x96\xfd6\xc8\xcb\
\x80\x0d}\x1e\x9c\xd9\x84[\xd8\x8c\xac.ii\x82<\
\x1c\xf39\xe4!\x99\x84\xa5\xd4\x11h$\x09H\xecq\
r\x81\xf0\x00\x84\xde\xf9(\xb0\x98=g\xfc\x97-W\
A^\xcd\x9b\xde\xe7\xc1\x89\x22\x0a\x95\x82\x8a\x8b\x90\x96\
\xffCP\xc6\xd2N\xa3m\xb0\xf3\x9c\x02\xea\x8a\xbe?\
\xd2\xc5\x1dQl\x9aB\x15\xb9\xd2O~\xd7X\xeen\
\x11[{\x96']g\x1b\x09y\x84\xc1\xd1\xe7\xc1Y\
\xcd\xe4V\xa5\x8a\xef>\x10\x0e\x9e\xaa\x8f\x1d\x03p@\
\xed\xdbpn\xbb\xa9\x93\xb0.\xec\xf7\x8et\x95\x01\xf0\
\x09\xbe\xb8\xb2f\x1b\x97\x8f0\xa5\x7f\xfd\x1ak>\x80\
\x01\xa9\xecB\xec\xf2\x07\xd5\xbe7*\xd7l\x22W(\
\xdf\x8f\x9e\x8c\x06\xa8\xa6\x9d\x81<Z}\xde\x9a\xddY\
rjm#m?t\x9d\xd6\x95\xe7\xc6}A\xf1\xac\
\x0d\x0en+L\x1bK\x9b \x96\xbe\xacq7\xb1\xbe\
\xe5\x80+*@\x9e#\xd2\x82\xbe3\xfb\x0d\xed\x99\xf3\
\x8f\xaa\xc3\xef\xb1\xfd\xa8_\xfd\x92e8m\x16\xd8\xfb\
,8B\xf0\x15\xf6\xfb\xc7\xd5\xa1\x06\x0a\xce\xdf-\xda\
\xd6\x03\xf2\xe4\xd2\xc6#\xfe\x90tJ\xf9~\xc9 C\
\x06\xd5\xb8\xbe\x0b\x8ec\xc6\xdb\x82aI\xac>\x12\xa9\
\x87<\x92\x1d@\xff\x91H (\x1eV\xb4\xcef\xe1\
\x8c\x00x\xa4p\xc3\xba\xae\x07G\xc80\xc5\xa5\x9c\xae\
\x8fG[\x02\xa2\x07\xf2T\xbaP_\xa7\xa5X\x86`\
y\xae\x18\x8d\xe1\x98r<\xddJ\x94\xe9\x80\x86>\x0b\
\xce`\x00\xaf\x04\x03\xcd-b\x8c\xfa6?\x00\xb1?\
\x98IE\xa21\xa9\xbe\xad\xddJ8\xc8\xdd^\x86>\
\xacqm\x91U(,\xc5\xa9\x89\x8c\xf4\xe5\xc0$A\
 \xdb\xa2|6\x1a\x09\xa1\xe0\xfans\xe0\xec{J\
\x12\xe4\xee-\xa9\x17\x15xW\x05at\x91\x88\xc4\xe6\
\x9b\xf4Yp\xa2\xd46TCMHJ\xc5u:\x1a\
\xa4\xbd3\x92\xaa\xa0\xbb\xd8%\x90\xd6@$\x1eO}\
\xbd\xec\xf2\xe1\x88X\x1c>\xe5sf\x86A\x99\x06\x9e\
\xb2\x9ax\xcf\xa4\x8c\xa1\x13\xc7\xdb\xc6\xdd:!\xcdV\
s&\x16:K+\xe4\x11u\x02@\xfc\xfd?\x85\xad\
\xab6x=\x00b\x01:\xc5<\xd9\x00\x85\x000\x19\
1\xa05\xc4\x8c\xc9+\x85RiY\xba\x1e\x5cLj\
\x00\xe4\x9e\x93\xa1\x03\x0d\x16\x93\x91X\xa31\xc9\xd4]\
\x19 \xe4\xec<<>\xcd1\x1a\x04\xf3\xd4\x91\x8fz\
\x14\xe2\xfeoe\xfck\xd5\x06\xef|\x00'\x00tx\
CU\x93\x91\x5c\xaa|\x0e\x04%QK\xcb\xfb\x94\xa9\
\x0cE\xa4\xe3m\x1a\xc7\x19\xf2G\x9b/\x81<_\xbf\
[\x22.\x03\xa7m\x8e\xcf\x19\xa7\xa3G\x14\x93i2\
\x92\x22\x00\x05\x002;c\x0e,f\xd2\xda^\x0d\x84\
$\x91\xfa\xf2x\x9f\xd58\xc1'\xee\x1f\x9a\xdd\xc6h\
\xc2X\xeb\xc8]\x07\xc2\x99\x90\xe7ft\xf9V\xc1\x1f\
|\x12x\xfb\x86q\xd6{8\x8e\x8c\x8eD`\x96$\
\x86\x9a\xc6\xe4WB@D\x09\xd2+oz\x9b\x00\x0c\
\x02\xed_\xec\xc8\xccdO\x8b\xc8\xf3\x19\x5c+\xb8\xba\
\xe6X\x04@\xb8O\x83;Q\x17\xdb~\xe5\xa86\xcb\
8\xf6r\xf3`\x00\x83!/\xae\xefrp\x8f=\xdf\
\xe8\x02\xf0\x18\x80\x22\xc8\xe3b\xc9Z\x117\xe4\x11\x8b\
\x16VK\xcf\x07\x8f\x000\x1a1\x895\xd1{\x0eE\
\xbc\xf4>\xe1>\x0b\xee\x8e9\xb5\xbb\x84\xb2\x1c\xb7\xc5\
D\xb2\x00\xe0\xd2\xc1F;\x80\x81\x14\x5cS7\xe4!\
\x0cy\x19V3\x80\x8c\x0e\x80\x0b\xd3k\x84N<\xf3\
F\xf6\xcb\xfb;\x03u\x00\xea\xd0N\x7fl\xaf\x07\x07\
 \x5c\xd7\x14/\x1d9\xd48\x0d\x00\xae\xbb\xca\x9a\xc9\
gp\xc3\x04\x9f\x98\xdeA\x8b\x94T\x84G\x17\xdd\xfb\
\x08\xe0\x03In U\xbd\x06\xa1\xa3c\x82\x1c!\xe3\
\x95\xa74\xb8\xe3\xb1-\xbb\x82\xc7!\xaf\xdfk\xe9\xcb\
\x0d\xf0\xb8\xe0\x13?V\xbe\xa4[\x89a\xd6\xf7\xf8B\
j.\xbb-\xba\x94\x18(\xed\xad\xe8\xd1Z8\xd2\x11\
\xf1\x87\xa4!iV\xf2u\xa5~l\xde\x1e\xf4@\x1e\
k<\x8d\x14v\xa4wK\x03y\xcf\xa1\xf0\x07\xec\xf7\
G\xbe\xed\x18\x07`44fC\x91.\x02\xa6\xd6\x1c\
)\xc1\x9fZ\xd3\xa4\x0e24\x1a\xb0\x80M\xf6\x8e\xcf\
B\x8d\x90\xe7\xd34\xa628\xe9\x16p\x8f=\xdf\xf8\
\xf9\xe9\x86\xf8GJA\x0d\xc96\xd8n\x1cg\xbd\x01\
\xf2\xf2]Cwi[+\x8c\xf35\x85\xa5\xceM\x99\
 \x80\xc1b\x22\x8f\xb2\xcd\x80\xcd\xdb\xfd\xc7\x00\x1c\xeb\
\xa4\xaf\xec]\xe0\x00\x84\xdf\xd8\xe2\x7f\x96=\xb0\xe8\x87\
\x03&\x03\xc8C7\xcd\x86\x924\xbeK\xed\xac\x9f;\
\xdf\xf5Z\x12\x08I\x8f\x000*m\xc1?\xfe\xdb[\
\xefn\x11\x8fQ\x8d\xf3\xf7\x07p\xe2\xdc\x95M\x15-\
\x01\xf1\x0c\xd3\x9e\x1b\xf6\xf84\xc7\x14h\xccA$\xdd\
\x04\xaf+\xaf;U\x1f\xb3\xd9,d\x05{l\xfe+\
\xcd\x87\x00TS\x8d\x8b\xf6\x07p\x00\xe0/\xfb4\xf4\
,\xebW~\xf1`\xe6T\x00c!\xaf\xb9\xee\xb6 \
\xa5\xdd\xe5THn\xdd\x9cZ\x86f\x1b^'\x04\x16\
\xa5\x92\xbd\xf6\x8e\xaf\x19\xf2\xe4\xde\xcf\xa8\x7f\x93\xfa\x0b\
\xb8\xf8=\xbf\xaa\xfb\xd7\xf1\xdaX\xb5r`\xf8`\xa3\
}\xed\x82\xc1\xb3 \xafr\xb1t\x87\xd6\x9d\x0ffg\
$\x18\x96\xae7\x1a\xc8T%\xa1\x1e\x9f\x18\x7fri\
\xe3>\xaam5\xa9lx\xa7\x02\x1c\x00x\xfe\x5c\xd2\
r\xd6\xc2\xc0\xfbn\xce(\xf8\xd1\xdd\x8e\xef\x03\x18\x0e\
\xc0@zr!u\x12\xd2\xe8\x89g\xd8\xccd\x1b[\
\xb9\x9ey\xb9\xf9T(\x22\x1d\x80\xbcCDCO\xa4\
\xab\xbb\xc1\xc5\x96\xbe\xe6\xd9\xf1\xc1\xce\xc0\xab\xaa@\xe5\
\xd1\xdb\x0b\xd3\xee\x00\x90m-l[A\xda\x1b\x19f\
\xd9\xb9\xf7\x08\xa1k\xe0\x08\xf0Qu(\xb0\xba\xa4\xa5\
\x1a\xf2\x1a\xbf\xcf\xd1\x0d\xddx\xbd\x01\x1c\x00\xf8\xee\x98\
S\xfblmS\xbcF9\xc0gp\xd6W\x9f\x1e\xf4\
\xac\xc5D\xc6\x03\xb0_\xc8\xfc\xfe\xee\x94hL\xfa\x87\
\xd1@\xe4\xe9\xf4\x04\x88\xc6$\xe9\xe6'j\xab\xa9\xa6\
\xed\xa6]f\xe8\xaf\xe0D\x00uw\xff\xb2\xf6\x01\x7f\
Hj\xedY\x18\xc8\x1b\xec\x87\xfe=b]6o\x18\
o-te\xf46x\x91\xa8\xf4\x17\xb3\x91\xdc\xcb\xa6\
\xe7;\xbf\xacs\xc6\xe2R5\xe4\xffh\xe9T\xef\x10\
\xd1\xdf\xc0\x01@d\xf7\xc1p\xf5\xc2W\x9b\x9f`\x0f\
^2\xc88p\xe7\xda\xe1\xafO\xbf\xc3~\x9b\xb5\xd0\
\xc5\xdb\x8az\x87\xd9\x8c\xc6\xa4\xd7-&\xf2pk:\
\x08\xf0\xa3%\x8d'\xfe\xbb#\xb8\x0b\xc0\x87\x00\xf6\x87\
+\xf2zt\x9eh*\xe7\x84\xf8W\xfeS\xf8\xcfs\
k\xdcO\xb3\x07/\x1dl\x1c\xb2\xe2g\x03\xff\xfa\xd4\
\x8c\xcc\x87\x00\x0cdw2H5<_P\x1c\x14\x8b\
K\xdb\xcdFr?\xab\xfe/\xac\x17\xea\xd7ln\xd9\
\x05\xe0\x03\xc8\xbbD4\xf7\xb4EH%8\x09\x80g\
\xd1j\xf7\x9ay\xab\x9a\x17\xb2?\xd8,\xc4\xb2\xf0\xd1\
\x01+\xdfY>t%\x80\x91\xb6\x22\x97%\xd5\xf0\x82\
a\xe9\xbe\x0c+\xe74\x19H\x91\xf2\x5cB\x80E\x7f\
v\x9fy\xe6\xe5\xe6\x8f\xa9\xa6m\x07p\xa6\xb3\xbb\xf7\
u\xa5\xa4z\xedr\x1c@\xfd\x8b\xaf{V\xbb\xbd\xf1\
\xc0s?\xc9^\x98e\xe7\xd2\x94\x1f\xbfy]\xda\xbd\
G6\x8e\x18\xbfc_x\xa5\xad\xc8\xb5\x1e\xf2v\x83\
1r\x81=#\xedIK@\xfc\x92\xc5D\x16\xa7Y\
\xc8w\xce\xaa,\x04xbi\xe3\x89\xd5%\xad\x9aV\
\x0a\xe08\xeb\xd7\xa4\x1e\x9cu\xd8S\xfbU\x1a\x00\x0c\
\xbe\xfa2\xf3M\xeb\x7f=\xf8\xb7cr\xcc\xc3\xcfV\
M\x09\x87j\xa2\xdb\xb7W\x85\x96=\xb9\xb4\xf1C\x00\
~e\xd7\xba\xae\x02\xe8\xf5\x8b\x97\x1b\x0ddf\xba\x95\
\xfc\x12L\x17\x1c!@mS<\xf6\xf8\xf3\x8d\xce\xf7\
>\x0e|J\xa1m\x83\xbc]UD\x0d\xcdZx\xf1\
\xed\x10k\xa0]_\xd7\xbc:o\xd0\xbc\xe9\xb7\xdb'\
\x9fk[%\xd47\xc7\xf7\x1f>\x16]7\xf9\x893\
k\x00\x08\xcav\xbb\x9d\x85\x18\x8aH\x139\x82',\
&2\xed\x9c\x82 @\xc9V\xbf\xf0\xc8\xe2\xc6\xcf|\
A\xb1\x8aF\x8f;\xa9y\xd4\x5c\xb7n\xbbH\xb7\xf6\
%\x90G\x0b.{\xfcn\xc7\x83\xf7\x7f\xcb\xfe\xbd\xeb\
\xaf\xb2\x9c\xa3}\xd4\xa45z}\xe2\x9eh\x0c\x07\xce\
4\xc6\xca?\xd9\x1f\xde\xfd\xab?4\x9f\x06\x10\x0b&\
\x9e\x17i\x09\x84\xa4k\xa21\xa9\x98\x10\xe4[\xccd\
\x9c\xc5D\xbe\xac\x05\xec\x80+\x12\xfa\xe3\xbf\xbdg\xfe\
\xb2\xa9e/\x85U\x0ey\xcfL7\xeb\xd3Ts4\
/Zp\x08U\xe4\xc2Z\xe82\xd3.\xb0\xb1\xcf<\
\x9c\xf5\xd0\x03\xb7d|3o\xb8\x89\xd7\x02\xd8\xda%\
\x13\x93\xc2\xfe\x90t,\x16\xc3\x99h\x5c\xaa\x93$\xb4\
p\x04\xa2\xc1\x00\xab\xd1@\x06\x1a\x8dd\x88\xc5\x84\x1c\
\xa3\x81\x0c\xd0\xcc4\xcd\xe5\xe9\x86x\xf4\xef\xef\xfb\x9a\
\x9f^\xd5\xbc\x17\xf2\xe4\xa1\xdd\x90w\xa6\xad\x01\x10b\
79UC\xc3\xc5\x0e\x8e\xfa\x0a\x03\xe4\x85\x81#\x01\
\x5c3\xfdv\xfb\x9d\x0f\x7f\xdb^\x5cp\xb5uH{\
\x00\xd56SJ\x94IU\xae\x0e\xd5D\xc3\xaf\xbc\xe9\
=\xf3\xca\x1b\xde\x83\x00\x5c\x90;\x8c+\xe9g\x8f\xd6\
\xf6\x8bjh=\x09\xae\xc7\xff\xef\x80$\xc9\x01\x01\xdd\
z\xc9c-t\xf9\x00\x9cY\xf7v\xcb\xbeuo\xb7\
\xbc\xf1\x9d\x9b\xd2o\xb9v\xb4\xe5\xda\xf1_\xb2\x8c(\
\xb8\xc6:0M^\x8bv.\xc0$\x96{\xef:\x10\
\x0e\x96}\x1atW\x1e\x8e4\xbeY\xea?B\xb5\xaa\
\x1a\xf2\x8e\x10'\x004\x85+\xf2\xc2\x89*\x8ata\
\xd3U\xfats\xa0]xT\x03c\x04\xa4\xc1R\xe8\
l\x06pl\xc3\x16\xff\xfe\x0d[\xfc9\x00.\xcd\x19\
f\xbcb\xf2\xf5i\xe3\xf2G\x9bG\x8e\x1ei\x1e\x90\
e\xe7,\x19i\xc4h2\x12\xced\x94\x99Ec\x12\
\xa2q\x88\xfe\xa0(\xb6\xf8\xc5\xd8\xe1c\xd1\xc0\x9e\xc3\
\x11w\xc5\xdeP\xfd\xbe\xa3\x91S\x90gc\x9d\xa0\xaf\
\x1a\x00\xa7\xb44\xac7C\xeb\x15\xa62\xc9\xe8\xd3\x0a\
y\xced\x16\xe4\xd9\xc7\x97\x00\x18\x02y\x03\xb4t\xc8\
\xb3\xa4\x0dLX\xaf\xcc\xe5\x8fB\x9ey\xe5\x86\xbc\x9c\
\xb9\x96\xbe\x9a\xd1\xb6\xe02\xde\x1b2\xd9\xe7Le\x92\
\x8dv?}\xd5C\xdeu/\x8d\x02K\x83<\xe5O\
Y\x11\xa4\xbc$\x0aO\x99\xd3\x1f\xa4\xd7\x07 \x0fz\
\x8a\xe8\xe3b\xecc\xe9\x95 \xafn\x8d@kk\xa9\
\x8bH\xf4\xff\xd8\xa8\x83\xd3E\x07\xa7\x8b\x0eN\x07\xa7\
\x8b\x0eN\x17\x1d\x9c\x0eN\x17\x1d\x9c.:8]\x92\
\x01\x17\x05\x00qG\x9eY/\x96\xd4\x8a\xb8#O\xd9\
^*\xd6\x19p\xca\xc62\xe3\xf4\xa2L\xb9\x8c\xa7\xef\
G;\x03n\x13}_,\xee\xc83\xe8e\x992m\
3\x00P\xfe\x97\xc1\xc6d\xafc\xc7\xe3\x86\x02\xd8\x07\
y\x8c\xeb}\x00\xf3\x01\xec\xe1\x0a\x9c1\xbdx\xbb\x05\
\x98\x09\xf2?UZ\x02\xa0\x18\xf2\x90\xd5U\x5c\x81\xb3\
\xb1C\xe0\xe8\xcd\x0a\xa8\xe6\x0d\xd6\x8b6\xa5R\x07\xe0\
\x0e\xae\xc0\xb9\xbbSQ%W\xe0\xdc\x01y\xa9\xef\x8b\
\xd4\xde\xea\xda\xd6}\x12\xa3e\xfc\x02\x80\xab;\x02M\
\x17]t\xd1E\x17]t\xd1E\x17]t\xd1E\x17\
]t\xd1E\x17]t\xd1E\x17].H4\xd7b\
y\x05!\x07\xf2?_\x80\x83\xe7\xcb\x98\xe3\xcb\x00\xe4\
;x~bW'\xc4+\x08\xf9\x00\x96\x01X\xe7\xe0\
\xf9\xb5\x9d\xbc>\x13\x80\xc7\xc1\xf3U\xfd\x1d\x9c\x91\xc9\
x&\x80Y\x00f\x83\xd9\xc1\xd5+\x08\x00\xb0\xd0\xc1\
\xf3\x8b\x00\xe4C\x1e\xf4\xeb\x0e\xc9\xa4\xf7.\xeb \xb0\
)\x14x\x0es\xcc\x03 \xd7\xc1\xf3\x9e\xee,<\xaf\
 T\xd2\xca\x9d\xf2\xe9\x1e\x1cS[+)\xb4E4\
\xd3\xc4\xc1\xf3\x04\xc0T\xb4Mk\xe8U\xe2\x15\x84b\
\xc8\xc3\xfdeJ\x9a\x01\xe4\x02\x98\xd3\x19h^A\xa8\
\xf4\x0aB\xa9\xc6\xf1e^A\x90z\xa3\xc6\xad\xa15\
~\xa2\xda\xcc8x\xbe\xa4\x17[\x8c\xe9\xf4\xbd\x15\x94\
\x83\xe7k\x00\xac\xed\xe4\xfd\xf2\x13h|\xbe\xd6\xc9=\
\xa1i\xad\xe0\xbc\x820\x83&lfg}\x03\xf5\x89\
\xb3\xe8}<\x00\xb6:x~y;Z2\x9d\x9a\xb6\
\xf3\x9d\xab\x98o!\xc199\x1dHc&\x80\x19\x00\
\xee\x82\xbch\x7f\x9d\xe2\xbfi\x9a\xbe\xa1\xdc\xd3+\x08\
\x0b\xe8\xe7uLZ\xc1\x1ew\xf0|\x0d\xfd~L\xf1\
\xc9\xca}\x1c<\xbf\x88\x96\xeb]T!6i\xa5_\
Un5\x00V\xd0\xf3\xbfA]\x13\xeb\xbfg\xd1t\
T\x01\xd8\xc4\xd1\x9b\xa33\x01\x01\xbd\xe9\x0cjf\xa7\
\xd0\xda\xea\x01\xb0\x8c\x9a\x9dL\xd5\xb9k of\x96\
C\xcf\xada\x0aL\xab\xa0K\xa9\xf9N\xe4\xf7\xd6\xd1\
\xf7e\xeagi\x04..\x9a\xf92Z8\xa54\xed\
J\x05(V\xf9\xdab\xe6\xb3r\xefb\xd5\xf7\x85\x8c\
\xd6\x83\xe6e!\xcd\xe7\x02Z\xc8J\xfaJ5\xd2T\
I+S\x15-\xb7Jz\xddBUE\xafd\xcaL\
\x0e\x1c\xbd\x82\xe0\xd2\xb2\xeb\x09\x0a\xa0\x94\xb5\xf5^A\
\xc8\xf1\x0a\x82[#Q\xc5^A\x90h\x06\x94c\x0b\
\xe8\xb1\x19\x894\x91\xfe\xbe@\x81L\xef\x9d\x7f\x9e4\
\xad\xa1\xd7\xb9\xe832\x13\xa4\xdb\xc5\xfe\xe6\x15\x84\x8d\
\xf4\xfe\xec1)\x81\x8f+\xd5\xf2q\xea\xf3\x99<n\
L\x90\xc6|\xe6\x98K\xe3\xf9\xf9\xf4<I\x95NI\
\x9d/\xae#\xe6FC\xa6\xd0\xda\xb7He\xfb\xcbh\
-b!\xcd\x06P\x95\x8cf\xd3f\xc7\x14-\x9f\xab\
\xe1gf\x02\x98\xc9h\x80\x8b\xad\x1c\xb4\xb0\x8a\x01,\
R\x05,+\x18\x8d\xeajY\x97\xe0\xfb]\x8c\x16\xe5\
\xa8\xd3D\xf3\xaa\xce\xafG\xcb-p\xd4\x5cuV\xee\
R\xb7\xf5\x18)a4Iic\x95$Y\x19\x14\xc8\
I\xf9\x5c\x07\xcf\xafu\xf0|.\x00\xa5}\xb9\x86\x16\
\x0e\x180\xb3\xa8\xe6\x94R-YF\x8f_\xdb\x0d\xe0\
\xce\x17\xd1*\xee\xa1*\x89kW(f\x94jn\x8e\
\x02\xae\x0a@q{>\xa2\x8b\xdah\xc9J\x0e\x05\x5c\
\x9c\xc8\xac\xb6\x03\xb0\x8c6_\xd8\x88\x93g\x0a\xa9\x8c\
y\x95P\x0d\xdd\xda\x9b\x1b\xda\xb4\xf2\xe6\xd2\xb4N\xa1\
\x16e\x8a\x91\xb6\xd1\xa6P\xb3\xb6\xbc\x83\xf7U\xa0\xe7\
khG\xbeF\xad\xcaO\xe2\x9e\xcbiTVI\x9d\
z\x19\x0d\xf1\x93\x86G;\x0d\x14\xd3\xb2\x97\xbeo\xea\
EM\x9b\xbd\xedD\xc5\x99\x1ay\xf2\x00X\xe4\x15\x84\
\x154\xc8Z\xc6Q\x9fS\x05`\x01c^\x92\x15\xa5\
a\xbe@#b\x9a\x02\xa0\xc4\xc1\xf3\x1e\xfa\xe02\x00\
S\xce\x17l0\xa2\xf8\xad\x8d\x1dI\x10\x93\x07\xa5\xc2\
(\x91\xee\xac^\xa4HJ\x9a\x16\xa8\x82\x93\xe2\xf6*\
7-\xc7*\x00\x99F\xa6\x90\xd6\xd0\x10y-5\x1f\
5\x8c=\xde\xabU[i\xed^\x0b`\x06\x8d \xd7\
\xd1Z\xb4\x8c&l\x0es\xfa\x1c\x1a\xde\x97z\x05a\
9}F&\x80\x1c\xad6\x8e\x83\xe7\xab\xbc\x82\xb0\x88\
j\xdd2\x07\xcf\xcf\xd1\x80\xb4\x91>g\x13}\xcf\xa7\
\x95\xc8\xa3\x04L\x0e\x9e\xf7x\x05a\x0e\xf5{\xa5\x8c\
\xcf\xc8\x010\x8am/\xd1\x02-\xa6\xddh\x1e\xc6w\
+\xc7\x17\xd0tW]Hw\x1aM\xd3LZ)+\
i\x19f\xd2\xca^\xa3\xea\xbe[C5\xb4\x8a\xe9r\
\x5c\xcb1vt\x22-\xdc\x1c\x05\x22\xbdq\xb1\xca4\
\x96%\x88\xea\xf2\xe95\x0b\xa8\xff\xc8eM\x1c}\xc6\
8\xfa\xdblz\xee2&8P\xb4\xf2\x18s\xcdr\
j\xbe\xf3\x13h\xeaV\x9a\xde\x8d\xf4~\xb3\x98g\xb3\
\xd1\xdaZ\xc6\xf7\xb1\xe7\xaa\xcd\xd2\x1c\x9a\xc7\x8d\xb4\x0c\
\xd8\x00A\xf1\x89\x1b\x99\x82-S\xb9\x82c\x8c6\xa9\
\x03\x0eu\xdeJhy\x941e<1A\xb08\x8b\
I\xf3B\x95B\xe8\xd2K\xfa_\x93jW\xebK\x89\
{\x0ePf\x82^\xa8\x1c$\xd1\xa9O\xf4\x22\xec1\
pJ'C\x09\xe3\x9f\xa7\x00(Kf\xbcS\x07\xd7\
s\xe0r(\xa8oP_[\x03\xb9\xc3}m2\xd7\
\xff\xff\x00\xbdY\xffj!\xc6\x17\xb9\x00\x00\x00\x00I\
END\xaeB`\x82\
\x00\x00\x13\xe9\
\x89\
PNG\x0d\x0a\x1a\x0a\x00\x00\x00\x0dIHDR\x00\
\x00\x00<\x00\x00\x00!\x08\x06\x00\x00\x00\x85\xb4\xc87\
\x00\x00\x00\x04gAMA\x00\x00\xb1\x8e|\xfbQ\x93\
\x00\x00\x00 cHRM\x00\x00\x87\x0f\x00\x00\x8c\x0f\
\x00\x00\xfdR\x00\x00\x81@\x00\x00}y\x00\x00\xe9\x8b\
\x00\x00<\xe5\x00\x00\x19\xccs<\x85w\x00\x00\x0a9\
iCCPPhotoshop IC\
C profile\x00\x00H\xc7\x9d\x96w\
TT\xd7\x16\x87\xcf\xbdwz\xa1\xcd0\x02R\x86\xde\
\xbb\xc0\x00\xd2{\x93^Ea\x98\x19`(\x03\x0e3\
4\xb1!\xa2\x02\x11ED\x9a\x22HP\xc4\x80\xd1P\
$VD\xb1\x10\x14T\xb0\x07$\x08(1\x18ET\
,oF\xd6\x8b\xae\xac\xbc\xf7\xf2\xf2\xfb\xe3\xaco\xed\
\xb3\xf7\xb9\xfb\xec\xbd\xcfZ\x17\x00\x92\xa7/\x97\x97\x06\
K\x01\x90\xca\x13\xf0\x83<\x9c\xe9\x11\x91Qt\xec\x00\
\x80\x01\x1e`\x80)\x00LVF\xba_\xb0{\x08\x10\
\xc9\xcb\xcd\x85\x9e!r\x02_\x04\x01\xf0zX\xbc\x02\
p\xd3\xd03\x80N\x07\xff\x9f\xa4Y\xe9|\x81\xe8\x98\
\x00\x11\x9b\xb39\x19,\x11\x17\x888%K\x90.\xb6\
\xcf\x8a\x98\x1a\x97,f\x18%f\xbe(A\x11\xcb\x89\
9a\x91\x0d>\xfb,\xb2\xa3\x98\xd9\xa9<\xb6\x88\xc5\
9\xa7\xb3S\xd9b\xee\x15\xf1\xb6L!G\xc4\x88\xaf\
\x88\x0b3\xb9\x9c,\x11\xdf\x12\xb1F\x8a0\x95+\xe2\
7\xe2\xd8T\x0e3\x03\x00\x14Il\x17pX\x89\x22\
6\x111\x89\x1f\x12\xe4\x22\xe2\xe5\x00\xe0H\x09_q\
\xdcW,\xe0d\x0b\xc4\x97rIK\xcf\xe1s\x13\x12\
\x05t\x1d\x96.\xdd\xd4\xda\x9aA\xf7\xe4d\xa5p\x04\
\x02\xc3\x00&+\x99\xc9g\xd3]\xd2R\xd3\x99\xbc\x1c\
\x00\x16\xef\xfcY2\xe2\xda\xd2EE\xb64\xb5\xb6\xb4\
4432\xfd\xaaP\xffu\xf3oJ\xdc\xdbEz\
\x19\xf8\xb9g\x10\xad\xff\x8b\xed\xaf\xfc\xd2\x1a\x00`\xcc\
\x89j\xb3\xf3\x8b-\xae\x0a\x80\xce-\x00\xc8\xdd\xfbb\
\xd38\x00\x80\xa4\xa8o\x1d\xd7\xbf\xba\x0fM</\x89\
\x02A\xba\x8d\xb1qVV\x96\x11\x97\xc32\x12\x17\xf4\
\x0f\xfdO\x87\xbf\xa1\xaf\xbeg$>\xee\x8f\xf2\xd0]\
9\xf1La\x8a\x80.\xae\x1b+-%M\xc8\xa7g\
\xa43Y\x1c\xba\xe1\x9f\x87\xf8\x1f\x07\xfeu\x1e\x06A\
\x9cx\x0e\x9f\xc3\x13E\x84\x89\xa6\x8c\xcbK\x10\xb5\x9b\
\xc7\xe6\x0a\xb8i<:\x97\xf7\x9f\x9a\xf8\x0f\xc3\xfe\xa4\
\xc5\xb9\x16\x89\xd2\xf8\x11Pc\x8c\x80\xd4u*@~\
\xed\x07(\x0a\x11 \xd1\xfb\xc5]\xff\xa3o\xbe\xf80\
 ~y\xe1*\x93\x8bs\xff\xef7\xfdg\xc1\xa5\xe2\
%\x83\x9b\xf09\xce%(\x84\xce\x12\xf23\x17\xf7\xc4\
\xcf\x12\xa0\x01\x01H\x02*\x90\x07\xca@\x1d\xe8\x00C\
`\x06\xac\x80-p\x04n\xc0\x1b\xf8\x83\x10\x10\x09V\
\x03\x16H\x04\xa9\x80\x0f\xb2@\x1e\xd8\x04\x0aA1\xd8\
\x09\xf6\x80jP\x07\x1aA3h\x05\xc7A'8\x05\
\xce\x83K\xe0\x1a\xb8\x01n\x83\xfb`\x14L\x80g`\
\x16\xbc\x06\x0b\x10\x04a!2D\x81\xe4!\x15H\x13\
\xd2\x87\xcc \x06d\x0f\xb9A\xbeP\x10\x14\x09\xc5B\
\x09\x10\x0f\x12By\xd0f\xa8\x18*\x83\xaa\xa1z\xa8\
\x19\xfa\x1e:\x09\x9d\x87\xae@\x83\xd0]h\x0c\x9a\x86\
~\x87\xde\xc1\x08L\x82\xa9\xb0\x12\xac\x05\x1b\xc3\x0c\xd8\
\x09\xf6\x81C\xe0Up\x02\xbc\x06\xce\x85\x0b\xe0\x1dp\
%\xdc\x00\x1f\x85;\xe0\xf3\xf05\xf86<\x0a?\x83\
\xe7\x10\x80\x10\x11\x1a\xa2\x8a\x18\x22\x0c\xc4\x05\xf1G\xa2\
\x90x\x84\x8f\xacG\x8a\x90\x0a\xa4\x01iE\xba\x91>\
\xe4&2\x8a\xcc oQ\x18\x14\x05EG\x19\xa2l\
Q\x9e\xa8P\x14\x0b\xb5\x06\xb5\x1eU\x82\xaaF\x1dF\
u\xa0zQ7Qc\xa8Y\xd4G4\x19\xad\x88\xd6\
G\xdb\xa0\xbd\xd0\x11\xe8\x04t\x16\xba\x10]\x81nB\
\xb7\xa3/\xa2o\xa3'\xd0\xaf1\x18\x0c\x0d\xa3\x8d\xb1\
\xc2xb\x221I\x98\xb5\x98\x12\xcc>L\x1b\xe6\x1c\
f\x103\x8e\x99\xc3b\xb1\xf2X}\xac\x1d\xd6\x1f\xcb\
\xc4\x0a\xb0\x85\xd8*\xecQ\xecY\xec\x10v\x02\xfb\x06\
G\xc4\xa9\xe0\xccp\xee\xb8(\x1c\x0f\x97\x8f\xab\xc0\x1d\
\xc1\x9d\xc1\x0d\xe1&q\x0bx)\xbc&\xde\x06\xef\x8f\
g\xe3s\xf0\xa5\xf8F|7\xfe:~\x02\xbf@\x90\
&h\x13\xec\x08!\x84$\xc2&B%\xa1\x95p\x91\
\xf0\x80\xf0\x92H$\xaa\x11\xad\x89\x81D.q#\xb1\
\x92x\x8cx\x998F|K\x92!\xe9\x91\x5cH\xd1\
$!i\x07\xe9\x10\xe9\x1c\xe9.\xe9%\x99L\xd6\x22\
;\x92\xa3\xc8\x02\xf2\x0er3\xf9\x02\xf9\x11\xf9\x8d\x04\
E\xc2H\xc2K\x82-\xb1A\xa2F\xa2CbH\xe2\
\xb9$^RS\xd2Ir\xb5d\xaed\x85\xe4\x09\xc9\
\xeb\x923Rx)-)\x17)\xa6\xd4z\xa9\x1a\xa9\
\x93R#Rs\xd2\x14iSi\x7f\xe9T\xe9\x12\xe9\
#\xd2W\xa4\xa7d\xb02Z2n2l\x99\x02\x99\
\x832\x17d\xc6)\x08E\x9d\xe2BaQ6S\x1a\
)\x17)\x13T\x0cU\x9b\xeaEM\xa2\x16S\xbf\xa3\
\x0ePgeed\x97\xc9\x86\xc9f\xcb\xd6\xc8\x9e\x96\
\x1d\xa5!4-\x9a\x17-\x85VJ;N\x1b\xa6\xbd\
[\xa2\xb4\xc4i\x09g\xc9\xf6%\xadK\x86\x96\xcc\xcb\
-\x95s\x94\xe3\xc8\x15\xc9\xb5\xc9\xdd\x96{'O\x97\
w\x93O\x96\xdf%\xdf)\xffP\x01\xa5\xa0\xa7\x10\xa8\
\x90\xa5\xb0_\xe1\xa2\xc2\xccR\xeaR\xdb\xa5\xac\xa5E\
K\x8f/\xbd\xa7\x08+\xea)\x06)\xaeU<\xa8\xd8\
\xaf8\xa7\xa4\xac\xe4\xa1\x94\xaeT\xa5tAiF\x99\
\xa6\xec\xa8\x9c\xa4\x5c\xae|FyZ\x85\xa2b\xaf\xc2\
U)W9\xab\xf2\x94.Kw\xa2\xa7\xd0+\xe9\xbd\
\xf4YUEUOU\xa1j\xbd\xea\x80\xea\x82\x9a\xb6\
Z\xa8Z\xbeZ\x9b\xdaCu\x82:C=^\xbd\x5c\
\xbdG}VCE\xc3O#O\xa3E\xe3\x9e&^\
\x93\xa1\x99\xa8\xb9W\xb3Os^K[+\x5ck\xab\
V\xa7\xd6\x94\xb6\x9c\xb6\x97v\xaev\x8b\xf6\x03\x1d\xb2\
\x8e\x83\xce\x1a\x9d\x06\x9d[\xba\x18]\x86n\xb2\xee>\
\xdd\x1bz\xb0\x9e\x85^\xa2^\x8d\xdeu}X\xdfR\
\x9f\xab\xbfO\x7f\xd0\x00m`m\xc03h0\x181\
$\x19:\x19f\x1a\xb6\x18\x8e\x19\xd1\x8c|\x8d\xf2\x8d\
:\x8d\x9e\x1bk\x18G\x19\xef2\xee3\xfehba\
\x92b\xd2hr\xdfT\xc6\xd4\xdb4\xdf\xb4\xdb\xf4w\
3=3\x96Y\x8d\xd9-s\xb2\xb9\xbb\xf9\x06\xf3.\
\xf3\x17\xcb\xf4\x97q\x96\xed_v\xc7\x82b\xe1g\xb1\
\xd5\xa2\xc7\xe2\x83\xa5\x95%\xdf\xb2\xd5r\xdaJ\xc3*\
\xd6\xaa\xd6j\x84Ae\x040J\x18\x97\xad\xd1\xd6\xce\
\xd6\x1b\xacOY\xbf\xb5\xb1\xb4\x11\xd8\x1c\xb7\xf9\xcd\xd6\
\xd06\xd9\xf6\x88\xed\xd4r\xed\xe5\x9c\xe5\x8d\xcb\xc7\xed\
\xd4\xec\x98v\xf5v\xa3\xf6t\xfbX\xfb\x03\xf6\xa3\x0e\
\xaa\x0eL\x87\x06\x87\xc7\x8e\xea\x8el\xc7&\xc7I'\
]\xa7$\xa7\xa3N\xcf\x9dM\x9c\xf9\xce\xed\xce\xf3.\
6.\xeb\x5c\xce\xb9\x22\xae\x1e\xaeE\xae\x03n2n\
\xa1n\xd5n\x8f\xdc\xd5\xdc\x13\xdc[\xdcg=,<\
\xd6z\x9c\xf3D{\xfax\xee\xf2\x1c\xf1R\xf2by\
5{\xcdz[y\xaf\xf3\xee\xf5!\xf9\x04\xfbT\xfb\
<\xf6\xd5\xf3\xe5\xfbv\xfb\xc1~\xde~\xbb\xfd\x1e\xac\
\xd0\x5c\xc1[\xd1\xe9\x0f\xfc\xbd\xfcw\xfb?\x0c\xd0\x0e\
X\x13\xf0c &0 \xb0&\xf0I\x90iP^\
P_0%8&\xf8H\xf0\xeb\x10\xe7\x90\xd2\x90\xfb\
\xa1:\xa1\xc2\xd0\x9e0\xc9\xb0\xe8\xb0\xe6\xb0\xf9p\xd7\
\xf0\xb2\xf0\xd1\x08\xe3\x88u\x11\xd7\x22\x15\x22\xb9\x91]\
Q\xd8\xa8\xb0\xa8\xa6\xa8\xb9\x95n+\xf7\xac\x9c\x88\xb6\
\x88.\x8c\x1e^\xa5\xbd*{\xd5\x95\xd5\x0a\xabSV\
\x9f\x8e\x91\x8ca\xc6\x9c\x88E\xc7\x86\xc7\x1e\x89}\xcf\
\xf4g60\xe7\xe2\xbc\xe2j\xe3fY.\xac\xbd\xac\
glGv9{\x9ac\xc7)\xe3L\xc6\xdb\xc5\x97\
\xc5O%\xd8%\xecN\x98NtH\xacH\x9c\xe1\xba\
p\xab\xb9/\x92<\x93\xea\x92\xe6\x93\xfd\x93\x0f%\x7f\
J\x09OiK\xc5\xa5\xc6\xa6\x9e\xe4\xc9\xf0\x92y\xbd\
i\xcai\xd9i\x83\xe9\xfa\xe9\x85\xe9\xa3kl\xd6\xec\
Y3\xcb\xf7\xe17e@\x19\xab2\xba\x04T\xd1\xcf\
T\xbfPG\xb8E8\x96i\x9fY\x93\xf9&+,\
\xebD\xb6t6/\xbb?G/g{\xced\xae{\
\xee\xb7kQkYk{\xf2T\xf36\xe5\x8d\xads\
ZW\xbf\x1eZ\x1f\xb7\xbeg\x83\xfa\x86\x82\x0d\x13\x1b\
=6\x1e\xdeD\xd8\x94\xbc\xe9\xa7|\x93\xfc\xb2\xfcW\
\x9b\xc37w\x17(\x15l,\x18\xdf\xe2\xb1\xa5\xa5P\
\xa2\x90_8\xb2\xd5vk\xdd6\xd46\xee\xb6\x81\xed\
\xe6\xdb\xab\xb6\x7f,b\x17]-6)\xae(~_\
\xc2*\xb9\xfa\x8d\xe97\x95\xdf|\xda\x11\xbfc\xa0\xd4\
\xb2t\xffN\xccN\xde\xce\xe1]\x0e\xbb\x0e\x97I\x97\
\xe5\x96\x8d\xef\xf6\xdb\xddQN//*\x7f\xb5'f\
\xcf\x95\x8ae\x15u{\x09{\x85{G+}+\xbb\
\xaa4\xaavV\xbd\xafN\xac\xbe]\xe3\x5c\xd3V\xab\
X\xbb\xbdv~\x1f{\xdf\xd0~\xc7\xfd\xaduJu\
\xc5u\xef\x0ep\x0f\xdc\xa9\xf7\xa8\xefh\xd0j\xa88\
\x889\x98y\xf0IcXc\xdf\xb7\x8co\x9b\x9b\x14\
\x9a\x8a\x9b>\x1c\xe2\x1d\x1a=\x1ct\xb8\xb7\xd9\xaa\xb9\
\xf9\x88\xe2\x91\xd2\x16\xb8E\xd82}4\xfa\xe8\x8d\xef\
\x5c\xbf\xebj5l\xado\xa3\xb5\x15\x1f\x03\xc7\x84\xc7\
\x9e~\x1f\xfb\xfd\xf0q\x9f\xe3='\x18'Z\x7f\xd0\
\xfc\xa1\xb6\x9d\xd2^\xd4\x01u\xe4t\xccv&v\x8e\
vEv\x0d\x9e\xf4>\xd9\xd3m\xdb\xdd\xfe\xa3\xd1\x8f\
\x87N\xa9\x9e\xaa9-{\xba\xf4\x0c\xe1L\xc1\x99O\
gs\xcf\xce\x9dK?7s>\xe1\xfcxOL\xcf\
\xfd\x0b\x11\x17n\xf5\x06\xf6\x0e\x5c\xf4\xb9x\xf9\x92\xfb\
\xa5\x0b}N}g/\xdb]>u\xc5\xe6\xca\xc9\xab\
\x8c\xab\x9d\xd7,\xafu\xf4[\xf4\xb7\xffd\xf1S\xfb\
\x80\xe5@\xc7u\xab\xeb]7\xacot\x0f.\x1f<\
3\xe40t\xfe\xa6\xeb\xcdK\xb7\xbcn]\xbb\xbd\xe2\
\xf6\xe0p\xe8\xf0\x9d\x91\xe8\x91\xd1;\xec;SwS\
\xee\xbe\xb8\x97yo\xe1\xfe\xc6\x07\xe8\x07E\x0f\xa5\x1e\
V<R|\xd4\xf0\xb3\xee\xcfm\xa3\x96\xa3\xa7\xc7\x5c\
\xc7\xfa\x1f\x07?\xbe?\xce\x1a\x7f\xf6K\xc6/\xef'\
\x0a\x9e\x90\x9fTL\xaaL6O\x99M\x9d\x9av\x9f\
\xbe\xf1t\xe5\xd3\x89g\xe9\xcf\x16f\x0a\x7f\x95\xfe\xb5\
\xf6\xb9\xce\xf3\x1f~s\xfc\xad\x7f6bv\xe2\x05\xff\
\xc5\xa7\xdfK^\xca\xbf<\xf4j\xd9\xab\x9e\xb9\x80\xb9\
G\xafS_/\xcc\x17\xbd\x91\x7fs\xf8-\xe3m\xdf\
\xbb\xf0w\x93\x0bY\xef\xb1\xef+?\xe8~\xe8\xfe\xe8\
\xf3\xf1\xc1\xa7\xd4O\x9f\xfe\x05\x03\x98\xf3\xfc\xba\xc4\xe8\
\xd3\x00\x00\x00\x09pHYs\x00\x00\x0f_\x00\x00\x0f\
_\x01\xd7\x8a\xda\xc9\x00\x00\x01\x87iTXtXM\
L:com.adobe.xmp\x00\
\x00\x00\x00\x00<?xpacket be\
gin='\xef\xbb\xbf' id='W5\
M0MpCehiHzreSzNT\
czkc9d'?>\x0d\x0a<x:xm\
pmeta xmlns:x=\x22a\
dobe:ns:meta/\x22><\
rdf:RDF xmlns:rd\
f=\x22http://www.w3\
.org/1999/02/22-\
rdf-syntax-ns#\x22>\
<rdf:Description\
 rdf:about=\x22uuid\
:faf5bdd5-ba3d-1\
1da-ad31-d33d751\
82f1b\x22 xmlns:tif\
f=\x22http://ns.ado\
be.com/tiff/1.0/\
\x22><tiff:Orientat\
ion>1</tiff:Orie\
ntation></rdf:De\
scription></rdf:\
RDF></x:xmpmeta>\
\x0d\x0a<?xpacket end=\
'w'?>,\x94\x98\x0b\x00\x00\x07\x87IDA\
ThC\xc5\x99{p\xd5G\x15\xc7?\xbb\xbf\x9b\xdc\
\xbc\x81\x84RJ\x02\x96\x87\x10D\xb0\xad!Tk5\
PP\x9c\xa1\x15\xf9\xa3\x05\x11ql;LmE\x07\
\xc1\xda\xb1S\xa63b\xcb\xe8`E\xa6NZ\xeb\xa8\
8\x83\xd0B\x91\x02\xf2\xce\x13\x0a\x09\x14\x1au\x0a\x86\
B#B\xca+\xe4\xc1\xbd\xb9\xb9\x8f=\xfeq\xf7\x17\
o\x7f!ib\x92\xebwf'7g\x9f\xdf\xdds\
\xce\x9e=?E/ U\x0c\x13(BSB\x8cY\
\x08S\x94\x9fl|\xde\x96\x83\x08\x01\x09\x22\xc0\xfbh\
\xdeF\xd8\xaf\x1cj\xd5}\x9c\xf66\xed\x09\xca+H\
\x84\xd9\xc7(\xb2y\x92\x0e\x16F\xa2\x8c\x0etp\xf6\
Z3\xc7\xaf\xde\xe0| D\x931\x84\x8d\xf4<\xc6\
@@+D4:3\x95\xcc\xdc\x1c\xf2o\x1b\xca\xa7\
s2\x98\x91\x92FH\x0bU\xc4\xd8\xa0gq\xd0\xdb\
\xefV\xe8v\xb1\xa6\x92\xef\xe2\xb0*\x10\x22\xed\x83\x7f\
\xb1{K\x15\xdb^\xfa\x13\xf5ma\x02@\x08\x88\x00\
&\xbe\xf7\x88\xb7\xff @\xdb\x92\x0a\xf8\x1f\x9cA\xde\
s\x8f1g\xfc\x1d,\x1e\x92\xc1\x14\xe5\xe3\xf5\xf60\
Og\xce\xe6\xa2\xb7c\x8f\x90-\xa4\x9a\xc3\xfc:z\
\x98\xd8\xe9Ml\xfa\xde<\xbe\x04\x8c\x00\x86\x03\xc3\x80\
l \x0b\xc8\x00\xd2\x07\xb9\xa4\x01~OI\xb7sg\
\x01\xe9\xf9\xb9\x14\xd4\x94\xf2\xfd\xe0~\x9aM9g\x9a\
\xdf\xa2\xd8\xcb\xa9[\x98#\xa4\x9bJ6\x87\xcai\x7f\
k-?\x04\xc6\x00y@.\x90i'\xf4\x01\x8e\xdd\
m5H\xa57p\xec\x86\xa4\x03\xfe\xd2\xe5Lo\xde\
\xc5\x09SM\xe3\xf5\x9d|\xde\xdb\xd8E\xe7\xe0\xb2\x05\
GF\xb2!\x1c\xe6\xf17\xcbX\xb6h\x0d;\xad\xca\
\x86\x80\x0e \x96\xa0\xc2\x83\x0aSM6\x86\xfb\x10f\
c\x98\x0a\x0cC\x11F\xd1\x80\xa2\x1a\xc3\x01]B\xbd\
m\xee\x00)@lN1\x05[\x9egc\x8e\x9fq\
\xf5\x8d\xcc*\x5c\xcci\xcb\xb1\xeb\x9aM\x05OI5\
\xb2\xe3g\xac\xb4*|\x9bU\x1d_\x1fv\xbd\xdf0\
\xe5,0\xd5T\xcbaD\x8e\x22r\x0c\x91\x1a\xfb\xd7\
\xfeo*\xb9f*Xg\xca(\xb0\xdd\x94\xb5m\xe7\
\x99E\x14\x06\xf6r>r\x90\x9a\xdd\xab\xc9\xf1\x0c\x1f\
'b\xca(\xc0\xa1\xb6\xfe\x03*&}\x8bU\xf6T\
\x03@\xd8\x9el\xd7\x1d\x1a`H\x19ibX\x83\x9f\
\x1f(?\x9a\xf6n\xdc\xa1\xb2G\x90\x0e\x12\xa0\x8e(\
\xcb\xf4L\x8e&\xd4D\xf6\xace\xde\x03E\xfc\xe5z\
\x1b+G\xce\xe7%w\x0a\xac\x1d\x82\x8f\xe5\xc1 )\
\xcf\x96\xb2\x01h\xb7\x84\x93Gv5Z\xe0\x17*\x87\
\x15J\xa1\x09\xf4`<b\xef\x876P\xe9LC\xf3\
\x86)\xe7n[\x13\x03R\xe6>\xcd\xde\xe6\x00\x7f\xcc\
\xcdb\xc5O\x971*q$m\xf62Bb,|\
\xff\x22o\xbc~\x983v*\xd7fo5\xe5\x80C\
J\xf8\x8eJ\xe3\xc9\xce\xcb\xae7\x10\xe0&\xa8,\xf2\
\x11Je?C\xec\xdac@d\xcf\x09J\x81!\xdf\
\x9c\xc57l\x0f\x05\xa0\xc9\xe6\x9eh\x94Q\xbf\xdb\xc5\
\x9b\xb6C\x18\x88&\x8b\xac)\xa3\x00\xc53h\xbb\xd4\
\xbe\x22Nz\xba\xa4\xf0\x98\x95\x18@/y\x9e\x93\xa1\
0G\xf2rx\xd8zs\x0d\xa0\x890\xa7-\xc8\xe9\
_m\xe3|\x02\xe1\xa4\x90\xb5\x98\xaf\xb2\x18G\xc8+\
\xee%\x5cE\x16\x1e5\xa7\xc8L\xa8\xe9h\x0dR\xe5\
s\xc8_\xfb8\x9f\xb2\xdc\xd0(J\xae\xb5Pk\x9d\
T\xb4\x07\xeb\x19pH\x19>\x14\xb3o\xe9\x9c\xfa\x82\
(\x00\xe3i\xee\xbc\x7f\x05\xe0b\x13\xc7\x15\xa4\xde5\
\x91\xa9\xee\x1d\xaf\x11&_o\xa6\xc1:\xab\xfeN\xdd\
7\x0c%\x0baj\xaf\xed\xb6;\x18P\xe9\xa4\x22L\
\xb1\x12\x01x\xf7\x1c\xe7\x1d\x87\x94!\x99\xe4\xbb\xa1\xa9\
Vi\xa4\x07\xc24'\xd8m\xd2\x08\xcbu\xfcJ\x91\
\x17W\xb6~\xc0\xd8\x18P\x91\x9b(>TC\x8b\xd6\
(G\x93\xed\xc6\x13\x1a\x03\x8e\xd3\x19\x8d$\x8d,\x00\
\xe9\x88H\xbf\xe9\xc6!\xa0<c\x8d\xc8\x8c\xcbc\x06\
e#2\xa5\xe9\xa0%;\x83<\xbb\x03\xc9\x85C\x08\
h\xc4\xf1V\xf4\x11:\x1e9\x08|\x98(\x9e{/\
y1\xc14\xb5\xd2\xdeIX\x84\xba\x11\xd9\x8c\xb7\xae\
;\xa9P3\xb8\x89\xe2\x04)\xde\x9a>\xc2\x01\xe9 \
\x88p2Q\xfc\xc9\xb1L\x88D\x89\xd57r\xc5\x12\
F#\x1c\xc8\x1b\xca\xe7r\xfcdXO\x16\x8f\xbe\x92\
\x00\xa50hv\x13\xe9\xe7\xac\xf1\x0d;\xa5fr\xdc\
J\x14\xc0\xa8\x5c\x8a:\x22\x98\xad\x15\x9c\xb5\x84E\x87\
\x22\x94\xa7\xf9)X\xb7\x9c\xa9\xd6\x86\xddg_r\xa0\
\xd9%!\x8e\x91\xe1\xad\xe8%\x9cNw\xbb^\xa9\xce\
\xd0E\xe6}\x96\x8c\xd4\x14Jn\xb4q\xa1\xf2Tg\
R@tc\x0b\xefj8\xf3\xe5\x22\x16Z;N\xea\
\xebH\x7f\x816\x05\xcfJ\x90v\xfc\xde\xda\x8f\x81\x8a\
\xbf\xd2\xa5\x83-J\xb15A\xca\x0bO0C\xa0x\
_-\xbbl\xa8\x1c\x01\x8c\x1e\xff0-\x1d\x1d\xfc\xe1\
\xf6<\x1e\x5c\xf7\x04\xc56nI*i5\x93\x03\x18\
VJ\x14C\xba\xb7\xb6\x1b8\xf1\x9c\x87\xb4PE\x8c\
\xe5j\xa6\x0d?\xe2Z\xea\x9bt'+\xae4q\xf5\
'\xbf\xa5\xd2F\x8f\x11@4\xc0\xde\xa3\xbc\xe2\xd34\
,\xfd*\xcf\x91\xc10\xab\xd6N2I\xeb\x12^&\
\xcc\xb7%\xca%\xb2\xdc\xd7\xadg\x05\xfa\xbfOCR\
@\x02lF\xf3\x88\x9e\xcd\xe5\x84V\x5c\xde\xce\x92\x14\
\x1f\xf3\xfe|\x90\x8dM\xad\x5c\xb2'\xfc\xd1\xf7\xc1\xb5\
\x9d,\x90J\xe4\xec&\xd6\xd9!S\x93}\xd2\xc4\xb3\
\x1d\x93L\x15/\x9b2\xaeH%\x22\xb5\x88\x9cD\xe4\
\x04\x22G\x10SI\xc0T\xf0\xb6\xa9`\xb1\x94~\xc4\
\xbf+\x803\xbf\xa7X*h>\xf1\x0aG\xfd\x0e\xb3\
\x80q6\x0f\xe7t6r\xd1\xb8\x8d\x1f\x8f\x1c\xce\x0b\
g\x1aX]\xb8\x84\x9f'<\xd6\x92\xf6Tta*\
\x18\x0d|\x11\x98\x8ca(\x8a\x08\x86\x7f\xe3\xe3\xa8\xca\
\xa0F\x15u\x0dH\xdfy\x8d\xcf\xdcU\xc8\xd6s\x0d\
8sW\xb1\xea\xecE\xde\x03\xae\x02\xcdV\xad\xbb\xc0\
wi\x1bk#U\xc4.lc\xfdW\x0a\xb9\xc3\x95\
'\xdd{\xf7\x11W\xb7\xf3\x90\xa9\xa4\xf1\xdcf\x1a\xee\
\x9f\xc6\xa3\xc0\xdd\xc0h\x9b\xa6\xba\xe5\xa5\xe7\x92I}\
o#\xab\xc2\x15\x84o\x1e\xe2\xd8\xa9WY`3\x96\
\xde\xb6\x83\x99\xb5\xec\xaet\xc1\xdf_eBp\x1f\x1b\
L%\xa6\xee5\xea\xee-d)P\x04\x8c\x05r\xbc\
\x11\xa4w\x10w'\xd4__\xe4k\xc5\xd3\xf8Qf\
&Sc\xed\xd4^\xb8\xc6\xc6s\x97\xa8]\xbf\x83\xc6\
=\xd54\xfd\x8f\xcf\xf5\x81@\xc6\x8e\x17\x19>q\x14\
\x13\xc6\x8e\xe1\xeb>\xe1\x91\x1b\xadd\x1d:\xc5\xd6\xa5\
k\xd8\xda\x1e\xa6\xc1\xaap\x13\x10\xf4:+/aW\
\xe6\x00\x92\x06\xf9\xbb\x7f\xc9\xfc\xc2O\xb0(/\x87b\
\xa5i\x8aE\xf9\xa7\xc0%\x11\xda\x1c\xddy\x15\xa0\xd4\
\xe0\xda\xb8\xc4\xd0\xa2H\xd3\x9a\xe1J3\xceQL\xfc\
\xb0\x95+5\x7f\xa3\xfa7\xdb\xd9\xbb\xef8\xff\x00Z\
-\xd9f\x9b\x97\xeb\x92\xb9\xb9\x15a\xac\xdc\xbd\x04t\
j*\x05O=\xc4\xe4\xfb\xefa\xfa\xb8\xdb)\x1a\x96\
\xc3\x98T\x1fC\x15\xf8DPJ!2\xd8\xdf\x98\x14\
\x12\x8e\x12jj\xe5j\xc3e\xea\xcb\xdf\xa1\xee`-\
\xe7\xeb\x1ah\xb0\xc9\x8b \xd0b\x7fwt\x97\xc8\xf8\
\xb8E\xba\xa4\x1d{Me\xd8\xe2~\x02q\x9d\x19\xbd\
\x18\xab\xbfp\x17o\xec\xc9\x85-\xb1\xb0M^\x04\x13\
\xf2q\xdd>9{\xbbH7\x10\xf1\xd9P=%a\
#z;\xc6@A\x12HG\x12\x8a\xfbe\xa4G\xf4\
u\xb1\xae\xb7L\xf4\xd0\xff\x0f\xb8\xc9\x0aWm\xbb\xa8\
nw\xf8\x0f\xf3\xb8\xe3\xdb\x9ai\xadY\x00\x00\x00\x00\
IEND\xaeB`\x82\
\x00\x00@<\
\x89\
PNG\x0d\x0a\x1a\x0a\x00\x00\x00\x0dIHDR\x00\
\x00\x00\x89\x00\x00\x00\x87\x08\x06\x00\x00\x00\x22.z\xb9\
\x00\x00\x00\x01sRGB\x00\xae\xce\x1c\xe9\x00\x00\x00\
\x04gAMA\x00\x00\xb1\x8f\x0b\xfca\x05\x00\x00\x00\
\x09pHYs\x00\x00\x16%\x00\x00\x16%\x01IR\
$\xf0\x00\x00\x01\x87iTXtXML:co\
m.adobe.xmp\x00\x00\x00\x00\x00\
<?xpacket begin=\
'\xef\xbb\xbf' id='W5M0Mp\
CehiHzreSzNTczkc\
9d'?>\x0d\x0a<x:xmpmet\
a xmlns:x=\x22adobe\
:ns:meta/\x22><rdf:\
RDF xmlns:rdf=\x22h\
ttp://www.w3.org\
/1999/02/22-rdf-\
syntax-ns#\x22><rdf\
:Description rdf\
:about=\x22uuid:faf\
5bdd5-ba3d-11da-\
ad31-d33d75182f1\
b\x22 xmlns:tiff=\x22h\
ttp://ns.adobe.c\
om/tiff/1.0/\x22><t\
iff:Orientation>\
1</tiff:Orientat\
ion></rdf:Descri\
ption></rdf:RDF>\
</x:xmpmeta>\x0d\x0a<?\
xpacket end='w'?\
>,\x94\x98\x0b\x00\x00>>IDATx^\xed\
}y\x9cU\xc5\x95\xff\xf7T\xdd\xe5\xed\xbd\xd1\xec;\
\x08\x08\xa8(\x8b`D\x82QD\xdc\x170&1\x13\
M\xa2\xf1\x17\x9d,\x8e\x99$\x93\x04\xc9d\x99\xc9D\
Gc&\xe3\x92D\x135\x89\x18\x17\x5c\x00EE\xdc\
@\x04\x15TPY\x04d\x87\xde^\xbf\xf5\xde[u\
~\x7f\xdc\xfb\x9a\xd7\x0fZ\xfau7K>\xc3\xb7?\
\xef\xd3\xef\xdd[{\x9d:u\xea\xd4\xa9S\x842\xc0\
\x0c\xfad\xee\xc4P\x1a^\xffH$<\xd1\xcb5\x8f\
Qp#\x10\x12\x80(\x0d\xfe\x0f\x09\x19\xfcW%\xcf\
\x8fnh\x00@4\x14nR\xae\xf9\x16[\xfaMj\
\xd6\xdb\xfb_\xb1,\x07\x80KC\x97\x0b*}\xd0\x16\
x\xeeL\xb9\xcd\xd81D\x1a\xe9km#\xf3%\x9b\
tw\xc9 &\xbf\x80\x00\x81Z\x95\x88\x8b\x92/<\
-\xce\xae84\x81\xc0\xadC\xf1\xbe\x10\xc4\x80n\xa1\
A?\x0d\xe2 PK6\x04nI\x9e\x83\xf7\x05\x04\
/\x82\x7f\x85\x9c\x8aK\xd3\xd6\x93\xd2\xafmW\xa9\xb4\
>\xc5\x81\x00n\x956@\x14\x14\x9c[\x15\xb4(\xc6\
\x812\xe2\x96\x94\x0boZ\xeaI\x1a\x80\x80\xd6\xccZ\
D\xea2\xc2\xf8\xc3\x9ef\xf3\x0f#/{c=Q\
\xab\x1a\x94\x8d\xd6%\xff\x144.:}\xb0\xd0\xd9\x9f\
\x0a\xd5<\xcb\x04\x9b\x00\xa0\x85\x06X\x80\xb8\xb8\x81\x00\
\x22\x80\x99A\xd4:\xf9\xd6\xedJ\xe0\xa0\x81\x88\x0a$\
R\xe8\xf4\x03\x14\x8b\x0b\x8f\x8b\x9b?\x08\x1f\x80h_\
\x9aA\x17\x00\xe4wY\xcbo\xf8e\xf3#\xec\xfb\xc7\
\xec\xc7/\xa0%L{P\xc8\xa3\xad8AA\x8ak\
Uh\x9fVqZ\x0a\xe8\xb7\x81_\xae\xa26b\x0e\
\xa8\xa2\xb86\xad\xdbJ\x07e\xd1\x9a9\xa9+\x16\xe4\
\xdc\xe87\x07]\xb2dS\xab@e\xa2\xdds\x84\x97\
\xcf^)t\xe6rI\xda\xd4\xa4}\x06\xc7\x02\x04\x0d\
&\x05]\xf8#\x0d\x0d\x06\x13\xa0\xc1\xad>\x85?\xff\
\xb7\x06\x93_\xe9}o\x01&\xf8\xdfi\xffO!\x9e\
\x9f\xbb\x0eF\xa1\xff\xf1S\xd1\xd0\xc4\xd0\xa4\xf75&\
s\xc0\x8e[J\xd8*\xbd\x96\xdci_\xdaA\x0dZ\
\x9e\xb5*C\xf0\xd9\xf7}_\xa9ZjX\xa8W\xe1\
\xb3\xaftA8\xbf|-\xff[\x85+|/-k\
\xf0\x1d\x04\x86\x08\xfeS\xf0^\x03`\x10kHV \
0\x0cR\x14\x17\xa9s\xc3F\xfa;\xcc3\x0b\xb3h\
\x87p\x80!{`4,\x1c\xf5AD;\xc35\x00\
fb\x05\xf9\xa1\xc7\xc6J\x05\xce\xf0~\xb4V\xf8\xed\
\xb3\xc0\xc2\x9cY\x8aV#\xab\xe8{1\xf6\x0d\xae\xd6\
y\x94\x16\x9c\x0f\x90\x07\x15\x8d\xb9\xb6\xd2\xfft\xb4]\
\xf6\xb6\xe1\x97\xd3\xcfs\xff\xb8\xa5\xe5.\xa0\xfd\xe5+\
mk\x0d\x08\x0d\xd2\x02\x06i\x0b\xd2\xfd\xac\xa9u?\
\x03$\xb4\xf0\x90U\x91\xfa\x0fw\xd7\x8c\x9dtu\xc7\
\xb9I[e\xde\x0f\xc9\xf9#]\x8b\x5c\x03`8\x9e\
\xb9\xc9!\xfbg\xcdn\xc5\x0b92\x9d\xd2\xb0\xc7p\
d\x10\x0f\xe5%\xbb\xf9\xcb\xaa\xac\xba\x1f\x9b\x9eQ\xad\
\x0c\x17J\x1b\xbcS\xf7\xbf\xee\xb8\xf3\x9e\xbf\xb74|\
{\xd1n\x22\xc9,\x18\xc9\x04\x07\x04F\xd6\xb1_\xc9\
x\xf2\xdb}.{\xf7\xad\xd2p\xc7pd\xb1\xfa\xe1\
3&\x0d\xa8\xf8\xe4\x91\x902\xfb\xb0\xf4\xa7\xaf\x8d\xd9\
\xe8m\xa3.YuSi\xd8\xf6\xa2\x94w\xb5\x0d\xf2\
)\x8a@\xd0\xc4\x9e\x86\xfc\xc7Z%\xfe_\x81'\x1d\
\xe1\x99\xec/*\x00\xc1\x1a\x9e'\xcd\xd2`\xe5\xa0\xfd\
D\xc2\xfe\xfc\xca\xc1\x9a\xcb-y}\x0cG\x07X\x12\
\xfbC\x19\x10\xcc\xd0\x10\x100J\x83\x95\x85\xf6\x13I\
\x0b\x0a+\x8a\x7f\x5c2\xb9\xf6\xda\xb1\xe6\xf3\xf7O\xec\
\xf3\xee\xa3\x9f\x1b\xbfk\xc9\xd4iM\xaf\x9d~\xfe\x9e\
%S\xcf\x5c\xfe\xc0\xa4\xf1/\xffaL\xed\xec\xd9\x1d\
i\x97\xa3\x05n\x89\xb8N\x1d\x10\xbe[\xa3\x0c\x99d\
8\x0b(\x804\xd2\xae\xf5b\x93\x13\xfa\xee\xe0\xcb\xde\
YU\x1a\xeeh\xc5\xdc\xd9#\xad\xe3\x8f\xef\xfb\x99H\
\xb4\xf9\x8aJSM5\x91\xed\x05\xca\xd8R3\x91\xf6\
\xd5\x1c\x8a\x985\x85\xf2.\xc5w\xbb\x1e^\x15Z\xfe\
u\x9d\xaa}\xfd\xf4\x8b\x9fl.M\xefh\xc5\xea\x87\
\xa6\x8e\x1dT\xb1\xed\x09S\xe8\xbe\x02\x0cE\x02\xebS\
Uw\x9e0s\xf9?\x97\x86m/\xda=b\xa8E\
\x19D\xd8O}x\x14c\xf1\xdd\xe7w\xdb\xfa\xf4\x94\
\x7f9k|h\xf5\xc0\xd8\xb6\x17z\xc9]\xd7\xc6\xb8\
n\x98\xcd\xd9xH\x91e2\x99R\x08\x83\x84a\x1a\
dX6\x9cx\x5c\xd7\x0fIP\xf2\xcb1\xa3q\xfe\
\x88\xd0\xe6\xb7\xb7?\xf7\x99\x9b\xd6\xfc\xe9s5\xa5i\
\x1f\x8d`\xe9\xb5\x7f5\xddN\xb4\x9bHP\xd6Z\xfe\
\xc8\x82g\xcf\x16k\xfe4\xbe\xe6\xa3\xc7'|{L\
\xdf\xad\xefW\x1b;\xfe\xcb6R\xc3-\x99'ID\
\xc4\x02\x0c\x86\x12\x0cE\xbeRJ0\x000\x18\x02\x9a\
\x18$\x1d\x02\xb9\x22\xa1\xb3C*\xd4\x9e_\xf5\xaa\xad\
\x7fa\xdb\xbc\x09W\xbe}\xdfI\x95|\x94\x0f\x12\x06\
\x0e\xac\xb5\xee \xdaM$\xfe\xbe\x88\xbf\xbe)c\x96\
:\xec\xd8\xf6\xe4\xd8\xc8\xd6\x93\x17L\xa9\xa9\xc9\xfd\xbd\
\xb7\xbd\xf7W\x11\x91\xeeN\xe4\xc2\xd0\xbeFT\x81\xe0\
\x92p\x5c\x92\x0d\x0e\xcbm\x0e\x8b-yM[\xf2\x1a\
[<elg-\x1a\xb52<\xa1,\x08\x16\xf0\x84\
\x86\x09%\xc2\xa2\xf9\xa4\xb8\x9d\xbcg@o\xf1\xabm\
\x0b&\x8dyo\xeeH\xab4\xef\xa3\x03& \xf7\xf5\
\x93\xcf\xff;'\x93\xb4\x9bHZp\x14\xb3\x93\xcd\xaf\
\x9c^e\x1b\xfa\xf3\x95V\xe6\xee\xa8\xcc\x9ca\x900\
\x01\x80\x98\xa0\xc8\x80\xe2P]\x1e\xa1\xd7\xf20\xeeo\
R\x15?\xdf\xedv\xbbiSs\xd5\x8d\x1f7\xd6\xde\
\xf0q\xaa\xdb\x8d{Qss\x1a\x89\xffPl?\x90\
#\xf1\xb2G\xd8\x03\xb6|m/\x13,V1[g\
\xae\x89p\xfaW\xd5\x89\xea3?^<%TZ\x86\
#\x0f\xb7E\xbd\xdfUh7K\xc8,\x1c\xc1\x82\x15\
\x00F\xda5\x177\xb9\xf6w\x8e&\xc1u\xc5\xdc\xb3\
*\x06T\xef\xf9R\xd8un\x22\xed\x0d\x94$\x09\xe4\
\x81X\xc0%j\xf2\x10^\x0c\xa2\x17v\xe7B\xafm\
k\xb0\xd6N\xbdzI\xae4\x8d\x02\xee\x9b=%\xf4\
\xb9q\x18j\x88\xcc\xe9\x11\x99\x9bf\xb23U\x90\xaa\
\xf4\xa7)@1XI{E\xd2\x0d\xcfi\xca\xa4\x16\
\x8d\x9e\xb5\xe6\xa8\xd1:\xafz`\xf2)\x03\xbb\xed\x9a\
g1\xf7\x15\xac\xa1I`}\xba\xe2\xce\x13f\xae8\
\xf4\x82+\x8eb&\xf2\xde\xdc\x91V\xafh\xfdy\xb6\
\x97\xbfQhw\xa0!\x98@\x0c\xc5\xe0\xbc\x19y'\
+\xc3?h\x96\xdd\xbeW\xb1\xf4\xc2\xdf\x0d\xbbx\xe9\
\xdb\x9fF \x00p\xf5\x9c%\xb9\xfe\x17,y\xef\xee\
\xe53\xeeI\x22\xfa\xbd\x0c\x85\x7f\x9eGd\xad\xc7`\
\x82\x86I\x9a\x0c\xe5\x8c\x8b\xca\xcc\xecX\xa2b\xdc\xdc\
\xb9\x9d\xdb@\xebR\x98\xc1\xc8\x0ff\x1c_4)\xab\
\x9b\xf7C\xf9\xb1\x09G\x15\xb90\x83*\xec\xd0)\x11\
\x91\xbfN\xb2\x1e*\x84 &\x82\x22\xadu(\xf4\xb4\
g\x85\xbf\xd5\xe0\xf5\xfcc\xbfi\xcf\xaf\xa39s\xca\
\x9a\x9c\xe7\xcc\x99\xa3\xfbO_\xb6~\xc3\x1e\xeb\x9e\x8c\
\x0e\xfd\xc4\x85\xbdT\xc1\xd4\x9a\x04$i\xb2\xd8\x19\x97\
\xa0\xe4\x9c\xd1rC\xf7\xd2\xb8G\x1c\x81\x86\x1cT\xba\
5Z>\xca\x88\xbf\xbf!\xcd\xd1\x80\x95\x7f\x99Rc\
0_f*=ABK\x01\x0dW\x19\x9c\xa3\xf0\x93\
\x0e\x85~Xu\xc6\xb4W\x87\xcdX\x98/\x8dW\x0e\
&^\xb5<\xb9\xa9Y<\x93vc\xbf\xcc1\xde\xd2\
Z3\x00H\x02\x85\xbc\xdc\x94\x8a\x10}g\xc5\xddc\
;\xa5\xfa\xeeR\x04\x1b&]\xd5Se\x10I\x80\xae\
\xca\xb9\x0b\xc0\x0c\xea\x11I\x8d\x0e\x9b\xce\x17\x0c\xc3\x09\
\x01\x80b\x81\xac\xb0\x97gE\xf4\xa7\xd5\x9f=o\x0d\
Qy\xdc\xa3-\x9cv\xc5\xb2\xec\xbaz\xeb\xf9\x94c\
\xdf\xa9`|\xec\xdb\x88)\x08!\xcd\x98\x91\xfc\xaa\x15\
\xb7O*\x8dsdPL\xab\x81\xc6\xb5\x93\x93a\xf9\
Dr\x14a\xef\xbc\xd3b1K_b\xc2\xedEL\
\x00K\xb8\x86Y\xef0\xfd|g\x95\xf3^W\x11H\
\x01S\xaf^\x92kH\xeaGS\x88>\xa5!\x9a\x99\
M\x80<\x98\xcc\xd5}\xaas?\xe2\xa3N\x9d\xef\x9b\
G\xea\xc3\xbe\x04\x06\xcaY\x14\x1dRx\xb6\xaa!\x93\
/5\x04\x13X\xc0\x85\xe6T\x9e\x1f\xaco\xb4\x96\x8f\
\x1b\xb7\xf2\x90l.\x8d\xf9\xf2\xeat\xbd\x1b\xfb\xad'\
\xc4G\x9a\x14\x0bm\x00\x100\x90\x99\xfe\xee\xa9\xd3G\
\x97\x86?\xdch\xe1#-\xca\xc1\xce[u\x97A$\
\xc1<st\xd0\x07\x98A\x99tv\xac\xe5e\xfa\xf8\
\xe6\x84\x80\xa7\xed\x9d\x9ec/x\xf4\xc37\xf6\x94\x86\
\xefJ\x8c\xbap\xc9\x86f7\xfc\x04\x01M\x1a\x02\x00\
#\xac=\xbb\x92v\xce*\x0d{\xc4\x10\xd8\xbavE\
w\x95A$G\x17^zi\x8a\xac\x8e\xc7.\x95`\
\x02\x04\x98\x18\xc20^\xb1\x12\xbd?\x9a3\xa7\x93\xfc\
\xf5  \x02'9\xf6\x84\x07\xa3N\x0b\x05\xc1\x0a\xc4\
\x12Q\xc3\xbcb\xee\xcc\xceJ\x00\x9d\xc3~\xec\xb3\x0b\
\xa8\xe4\x1f\x96H\xec\xb76\x98N\xaea\xa2&\x09\x82\
\x07\x8f\x85\xa7\x89\x97%]\xb5\xad4\xec\xa1\xc0\xae\x15\
\xf8@\x93\xb5I\x83\x14\xb1\x05\xcf\xc8A8\xc9\xbe\xd6\
\xb8\xe1=J\xc3\x1eV\xecG%\x9dG\x99Dr\xf4\
,m\xaa\x87\x1e\xdf3d\xd9\xfd\x89\x5c0\x9b\xf0\xb4\
\xdc\x95\xcf\x1b\x1fwv\xb9\xdb^L\x9d\xb3\xc4k\xcc\
\xc9'\x85Gi\x16.\xa4\xb2a\x99\x08\x8d\x1b=x\
ri\xd8\xc3\x8a\xd2\x85x\x17tY\x99D\x82\xae\xc9\
\xb5\x0b\xa0\xb3u=$\xe7\xa4\x06\x81\xc8\x83\x10\xa8\xb3\
M\xa3\xb14\xdc\xa1D8\xda\xed#\x92\x9e\xcb\x90`\
0\xa4\xf6\xe08\xc9\x81\xa5\xe1\xfe\xd1\xd1\x01\x229:\
\xd0\xd8\x98\xab\x14\x81\x12\x80\x18\x10\x92r\x22\x22\x0e\xeb\
\x1e\x8a\x15\x09\xed\x22)\x95\x7f\xf6\x88@\x0c8\xf9\xe6\
Di\xb8\xc3\x8eb\xa9\xa8\x0bL\x06\xfea\x89\xc4\xd3\
\xda\x00\x18\x14\x9c\xed\x91\xc4|H&\xe4O\x81\x10*\
E\xca\xdf\xcfApXJ\xef\xcf\xf0\x8f\x18J\x0eV\
v\x18\xff\xb0DbE\xec4\x07\x87\xe5\x18\x004L\
\xe5\xa9\xceY\xfc\x96\x09\x17\xb2Z\x0b\x16\xdcr\x92\x11\
\x00\x8b\xc3\x22\x13\xb5\x0d\x17\xa4\xb0o\x87\xaf\x0b\x967\
\x1d \x92.\x22\xcfN\xa2[m\xef\xbd\x9a\xfcF\xd0\
\x04d]/\x9eJ\xa9Hi\xb8C\x89\x86=\xa9^\
J\x93A\xa4\xc0`\x10\x13\xc2\x15\x91\xfa\xd2p\x87\x1f\
\xc5\xc7\xef;\x8f2\x89\xa4@\x95t\xc4y\xea\xf6\x9d\
\xcd;\xb5\x19\xca\xf8\xbf\x18\xa6\x94=\x22\x86\xe8\xce\xb3\
g\x97Y\xa7\x8e\x83\xdc\xe6\xe1\xd0\xc2$\x064\x09\x80\
$\xb2:\xfcQi\xb8#\x81b5\x9a(\xb7\x9bK\
\xd0\xee\xd8\xa5L\xeb\xf0\xce\xfe\xfb\xa3:^\xdf\x94L\
;\x1f0\xf9\x06\xa7B{q\xd7\xcb\x0f^P\xbd \
V\x1a\xf6P`\xf1\xe2)Fe\x82\xa7\x81(L\x90\
\xd0$\xe0(N\xedM\xe7\x97\x97\x86=\xb28\x9c{\
7-G~\x82\x1fG\x18\xa30J\x99V\xb7\xa5\xfe\
Y1\x82\x14D\x96%'\x8f\x1e\xea\x0d(\x0d{(\
\x10\xde\xad\x86\x99n\xb6\xbf$\x96.\x11,\xc5\xc8\x19\
\xd1-\x93g\xbdZW\x1a\xf6\xf0\xc2\x04K\x7f\xdf\xc2\
\xef&\xf2}\x0cu\x02\xed&\x12F\xcbv\xd1\xd1\x81\
\x99\x8f\xe8\xc6\xc6\xc6\xc7\x15\x9bL\x0cH\x06l\xd6\xe3\
M\xe5\x8d<\x1c\xb6\x1d\xfd\x13\xcd\x97\x1a\xe4t\x13\xe4\
@\x04>Dr\xca\x98K\xfeR\xe7\x08\xa2\xc0\xe3\xf7\
\x0di\xddI\xbe\xdfn\x22\xf1\xb3\xa4\x02\x139\xe2\xd4\
B\x04\x0eG\xe4\x07iM\xef\x03\xbe\x8f\x14!\xdc\xb8\
\x94\xe6\xac\xde}\xac\xde\xa5\xe1\xbb\x12\xaf\xde\x7f\xda\x90\
\x08\xeb\x8b\x01\xae\x00\x1b \x96\xc8@\xe7\x1c\xd5\xf7/\
\xa5a\x0f?\xcc\x92]\xdfRA\xa1|\xb4\x9bH\x80\
\x80\x85\xf9\xe8|\xce]\x80=\xa2O#\x8c\x8a\xbfy\
l(M\xbe[\x97\x90H\x9eoZ\xf9\x19;\x9e=\
;Z\x1a\xbe+\xf0\xde\xdc)\xb1\xa15\x99\xefH\xed\
\x8e\x90D\xc4 x\xd0\x9c\xa2\xaa\xbf\x0fY\xf1\xd8\x86\
\xd2\xf0\x87\x1b\x9eb\xea\xea-\xc6v\x13\x09\xa3\xe0\x8f\
\xca\xff\x1cr~\xde\x0e\x8c\xbb\xf0\xe9\x0c{xFs\
x\x15X@jF\x08\xb0$2\xb7\xb0j:w\xf1\
}]{\xe4a\xd7\xe2)\xb1\xaaH\xf35\x11\x91\xbb\
\xd8\x90^\xb4\xa0\xa0q\xc9\xfa\xc4\x81\xf13:\xc4\xbb\
\xcf\xed\x81\x09\xdf\x9c\x7f\x1f\xf8p\xda\x93\xa0E2\xc1\
Q\xb0\xba)`\x87\x19]\x97e\xba_\xb1\xb9\x97I\
@\x93B\x88\xf3\xdd\xa3:\xf7\xcb\xc1\xf1\x86\x8b\xb6=\
9\xb6Kt'o?~R%\xe5\xd3\xb3\x12\x22{\
\xbd)T\x1f\x01\x00\xa4\xe1i\x91J\xea\xf0\xaf\x065\
\xf7Y_\x1a\xe7H\xc0\xf7*\xd0\xb5(\x93H\x8e>\
\x8c9gQ:\xe3&\x9er\xc8\x9a\xa7\x882\x80\x80\
\xd0\x12!\x99\x1bZ\x11\xce\xff2dx7n~\xee\
\xac\x0e\xcb(\x0c\xd0\x86y\xa7\xf6\xe8\x1b\xa6\xaf\x86T\
\xfa{\x92\xdd\xe1\x22\xf0_\xe60\xbc\x1cE\x1ft\xd3\
\xfc \xcdz\xa4\x93\xe3\xb5\x8bp\xa0\xd1\xdb\xc9\xe9\xa7\
\xfdDrTH!\x07\xc6\xc0\x8b\x97l\xce\x19\xe6\xdd\
9X\xaf(E.\x88\xc0\xa4\x11\x12zP\x04\xb9\xef\
'\xd4\xf6[7/\x98p\xd1\xb3\x7f.ONY<\
{\x8a\xb1\xf9\xe9I\x93\xaa\xac\xfcOm/s\x93)\
\xbc\xe1B\x80\x98\x04\x5cH\x95G\xf8\xd1F\xc3\xbcm\
\xf0\xcc\x95\xc9\xd2\xb8G\x0c\xfe\x99\xc5.]\x8b\xb6\x9f\
H\x80\xa3aQs@\x10\x81\xb7o\xe4w<\x8a\xff\
\xc2\x93\xa1\xd7\xb4b\x17L \x08\x08\xf2*M\x91\x9d\
Y\x8d\xd4\xaf&\xd4\xec\xbaw\xe7\xfc\xf1\x97\xbc\xf6\xe7\
I\xdd\xb9\x8d\x03U\xb3gC\xac}\xe2\xb4\xf8\xce\x85\
g\x9e=rR\xe6\xd7\xd5Twg\x08\xb9\xab,\xa9\
{\x05\xca\x22h\x90\xcaz\xa1\xc7\x9a\xbd\xc8/\x874\
\xf6\xdf\xd8Y?\xa9]\x8b}\xfeI\xfcq\xdd\xf9\xd1\
\xdd\xee\x14\xfcc\x9e\x1e@\x8c\xb4c\x1du\xc7<\x01\
\x80W\x5ckn\xda\xf2\xe6\xb8\x0a\xdb\xf9\xa9-\x9c3\
\x04\xb1\xc5\x9004\xe0I\x17J\xc3\x85\xb6\xb61\xd1\
v\x97B\xeb=\x97\xdeS\x9av\x09\x92\xae\xd6\xd2P\
\x06\xd7\x982wb\x88\xdc!\x92\xdd\xde\x82u/I\
2\xca$\x00\xcaC\xb0\x84\xa3E\xce\x11\xd6_\xd2:\
z\xfb\x86\x88\xbdv\xea\xd4%^i9\x8e$V\xfd\
m\xf2)\x83*v\xcf3\x89\xfbJ\xad\xa1Ib]\
*t\xe7\x093W\x1d\x9ec\x9e-\xa0\xb6\xbc\xda\x1e\
Y\xd0\xb8{\xdcM\xab\x12onK\xe2\x1bi/q\
\xaf\xc7\xa1f\xc1\x1e\xb4`HE\x08\xb1i\x9a\xc2\x1b\
(\xe1N\x8apjV\xc2h\xfea\xa5\x9d\xfcu\xc2\
\xac\xbb\xbd\xca\xda\xf3\xeb\x1a\xb1\xfb\xc7q\x9d\xbd\xd2\xd6\
\xfat\x9bi\xa8$\x11e\xe1\x81\xe0\x814!\x0fs\
[\x0a\xe1\x9f\xd6\xe7\xec[\xfa\xa5\xfb\xad9\xda\x08\xc4\
G\xa0'i\xe9\xa2\xcewU\x19DR\x94\x19\x13\xb9\
j\x9f\x93\xee\xa3\x09S\xe7,\xf1F_\xf9\xfe\xc6\xc6\
F\xf9\xc3F\xae\xfe|\x1a\xd1\x15\x1e\xc0J\x08(\xa1\
Al@\x08\x83 \x10\x12\x84J\x01\xd4JBwI\
\xd4]\x92\xac\x96R\x85 ]\xa1\x0c\x17D\x00\xb1\x84\
G\xc2I\x1b\x89E\x0d:~5\x0c\xfd\x9b\xa1\x17\xaf\
\xd8z\xd4\x08\xaa%0\x0f(\xb9v\x0e\xed'\x92V\
\x04\xc90\x0f\xc1R\xab\xab@\x00\x0f\xbbjy\xb2o\
\xaa\xc7\xb3\xeb\xf6f>\xb7S\xd5~)\xa9\x22/\xe7\
`\xe7\xb4p!\xd8\x83`\x05\x0e\x14\x08\xbe\xe3\x1a@\
\x09\x86o\xe9&@Z\xc2\xd5\xf0\x92R\xbe\xb6\xcb\xed\
~\xcd6'zE\xfft\xff\x17{\x9d\xb3:}t\
\xc9 \xad\xe1\xb6h\xb0\x8a}\xedw\x0e\xed'\x92\x16\
\x1c\xb5\xed\xb3\x1fh\xd6#j\xe2U\xeb\x93C\x96\x9f\
\xf5\xb7\x97\x97\xbbg\xbf\xbd;v\xc2.\xaf\xc7\xf7\x9a\
D\xb7EY\x8em\xf1D\xa4\xd9\x11\xd2\xc9\x91\xa1r\
\xda\xf4\x94\x0a\xa5\xf2Bn\xde\xcd\xd1E;\xa9\xf7\xcd\
[\xf4\x80\x93W\xacu?7x\xc5\x99\x7f=\xf1\xfc\
W\x1b\x8eV\xeeQ\x8a.\xa2\x8d\x16\xb4;\xbdl\xe0\
X\x8f\x89\x91v\xcc\xc5Mn\xe8\xa8\x13\x5c\xdb\x03f\
\xd0-\xb7\x80Fa\xa4\xd1\xff\xd4\xfe!3#\xaa\xc2\
\x22n;\xaerW\xacxw\xef\x98\xa6Xn\xec\xdd\
+=\x04\xab\xa6\xd2\xf8G;V\xfd\xed\xccS\x06\xc7\
\xb6\xcd3\x0d\xeeK\xac\xc1\xe8\xbc\xe0\xda1\x22q\xcd\
#\xe6}\x91\x19\xb4n\xc1t\xab\xcaIZ\xf5\xf9t\
\x82\x0c\xbb_u\x5c\x1e\x9f\xcb9}\xd2)\x15\xf3<\
6\xa5\x84\x8e'B\x99\xac\x12\xcbCQoYc\xc3\
\xc0\xe6\xd1\xb3\x1e\xe9\xa8\x914\xf1{3\xcdMk6\
U+[\x9c\xa6\xf3\xdeX\xd7\xcd\x87\x01\xa9\x13\xb6\x9d\
\x89\xc5\xa9\xd1%c\xeb\x8e\xad\xd9\xb5\xa6\x89\xbd\xb5\xf1\
Pj\x97\xd3'?j\xe6#\xee\x91 \xb2U\x7f\x9b\
|\xca\xe0\xd8\xee\xd6D\x92\x0d\xddy\xc2\xa5\x87\x85H\
F0\x15\x96\xc0\xee\xe1\xe7$\xef\xcd\x9d\x12\xb3\xed|\
\xcf\xb8\xa9\x060\xeb3\x84\xa7\xcf\x08\xd9\xea\x14b7\
j\xc1\x93-\x97\x1d\x04\xd7\xa8H\x06\xb2\x80b+\xf6\
\xae\x9b\x97\x7f\xf5\xdc\xcc\x12\x84\xe3\xbbs\x99p\xc3\x9b\
\xee\x9e\xcc\xccYk\xdc\x96=\xed\xd6\xa0\x8f\xe6O\xb7\
\xcc|6l\x9bN\x85P\xf9^\xc2\xc0\x99R8\x97\
\x9b\xda;\xc1\x12\xca\x10\xd0`\x00\xda\xbf\xb3\x05 \x01\
\xc75]i\xda\xa9\xbcGo9Z?\xef\xa8\xfck\
2\x1c\xdd\x94\xd1\xddv\x1f\xae\xb3@(,\x81c\xbb\
\xe6\x99\x92\xfb\xfa\xee\x03\x05\xd6\xa5bw\x9e0\xf3\xad\
\xc3E$\x0aL\x0ai\xc7Z\x9c\xf4\x0e\x0f\x91,\x9a\
;\xb6bXX\x9e\x18\x16\xced\x0dL\x8f\x08g\xac\
\x05/\x02\xf2\xddb\x93\xbf\xd8\xf2{\x9b\x01_\x89\xe4\
\xef\x08\xfb\xd7\xa2\x08\x08\x16p\x19\xf5\x8e4Wz\x8a\
\xde\xf6\x80M\xd2\xb5vA\xe8\xb4\x08Q^\x0a\xa1\x95\
GF.\xa3B\x86PQ)u/\x10\xfa\x9a\xcc\xa3\
\x18<>$\xbdZ\x01\x7f\xb5[\xec\xa5\xc5\xb7\x8a\xdb\
w\x01\x93&\x82`\x82\xa7\x89])\xeb\x14\x1b\xafh\
6\x17fH\xbe\x96\xe7\x9a\xf5\x87\x83XV=0\xf9\
\x94AU\xbb\xe6\x99FAOBX\x97\xaa\xec\x94;\
\xac\xf2\x88\x04\x0a\x80>,\x9cd\xf1\xe2\xd9F\xbf\xf4\
\xc2\x93\xa2\xc8]\x14\x86\xbeH\x8a\xec\xf1&I\x93\xd8\
\xbf\xd3\x86\x89 \xb5\xdfeJ\x00\x80\x80\xf2o\x10\xf2\
\x88A\xc4Z\x0aQ\x10+\x08\x1a\x02 \x05\x86\x80\xc7\
pY\x19i\x22\x91\x14\x12i\xe5\xef\x0bZJs\x94\
H\xc7\x85P\x11\x93Y\xb6>p\xad\xc1 (\x10\x93\
\xd0\xaef)\x05II\xec\x82\x98 \x80\xe0\xe6\x1c\x0a\
\x9a\xd5W\x8b\xbbd&=\xc5K]\x19\x9e\xe7\x22\xfa\
t\x9f\xa5gn+\xd7\xe3R9X\xf5\xc0\x99\xa7\x0c\
\xea\xb6\xb5H\x99vX\x89\xe4x\x9fHH\x07\x82\xeb\
\xa1\xd3\xb8.{`z\xa2oMjFD%\xaf\xb1\
df\x92A\x14\xd8\xadj\x10\x04\x14\x04\x5cp\x9eE\
x\xb7\xab\xdd\xf7l3\xb4\xc3\xcd\xd1\xaeL\xae9i\
[\x94\x91\xb0\x0d2\xc5D\x8b1\x85(\xddM\x90\x12\
\x04\xdf)\x9e\x08\xd6\x85~\x17\xfa\x5c\xc7\xff\x8d\xa2\xcb\
\xcb\xfc\xe7>g\xf0\xdfx\x9a<\x0ds\xab6\xe4k\
\x80z+\x9d\xf6`\x99\xa1\xa8\x191zgS\x99n\
\xb6a\xf5\xb6\x0c\x1a\xa1\xbdl\xc2\x14\xca\xf0\xa7>\x0e\
\x0e\xbfh80vz:\xb48e$\xee\xda]\x93\
Yz\xa8\x5cc\xf8\x1a\xd7]G\x8aH\x0a\x9c\x84\x91\
v\xed\x17\x9b\x5c\xf3\x90\x08\xae\xaf?<\xb1z@\xdc\
\xfbr\x9c\xb2\xd7K\xe5\x0c\x16\x86g\x10K\x80\x08\x9e\
\x16\xec\xc2\xdc\xe3\x92\xfd\x9c\xcef\x9e\x95\x91\xf8\xb6\x94\
pw\xc6\x13=\x9a?Yk\xa7\xfe\xfc\xcc\xca|\xba\
z\xabw\xf1\xa8\xa1b\xd4q\xdd\xfb\xc6X\x0d#\xa9\
\xc6{\xaayrX\x84&\x09\x9d\x8fH\xe9\x12ZH\
\xc3w\xdf\xb9\xef\x00\xc2>\xa2Q\x04x\x10L\xda\xcc\
(\xd0\x1b\x9e\xb4\x17\xc3u\x96\xb92\xb2\xbe\x99\xabv\
\xdc\xf9\x9b\x858\xffsg\x1bc\xce\xa8\x8c\xef\xde\xb6\
&\xda#\x14NX\x82z\xa42\xd9\x81\xe1\x90\x98n\
\xc1\x9bb\x90SI\xe4\x1f\xb5\x00\x13\x1c\xb0\xab\x85\xfd\
n\x83\x97\xb8}\xef6\xe7o\xe3\xae\xebzBi!\
\x12\xe8\xc0\xfb\xa2\xc4\xfaT\xfc0\xca$\xc1\xbc\x9cv\
\x8d\x17\x9b\xdc\xae_\xdd|4\x7fB\xa2\x0a\xde\xb56\
;\xdf\x95\x94\xefi\x10\x13 \xa1\xb4f\x87\xe4\x0e\x87\
\xc3\x0f\xb9\x9e\x9e\x976+7'?I\xed:X#\
3\x836\xbdtQ\x85L\xae\xeb\x163\xc3=\x9b\xd3\
\xd9!\xd1D\xecT\xce\xe5\x06\x10to3B\xddY\
q\x5c+6\x89\xc8#\x81\xa4ry\xa7\x16\xb4G\x98\
\xa1\xad\xf9\x9c\xfbf\xc80?H+o\xfb^\xafb\
\xcf\x13\xef,I\x1e\xc4\xad\x05=|\xeb\xc4\xd0\xa9C\
u\xcf\x90\xe5\x9e \x05\x7f!\xa4\xb3\xe7H\xf2*\x01\
\xdf`Li\xc1\x1e\x8b\xad\x0dF\xf5\x7f/|4\xff\
\xdb\xeb\xee\xf9\xf4:\x94\x8bU\x0fL>eP\xb7b\
N\x22\xb0.\x159|K`\x9f\x93\xc0\x9fn\xbc\xae\
\x9dnV\xdc=\xd6\xec\xd6\x8b\xff\xa9\xd6\xcc\xfe\xc2\xd0\
^-\x0b\x05@\x825yI\x11y*\xab\xf0kB\
l\xed\x1f\xdf|\xb5\xe9 \x1du@0@/\xdd7\
\xc0>\xae\xef\xd0\xa8\xe55X^\x9a-#\xac\xec\x1c\
\x0c[8J\xe6=\xa1m\xa9rB\xcb\xbc\x99\x80k\
\x9b\x09\xa7qw>\xfd\x875\xe7\xe4\xe7t@\x86X\
\xb1b\xacY\xbb\xd5\xae\x95\x9c\x9b\x16\xb3s7\x99\xf0\
FI\xa1I0\xa0\xb5\x05\x0f^}\xa3\xec\xf5\xcb\xbe\
\xd3\x97\xdc\xda\x95\x1a\xca\xfd\x05\xd7\xc3J$E\x9c\xe4\
\x10\x10\xc9\xba\xa7'\x9d\xd6M\xd4=\x16\x22\xa3\x07\xc1\
\x03\x91\x82Kv2\xc3\xa1[\xf3\xda\xf8\xe3\xd2\xd4\x80\
\x1d\xb3\x0e\x81\xc6\xb3\xc5O\xbc\xef\xd2\xb2\xcb:\xab\x80\
\x8f\xe6O\xb7C\xde\xde\x13CV\xf6\x17Q\x95\x9f\x02\
)L\xc9\x80\x80\x07\x97\xad\xa6\x9d\xa8\xfe\xe6\x90\x19\xaf\
?T\x1a\xaf\xa3X\xf5\xb7\xc9\xa7\x0c\x8c\xed\x9cg\x19\
\xf0\x89D\x08\xac\xcbD:\xa5'i\xb7Z\xbe\x95\x09\
\x0b\xf9\xee\xfa\xbb\x0a\x1f=0=Q!\xf2w\x87\xa1\
\xba\x0b8\x00y\xf0\xd8hl\xca\x1b?~\x7f\x87\xfa\
M\xdfs\x97o;\x14\x04\x02\xf8ZU\xf2\xb79\xba\
\xb4N\x05\x0c\x9b\xb10\xdfo\xe5\x8a\x95\xbb\x1a\xaa\xaf\
i\x96\xf1\xe7\xc0p@\x0a`\x09I\xaa\xa2\xbbl\xbc\
\xfd\xdd\xc7N=\xbe4^\xa7Q\xa8\x0d\xe3\x00NK\
\xcaC\xbb\x89\xa4\x15\xcfa\xddn\x0e\xd4\x0eP\xbc\xaa\
yv\x8cS\xa3@\x8241\x5c%\xd3\x0d\xae\xfd\xdf\
\x1f\xd5\xd1\x9f\xa7^\xbd\xaa\xf1Hh.\xbb\x124\x07\
\xfa\x84+_\xd9\xfa\xc9\x9e\xd8\xd7\xb3\x14[\xea\xb2\xa9\
@>W6T\xae\xa6[X\xdf\xbax\xf6\x94.<\
\xec^\xe8\x9e`9\xde\xc9\xe1\xd5~\x22)\xa6\x92.\
\xe4$\xef=>\xe3\xa4\xb8\xae\xff&\x09&\x82\x82b\
xlF\x1f\xb1*\x86\xdc;\xf5\xeaU\x87\xd5)\xcd\
!\x06\x8f\xbf\xea\x95\x1d;2\xa1\xaf2hs\x8e\x88\
\x05k@\x80*\x90\xfcL\x8f\x91\xf9\x0bJ#t\x08\
\xae\xbfF\xf3Wp]\xd3Me\x10I\x11\xba\x88\x93\
\xdc}\xf7X3.v\xfc\x5c\x989\x8b\x00\x90'\x99\
u\xf8\xad\xb4QyW\xf7)\x8f\xef(\x0d\xdf\x15\xe0\
\xc5S\x8c\x0d\x8b\xc6Vl\x9f?\xa6v\xc3\xbc\xd1=\
v\x96|6\xcc\x1b\xddc\xcb\xc2\x91\xd5\x87\xea\xaa\x92\
\x13.}}C3\xf7\xbd\x9e8\xd4\xc4B\x02 \x10\
S\xacOu\xf6\x86-\x0b/\xaf.\x0d\xdfa\x04\xde\
\x17\xbb\x02\x1d#\x92\xae\xc9\x1b\x9f\xeb\x1d=\xbb\xc6\xca\
\x9e%a\x12\x00\xe4-4\xa4)\xf2\xb7^g\xbet\
H\x0e]\xbf\xf3\xe7\xb3\xa3\xdb\x9asW\xc5\x1co\x81\
\xe9\xe5>\xa8$g\xbd\x09w\x83\x01w\x83\x09w\x83\
\x09oCBx\xeb\xe3\xa0\xa5Uv\xf4;[\x1f;\
4\xb7e\xf5\x99\xb1hQ\xa3\x88\xdf\xe1(\xe5\x09&\
\x90p\x85\xe1eF\x9aj\xd3E\xc1N\xc3Q\x85\x8e\
\x11I\x17`\xfe\xfc\xe9vB6\xdd(\xe1{,\xd2\
`\xed \xb4\xfa\xc3\xac\xfd\xb7\xae\x5c\x12\x16\xa3\x22\x91\
\xbc nf\xef\xa8\x14\xa9I1KUGM\x8eE\
-\x1d\x8dY:\x1a\xb5t4j{\xd1\x98\xc1\xb1\x08\
r\xc3*\xcc\xf4\xcf\xcdH\xf3\xb7\x0e\xd1-Y\xbc~\
o\xe8\xb7y#\xf2\xbe&\x02\xb1\x004w\x0bq\xf6\
sK\x1f\x9eXU\x1a\xb8,\x98\xc1\x11\x8a\x96\x16\xec\
|Sv\x8cH:\x9f/\xfa\xe7\xb3\xc7G\xc9\x99H\
\xa4\x04\xc8\x03\x98\x9d\x1cE\xe7M\xb9\xec\x95C2\xcd\
\x00@\xc4\xd2\xd7X\x94\x89\xfb\xdbr\xbe\x1a^s\xe1\
;\x83\x03\xffQ\x8a\x00\x83\x5c\x09/\xf7\x15<2\xb3\
cmt\x10L\xfd\xe2\x92\xbd\xcdn\xfcv\x8f\x0d\xcd\
D0\x04\x0c!\xd5\x09\xbd\xc3\xea\xe4\xd2\xb0G\x1a\x87\
\xa4\x01\xda\x83\x98\x99>\x1b\xe4\x85\x01\x01\x0d\x03.[\
\xf5\xc9\xb4\xfdDi\xb8\xf6\x82\x19t\xe3\xf4\xa1\xf6\xb5\
\xe7\xf7\x8a\xcc>\xf0J\x81\x0cSW\xfb\xe2\x9c\x80\xcb\
\xb43\x0d\xeb\xa9,\x85\xfe\x94C\xf8O9\x19\xfaS\
\x96\xedG5Q^\xb0\xefBX{\x88\xa1vw)\
'\xa1\xfbfO\x09\xdd\xf4\xa5\x1e\xd1\x1b\xa7\x0f\xb5;\
3\xf9\xae\xafs\x9fr\xb4\xbd\x03L`bHp\xff\
\x84\x99\x1b\xdd\xb9)\xc77\x84\xee*\xa1\x15\x1d&\x92\
NT\x01\xc1\xd9\x16\x9b\xc4\x99Ll\x08\xed\x1b\xdf+\
\xc4\xdf}\xf7/\xdd?)\x0d\xdb\x1e\xac\xf9\xd3\xf8\x9a\
\xcd\xf3\xc6\x7f\xed'7\x86\xff|\xeb7j\xfe\xf6\xad\
I\xc9\xbb\xd6\xcf\x9bt\xe6\x8a\x15\xad]P\x98 \x08\
-\x01R\xd0,76S\xcd\xef\x1a\x8d\xee?\xc9\x18\
\xdd\x7fRO\x15?Y\xbf7t\x9b\x22d\x89\xb9\xc5\
\xce\xb5\x18\xaf\xfe\xfe\xb4\xf8\xfa'O\xb9r\xc6\xa9{\
\xff\xf0\xa3+\xbb?\xfc\xef\xdf\x8a>\xb8\xfd\xa9\x89_\
^|\xdf\x80\x0e\x9d9>\xeb\xcbo\xd6\xa7<9\x1f\
\xf0\xdb\x80\xc0q\xc9\xf9\xa1\xef<>\xa5\xa24l\xfb\
\xe1k\xf9\xf7u\x11\x1d\x81;\xf8\xc8g\xce\x9d\xb1\x96\
\x9f\xd4wZeX\xe4\x8f\x87\xf2\xf3g\x00Ym.\
\x9e\xf5H\xf9\x0a\xb3\xb7\x1f\x9fR\x19\xab\xf6\xbeZi\
5\xcf\x8e\x88\xeceB\xe4\xcf\xb7(\xf5\xa5\x1ev\xf3\
o\xe3\xdbB\x17,^\xecs\x15f\x80I\x0b\x7f\x84\
14\x90w<\xec\x1cr\xf6\xf3[\xfa\x9c\xfd\xfc\x96\
!g\xbf\xb6e\xc36w\xbbh\xf1/\xa2\xc1E+\
\xfd\x8f\xe6OO\x8c\xe8\x97\xbb\xba\xbbt\xe7\xc4\xd9\x9d\
\x19\x16\xf9\xf3Ld.\x8d\x19\x0d?;a`\xcd\xcd\
\x1d\xb9\x8f\x8f\x08\x9cCt\xa1\x7fm\x91\x84\x00K!\
\xcc\xfe\xb5\xb1H\xa7.Y\xf2;\xa6\xd8\x10\xba\xecf\
m\x85\xf2\x89\x04\xbcO\x95\xddA\x0c\xeb\xeb\xd6\xda:\
\x1b\x96\x82I\x09@\x03:\xcf\xe6\xb2\xd2p\x07\xc3\xc7\
\xf7M\x09\xd5\xe8\xf4\x17\xab(\xff/!R}\x0c\x90\
\x14\x02dh\xd8\x92s#z\x9a\xcd\xb7\x1f\xef\xa8\xcf\
?y\xf7\xd8n\xdb\x16M\xfa\xae\xf0rCY\x00\x80\
\x84\x84\x04\xd0z\x95\x1bB\xaeH\xe0bDl7\xb2\
>\x93\xfd\xc6\xdb\x7f=u`\xa5\xdayuT\xe5\xfe\
U\xca\xdc`!\xc8\x04)\x08\xa1EH\x19}#\x99\
\xf4Mv\xc6\xfd\xe5\xdc\xd9%\x09\xb6\x03k?h^\
\x96gx\xfe\x89C\x06\x81\xaa%\xe5+K\xc3\xb5\x1b\
\xc5\xdb\x85\xfex\xe84\xca \x92}\xb9\x11\x11w\xe6\
HE>\xa5{\x81\x94!X\xf8\xa3ZK\xb5\xb79\
U\xd6T3{6\x84\x1b\xcf\x5cZig\x7fj\x18\
\xf9\xda\x82 *\xa0\x00(\x10\x81l\xca\xf7M`\xcf\
o\xa6\x0eH/\xab\xf4\x1an1\x95\x1b+\xd8\x91\x00\
\xcc0Z\xd7!\x87P+\x15\xb6I\x8e\xdd[$\x7f\
>8\xd1\xfcbD\xa4~L\xec\xf4\x12L\xc2W\xab\
\x0b\x08-\xe0\x999\x98\xe4T$D\xe3u\x13\xc7M\
\xfa\xcd\xec\xd9\xe5\xe9W^\xd8\xda\x5c\xc7\x86l\x04|\
\xd7\x1e\xae'\xba\xb9\xe9L\xc7\xf5%\xa6\xd9\x9a::\
5\x9c}\x94A$\x85\xdc:\x9fk(*{*6\
$1\xf9\x87\x01\x8d\xb0\xb7m\xb7[\x96k\xcb\xcbG\
L\x9a\xd1#\x9a\xfe\x9d%\xdcjb_Nu\xc8\xde\
\x90\x14\x89W\x5ca$\x0d\x16\x00<\x92\x9a\xab\xa4\xf6\
\x06[B\xc5\x88\x88\x08\x0c\xd6`\x8f\xd4\x8el\xba\xb9\
\xd5J*\x94C#k\xd9\xa0\xd8'\x1e\xc1\x04\x83\xbc\
\x84\x015P\x0aY\xa3%H\x00\xc8\x89\xf0'u\x14\
\xbf\xdbe\xb9[h\x01O\x08\x98p\xc2\xd5b\xcf5\
_99\xfa\x9brn\xaa\xf8M\xf5z7\x95\xd2\xcd\
\xbe\xe2K\x03p\xab\x84\xf6:!\x93 \xe8\xa3\xc2%\
|\x9dG\x99D\xe2\xdf\x8f\xeb\xa3\xe3f\x10N\xbaq\
0\xb12\x14\x01\x00A\x93\x91\xbd\xe4;\xedW\xc1\xbf\
y\xdf\xe9\x9f\xe9W\x99\xfb\x8bM\xd9\x0a\xdf\xde\xcc\x83\
+\xac\xcd9\x11\xfaa\xc6\xe9sQ\xde\x88\xde\xeb\x92\
\xd9\x0c\xd2 x\x90\x82\x89\xc9\xb7\xd2r`5\xa7\xdc\
\xf8\x13\xcd\x5c\xf3\xdb1\x97-mu/\xce%sV\
5\xeeHw\xffR3\xa2\xf3\x1c\x19Jj\xa1\xa1\x08\
0I\x13\x91\x07\x10\x90e{\xf3\xdeT\xe4\xdb\x9b\xdf\
\xb7\xbe\xb3G\xd4\xfc \x03\xd4\x096\xa0\x89!%\x9b\
=\x8d\xf4?M\xbazl\xfbw\x5co\x01G\xa3\x95\
\x1b4)0\x00\x93\xb4i\xdb\xee\x81Vg\xed\x06K\
\x06\x88\x83\xd3\xb8\x1df\xf8-(\x83H\x8a\xd0\xc9|\
k\xab#\x09)\xa4 \xf2o\xfd\xce\xa7\xbcu\xa5a\
\xda\xc2\xdd\xd7\x8e5\x87ts\xef\x8ePS\x1c\x10\xfe\
U\xf2B\xee\x824~YkF\x1e\x1bp\xfe3\x0d\
\x9b\xd6\x8b\x1f\xd4\xb9\xd6]\xae\x97H3\x19\xd0\x08#\
\xa7\xed\xa6fT\xfc\xc7\xcb\xebiX\xed[+/\x1f\
4\xe3\xb5e\x07\xaa\xc9\xb0\xcb\x9e_\xf6\xbb7\xde\xbe\
\xec\x8dF\xbb\x7f=W\xfd(\xefX\xbb\xb5pA,\
\xa0\xb4\xb9!\xa3\x8d\xef~\xb2*\xf4\xe4i7-\xcb\
\x0e\x9c\xfe\xda}\x0e\xfa}?/\xcc\x14A\x83X@\
\x0a\x15\x0aA]\xf3\xa7_\x8ch\xb7\xb6V+\xb1\x1b\
\xf0-jYr\xc8\x90\xfe}\x82\x9d\xc5~\x95\xeb \
:F$\x9d\x04\xe7\xd2=\x98X\x10\x03D\x8c\x1ct\
si\x98\xb6p\xc6\x8c>\xa1\x90H\xf7\xf4\x02.\xc4\
Z4e)\xf4\xbfu\xb2\xf2O\x14\x1c\xe0\x1ew\xdd\
J\xb7\xef\x8a\xb7\xbf\xbf\xd3\x8d\x5c\x9ft\xc5k\x8d\xae\
\xf9\xbb\x0f\x9akGt?w\xf9\x0f\xce\xbfa\xcd\xce\
\x83\xb9\xad\x9a3\x07\xfa\xecY+\x9b\xfaN\x7f\xf3\xe7\
\x1bU\xe5\xc9;\xbc\x9ew\xecR\xf1\xa7\xf6z\x89\x7f\
\xee\x95\x19:o\xea\x1c?\x1f\x02\xf8\xe5?\xd6\xdc\xd7\
\xe4T\xdeN\x9e\xe9\x119`RH \x139\xed\x94\
\x1e\xed\xd6\x9c\xa6\x92\xcd[\x10(\xf8H\xc1\x22\x05\xab\
\xc3\xf3\xba\xdbq\x0e\xdf\x16\xca$\x92\xce\x0bC\x0c\x90\
$U\xc5\xac\x04X\x82A0l\xbd\xb74\x5c[\xc8\
'\xb3\xda\x11\x94\x97\x81\xa6\x14\x8c\x88\xa51!\xc6j\
T\xb1kN\x9a\x03}\xdc%K\x1f\xe8v\xfe\x07\x93\
{]\xf0\xf67O\x9d\xb5dgq:\x0c\xd0G\xf3\
o\xb4?\x9a\xff\xc5\xc4\xc7\x8b\xff\xa9\xf2\xa3\xf9_L\
\x04>\xd6Z\xd5n\xec\xc5\xafo\x1ft\xfe\xb2o\xf7\
?\xff\xad\x0b\x07]\xf0\xc6\xfc\xe2\xa3\x9e\xef\xcd\x9di\
\x9d\xfa\xc5O\xa6F\xcc\xe6\x99\x8a \xa1}\xdd\x9a+\
\xb4\x97w\xccv\x1f\x06SPI\xbfe\x05H\x90d\
\x0f\xb1\xb9\xb3Gv\xce\x08\xa4\xb4\x22\x9d@\x19D\xd2\
\x9ayuTO\xf2\xc8\xec\x91\xa6f\xd42\x09\xe9\x9b\
CJ\x08S\xee.\x0d\xd7\x16\x1e\xdf\xb0(\x9brC\
\x8f8\xda\xcc\x02\x02Bj\xd3\xd4\xf9i!7uK\
\x9f\x01\x91\x939\xd0\x8b\x14Pj\x8b\xf2\xd1\x1d\xd3\xed\
\x0d\x8f\x9d>l\xe73\xe3\xcf\xab\xa6e\xd7\xd5\xd0\x86\
\xef\xc5\xb3\x1f\xfc\xa0\x8a\xd6}\xef\xf8\xda\xe4\xf5;\xe6\
\x9f|\xfe\x96\xe7&\x9e\xf0\xfa\xc3\x97\x87\x8b\xe3\x95\xe2\
\xa3\xf9\xd3\xedxd\xe3Eq3w\xb7\x8d\xa6a\x06\
\x11i\xe1A1{i\x1d_\xb1`\xee\xbb\xedv\xfa\
\x1b\x8e\xd8\x0d\x08,\xf3\x05ir\xd8\xec\x15\xea]\xdb\
\xb1+QL\x80\x032\xf6\xcf#u\xa8\x9bZ\xa1\x0c\
\x22\xc1>Bat\xd8\xab\xc0\xde\xbc\x8c\x92\xe4Jb\
A:8\x00\x17\x89\xf4l\xf7\x95hs\xe6@\xaf\xfe\
\xd8\xfey\x832\xffWi\x99\x01\x18Dd\x08\xce\x9f\
\x1d\xe6\xa6\x7f\xd9\x91N\x1e\xd7\x96\x1eg\xe3\xd33\x06\
$\x86\xec\xf8\x7f\xd5V\xf3\x7f\x85E\xfa.\x9b\x92\xb7\
E\xd0\xf0o\x11\xae\xbf9\xcc\x0d?\x8c\xca\xec\xad\x11\
\xca\xdcS\xa1\x9a\xff\xfb\xf8\xc4\xc7\xff\xba\xf9\x89\xd3\xc6\
\xb5u\x8d\xab\xa9\x9b\xcf\x8bS\xf6\xa7!\x91\x1dh\xb0\
$M\x1aJ\x1b\x9c\xe6\xe8\xf3\x0d\xae\xf5\x9f7?\xb8\
+]\x1a\xe7@ \x02\x94\xd0\xbb\x8b\xef\xa51,Y\
=x\xb0\xd99\x87\x80\x1d\x1b\xc3\x07\xc4\x01\x1b\xe0\xa0\
\xe8D\xfe\x93N\xaa\xae0\x84\x0a\x0b\xf2}\x8f\x11\x11\
\xf66[\x1f\x96\x86\xfb4\xcc\xf8\xd6\xab{6l\xb7\
~\x99\xcc[w\xb8\x1e\xa5\x01\x05\x90k\x0bdgX\
&OX\xb7`z+]\x05\x03\xf4\xe1\x13\xa7\x9fU\
-?\xf9\xef\x98\xc8\xfe8,3\x17\x86(\xdf\xc7b\
O\x0ahHAd\x10\xc8\x84\x22\x8bTO\x1b\xf9\xcf\
\x19h\xfeA\xc2\xac\xbbm\xe7ic\xaf^<\xbb\xb5\
\xda}\xee\xcc\x992a\xe7>\x1f\x16\xee`\x22%\xfc\
\x15\x9aP\x8e\x11~\xb4>]\xf9\x83\x11\x17\xbd\xb1\xba\
8\xfcA\xc0\xa6]\xbdC\xb1,\xf8\xf9\x86\x84\x97\xa8\
t\x9a:&\xbc\xba\x00I\xea\x12\xd1\xa0\x80\xb2\x88\xa4\
C\xac\xa3\x041KW\xc3\xf5\x0c@\xf9'\xe2\x14\xf3\
\xb277o)\x0dw0L\xbdn\xe5\xde\xa4\xe0{\
]\xb2\xdf\x03)\x08\x16\xd0d53\xa8~[8\xdb\
\x2270\x83\xd6?}\xc6\xcc\x1eV\xddm\x06\xe7.\
6\x89\xab\xfcKr\xc8\xbf4\x80\x05\xbb \xe5)\x83\
\x15\xf9\x8dK\x00Lh\xcb\x22>=\xe65\xfeh\xf0\
\xf8n\xd7\xcf\xbfc\xba]Hs\xe6\xdcG\xb4\xeb\xf2\
\xfb\xace\x16\x00\xb4\x00\x5c\xd7h\xda\xeb\xd9\xb3\x87\xcf\
Z\xf2N!\x5c{\x91\xde\x9b\xafcO\xe698\x9e\
j\xb0\x8aUh.K)\xd7&\xba\xa0\xd3\xca\x22\x92\
\x16\xa2dt\xd8\xb8\xd64\x8cJ\x03B\x824\x00\x06\
\x93\xf6\x9a\xd2M\x0d\xa5\xe1\x0e\x84;\xee\x98n\xafx\
\xe8\xfcn\xaf\xdf\x7f^\x9fE\xf7\x9c>\xcc\xe4\xaa!\
d\x18\x03\x00\x023Ai\xb1\xc8uC\xab\x8b\xddT\
m\x9d\x7f\xf6\xd4j\xd1\xf0s\x0b\xeeh\x93\x04\x01\x0c\
\xc5R\xe7\x10\xde\xdc\xac+\xee\xaa\xcbZ\xd7\xeeN\x1a\
_\xdc\x936\xbf\x96Q\x95\xf7;\xda\xde\xaeX3 \
!\x05\x93\x01\x0c\xa8\x12\xc9\xeb\xc7\x8d\xd8{Ia\x1a\
#\x027\xe5\xcc\xb9\x0a\xb4Sk\xffZ&i\xa8\x98\
%jO~\xf9\x0f\xd3G\xbet\xefY\xc7\xbf\xf0\xfb\
\xa9\x03\x1e\xbeu\xe2\xa7\xca5\x05\xd4\xd5\xef\xc8*p\
\x8e \x00f0D\xc4c\xddy\x22i\x99w;\xd6\
W\x05\x94E$]\x01M\xba\x0f\x0b\xb5\xcf\x91$K\
wD\xcf\xcaOU\xa4\xcd\xbfc\xa8\xbd\xfd\xd93\xae\
\xbdr\xc4\x9e\xc5\xc3{n|\xfd\xc4^\x9b\x97L\xec\
\xd7\xb0\xb0[h\xcf}!\x9d\xe9.XBC&\xc1\
xy\xfb6g{!\xde\xa2;\xc7\xd7DE\xdd\x7f\
\xda27\xd8\x84\x22\x82\x82K\x94u(4\xb7YU\
\x5c\xe1\x98\x15?\xda\xbe)\xfa\xd0\x8a5\xfc\xf8\xa6L\
\xd5_\x5c\xb2\xbe\xa7D\xd5\x8c&\x8a?\xe02<\x0d\
\x0f\x92B$\x84\x1a\x14V\xb9/n[x\xda\xb0B\
\xda\xdbW\x85\xd6\xa5\x8d\xc8\xebL\xe4\x08-`\x82\xad\
*\xf1\xd1m'\xf7\xfd\xe4\x99q\xfd\xb6\xcf?\xb5\xdf\
\x9e\x17\xce\x19\x9d{f\xf3\xbc\xf1\xb3\x9e\xbc\xfb\xd3\x1d\
\x0eGjm\x17Rf\x18\x00\x88\xe1\xb1\xaaq\x09e\
\xb9\x13m\x85\xce\xed\xe7\xed\x87\xc3N$\x96\xe0\xfe\xac\
\xc9\x02K\x08f\xb0\x08;\xf1\x88\xd1\xe6r\x91\x99\xe9\
\x84\xc1\xbd\xbe\x1b\xd3\xbb\xe6\xc4U\xf2T\xd3\xe1\xe3\x04\
\xbbCL8\x83l\xf6\xfa\x12Xh\xd2\xd0B|,\
\xac\xc8\xfa\xe2S}#\x07%\xbe`S\xf3H\x93=\
\xa1\xc8\x80\xc7\xe4\xb9\x5c57\xeb\x187.\xcd\xf4Z\
\xd1\xf7\xec\x17\xeaN\xbbiYv\xd6\x9c5\xce\xd4\xab\
\x97\xe4z\xcfxuO\xd59\xaf\xae\xde\x99\xc3\xb7\xea\
\xbd\xda_:Z2S\x0e&\x1b\x06\x91\xf7\x19Kd\
\xce\x99\x19\xa8\xdc\xa7\xceY\xe2\xb9\x94xZ\x92\xca\x10\
\x14\x14\x11BJt7\xd8\x1dh\xc0\x19hpn\x88\
\xa93gT\x1a\x99\xff\x18\xdb\x0b\xd3\xe6\xb6\xe1\x12\x14\
\x00*\x0d\xed\xe6\x94\x97\xf65/\x12&\xc9j\x08\x11\
\xeb\xa8DQ|h\xb5+P\x06\x91\xec\x9b\xdc\x98\xd1\
a\xc7z&rU\x0c\xc8\x80\x8f\x80$\xd5\x8d}~\
e\x9b.\x19v.\xbcrd\xa5\xb1\xf7*\x82\xeeA\
\xc2\x13L\x0e\x04\xfb\xfb*\xfeuw\xfe2\xcfUX\
\xb5\xa9>\xda\xa2\xb9}\xf8\xd6\x89aK\xd4_\x0b\x8f\
\xc3B\x0b0\x01\x9e\x88n\xfc\xa4\x81\xfe\xb5\xcf\x85+\
\xf7\xb6u\x8e\x87\x88\xf8\xe4KV5\xea\xb8\xfcE\x9a\
z\xcce\xf2m\x01\x05\xebJ\xe1\xb9\x13\xbf\x7f\xd1\xd4\
\xbe\x85\xb0\xeb?N\xbe\xecR\xb4N\xb1\xcd\x925\x14\
i\xf8\xb2\x96\xdfQ\x82\x944)70\x22p\xf9\xe9\
\x91tK\xbcR\xb8d+C\x1a;\x18\xbeT\x02\x81\
\x10\xb1g\x1d->.\xdbO$-\xc7\x97\x18$\xd0\
\xe1]`\x82\xeaF \x03\xf0\x85\xc7l\x0e[0\xb7\
m\x0dhSv\xe3H\xad\xb9\xc2\x80 \xa1-\x90\x96\
p\x94\xf0r\xcc^.\x9b\xc8\xe7\xdcH.\xa5c\xef\
\xa5\xf3\x95\x8f\x8f\xb9\xe2\xc5\x96\xa9f\xf2\xf1\xa1\x09a\
\xce\xf7\x92\x86 \x86\x01\x8f\x15\xef&\xf1\x8b\x13\xbf\xf0\
\xc6\xae\xd69\x1c\x18\x83\xa6.\xc9\xd5g\xb3\xff\x96g\
\xcb\x05\x00\x83\x14I\x89\x93\xfaTeZ\xa6\x9c\xa9\xd7\
\xad\xdc\x9bTU\xb7e\xc9\xaa\xcb\xba\xe4\xe4<\xe1d\
\xbc\x98\x93Q\x86\xa3\xb4\xd0\xa4\x09\x82\x04)\xe4G\xb3\
\xde\xd9\xa6\x9a>FQe\xc0\xdeE`\x10i\x90\xf2\
,\x93\xdcPGM'\x0b\xa3\xb7c\xc3x\x7f\x94Q\
\x88\x02M\xf8\xe3\xa4\xa3`WW\xb2\xf6|C \x12\
\xc8\xa4\xf3\xad6\xd9J\xa1T\x9e|\x97\x17\xbe\x03\x9d\
\xbcA\xe9\x1d\x99\xee\xe3\xb7{\x03\x87\xbd\xb6\xb5z\xe0\
\x8a]5\x03?\xdc\x1e>\xad\xdf\xc5\xaf\xce+>\x85\
\x97\xcb\xa5\xc6H\xca[\x80\x07\x01\x0d\xc0jZ\xfaA\
\xf2\xf1\xd6\xa9\x7f:F{C6\xe5\x5c^\xe0\x8f\x0f\
\x01\xc3S\xb5\xa6\xce\xd6\x14O\x03}f,\xb9\xeb\xcd\
5=\x86\xbf\xb4\xb9f\xd0\x8a\x9d\xfd\x06\xad\xfc\xb8v\
P\x9d\xdbg\xa2+\xe2\xaf\x14t\x1fZ\xbb\x86\xa7\x9d\
6\xdbz\xb3\xc8\xab\xbc\xa3?\x01\x04\x98\x18\x9a\x95\xa1\
\x95\xb6\x0e`:\xd9.pA\xde+}\xd1A\xb4Y\
\xf0R\xb4\xe6\x1b\x1d*;\xee\xbev\xac\x196\x10!\
C\xfa[\xf6\xc4\x88\x84e\xbbV6\x04\x06X\x82e\
\xb4q\x15\xf6\xac\x19q\xd1\xa2\x8f\xcf\xbfa\xc9\xce\xb3\
\xbe\xfe\xe2\xae\xd3\xbf\xf6zs\xa9f5\x9b\xcf\xf7`\
\x90\x04\x044\x08\xae0\xd7]\xf5\xad\xf5\xe5\xf9\x80\x7f\
\xff\x11f\xd3Z\xa3\xe1\xbb\x8f \x81*\xd36+\x99\
g\xb74\x00\x01<\xfd\xa6\xe7\xea/\xbe\xf1\xf5\xed\xd3\
\xbe\xf6\xfc\xf6i7>\xbf\xbd\xaa[v\x17[n>\
\xb8{\xf5\xa0h\xae\x8b\xe9L.\xdf\x5cX\x9a\x93!\
\x84K\x22\xf6\xd2&th7\x98\xa4?\x5c\x98\xd9\xd7\
Vv\x12\xed&\x12\xdf\xf3m\xf0\xbf\x83\xa8\x1co\xc6\
I8\x09\xd2$\x00@C\xc3\xb2\xadv\xb1\x7f\x86\x9f\
\xbf \xa1jkk\xdb\x9c\x9eZ\xc0$T\xe0\xf0\x06\
\xc4\xc8i]\x1e\x81\x04HgD`\x18\xad\x01\x92\x92\
\x84lS\x00-\x86T\x06\x84\x0e\x96\x9e\xf4\xe9Qj\
\xa3\xddu4n7\x16\x0c\xa2\x04\xb4p=\xf4\x8f\x88\
L\xc7W8\xbe|\xd5\xa9\xfe*\xa0\x0c\x22)}P\
>\x86w7+\x98tH\x08\xbf\xc7\x99\x80\xbc\x885\
>x\xcb\xd0\xf8\xefo\x1e~\xc0\x8f\xa7u\x98AD\
L`R`js!\xd4\x0a\x92t\x864X2\x83\
\xa1\x116d\xefO[a\x1c\x10\xb7\x00\xd1\x90WE\
\xf0\xad\xd9\x19\x9cs\x5c/\x0f\xcc9\xe8\xf0T\xf0\xa0\
\x03]\x10X\x8bt\x1a\xd1\xd2\xba\x15>\x9b6|\x10\
\xcdfsY\x90\x19plF8\x94\xe8\xd5\xbb\xb6o\
\xbb\xf4,\x07BW\xc9#(\xa7\xeb3\x0b\x87\xfbg\
W[\xfc\xb8\x96\xefzb\xcd3\xa7\x0f\xebO\x0d\x8f\
\x1a\x94\x1fM\x81\x1f\xb3\x14\x87\x9e\xd6\xb9\xcc:\xb4\xd8\
t\x17\xddbK\x82a\xa8a1\xc1\x9f5\x05\xc74\
\x08Y\xc3\xd8\xb3e\xaf\xfdu\x13ZI6\xfc\xce\x12\
v3\x91\x5c;\xec\x8aW[\xe4\x9b\x8f\x9f\x1c\xff\x85\
\x1e\x22\xf5;a\xb8\x15\x00\x90g3\xbd6\x19\x9f0\
\xf1\x8a\xe5k\x0aa\x0e\x86\xf7\xe6N\x89\xf5\xad\xd8\xf3\
R\x88\x9d\xb1\xc4@N\x9b\xdbrl\xfes\x8f\xf3W\
?V\x08\xf3\xc1\xbc\xc9\x83\xbc\x5c\xddp\xa1\x0d\xc3\xdf\
\xae4`Z\xba\xba:\xe2~;\x0a\xe7d\x02!\xaf\
\xb8.\xcb\xf2Y\xb8\x5c\xc255\x041{\xc2$K\
\xf2\x90\xa8A\x17\x82=0\x08)\xdd\xed\xafIU\xfd\
\xfd!\x17>]\x966\xdawb\xb3\xdb\xf7t\x04\x86\
&\x81\xf5\xcd\x89\xc3\xe3\x0e\xcb'\x92\xc0\x89\x8d\xdb1\
\x22Y\xf1\xd0\x94nCk\x1a\x1f3\xd1\xfc\x19\x09\x12\
\xd0\x06\xb4P\x90,|\x85t\xb1\xe0\xc3\x08\x18\x9d\xf6\
%~\xf6w5\x95&7\xeb\x19\x1b\xa5V\xcc\x10 \
\xb8\xd0\xd2Ly2\xf6\xe7\x8f\xebj\xfe4\xf1\xaa\x85\
I\x00X\xfe\xf7\xd3\x07\x0f\x0f7\xbed\x0a\xa7\x9f\xc9\
\x1e\x5c!\xb1\xdb\x8d\xdf}\xdf\x8a\xf8\x0ds\x02{\x90\
\x83\xe1\x93\xf9c/\xaf\xe6\xec_\x84\xcc\x9b\x9252\
l\xbd\x9c\xe1\xc4M\xbd\xcf{s\x05\x02\xdfnCj\
\xb6\xdd\x0e\x95\x9b`x\x86d\xd3\x01\xb96\xb4\xa1\x0c\
Kx\xbd\xa4\x94Qb\xc0\xd7.\xfb~\xea\x19\x5c4\
\x03\x04\xb6\xfb,\xfdK\x0e\xfcP\xd0L\xba\xd1\x8b\xfe\
G\xbdU{\xeb\xe8\xe9\xcf\x95e\xd6\xb9\xf2\xfe\xd3\xc7\
\x1e\xd7m\xcf\x13\xa6\xec:\x22i\xfft\x83B\xc7\x1d\
\x94\xd3\xb6\x89\xb1\x1f}\xb6>\xa7b\x8fB\xcbF0\
\xa0\x85\x02\x81\xa1\x89}\xe3eh\x9f\xbfp`~\xe7\
\xfb:\x0cr\x14`h\x08\xa1\xcd\xa8\x95\x1f\x1e\xb6\xd5\
\x88\x88\xa5G\x84m\x1a\x111\xbdq!\xca_4\xa8\
{rp!\xafM\xba\xd7\xe6\xaca-\x02kW\x93\
\x80d\x85\x1a#s\xd9\xf5\x932W\xb4\xb5K\x5c\x8c\
\xb7\x1e\x9dpRX\xa6\x7fb\x82M\x02\xe0\xb0t5\
\x19+\xf3N\xa4\xe5\x1a\xb5\xea\x8a\xdc\xc9Q\xa8\x191\
\x93GE,\x1e\x116\xd5\x88P\xd8\x19\x115x\xa8\
)DT\x04FUL\xbe\xa4\xc1\xe4\xd7\x11\xac}\xbe\
\xc9\xbe\xf0.\x88!}3~\x00@\x9eC\xeb<e\
\xbc<*Y\xd1\xd4\xf2\xb0\x9d\xe8\x9c\x02\xfe\xc0(\x83\
H\x0a\x86\xb5\x07m\xdf6As\xe6\xe8FU\xf5P\
\xda\xac\xba\xd7\x95V\x03\x07&\x7f`\xdf\xaf\xa2f\xe1\
\x7f@`fh\xd2PB\x07\xa4\xe3\xaf0\x04S0\
\x22\xa5\xcfa \x02\xc7uj\x14\xb9\xf9\xe3f\x07[\
\xfb\xb3f=\xa2R\xd9\xd0\xff*a5\xfa]\x22!\
\xd8\xad\xb1\xbd\xe4\x0f\xb7\xcc\x1bs\xd5;m\xdc\xa25\
{6\xc4\x87\x0b&\x9e50\x9e\xbd'\xaa\xf4(e\
\xe4\x01\x96\xf0\xa4\x5c\xe7Q\xe4\xc5\xfb\xdfYR\x10\x80\
)f\xe7\xa6\x13\xbc8\x93\x00d\x1e\xa4\x03Ku\xf2\
\xb9\x1fH\x81Y\x83\xb4\x00tP\xa7\xc0\x87\xa4f\x7f\
H\x90f0{\xd0\xd0PD\xda!\xeb\xc3\x0c\x87\xfe\
+\x97\xa2\xa5\x1d\xf1e\xef\x9b\x97\xfb\x0b\x8cN\x8e\xe9\
\x16\xb4\xbb\xc7\xb3\xc1\xa5HL@\xca1\x17';0\
\xdd\x14\xb0\xf9\x95\xd3\xab\xb8\xde\x1bi\x99\xb9\x13U\xde\
\xb0\x85\x16\xd0\xe2@\x97\xa5\xeb\x16_(!\x83\xb4\x16\
\xe68\xc1\xc9\xe1\x91\xb0'X\x10)\xad#f\x8e\x8f\
\x93B\x9b\xcc\xa4\x9a=\xfb7;\x1c\xf1\x1fc.[\
\xbd\x1b\x81\x1f\xb6\xda^\xc6MU\xd6\xde\x9f\xda,L\
0\xc0\xd0\xcaakgF\x84\x9eoR\xd1\x07\xb3\xf5\
ju\xaf~}3\x9fl\xdf\x1d\x22\xa9G\xf6J$\
\xaf\x8a#;M\x90\xe8K\x04Ap\xa1\x95\x91r\xcd\
\xf0\xef\xf2f\xc5\xbf\xf7\x98\xba$\x05\x00\xef<:\xa9\
{\xbfH\xe6\x99\x10eO\x01A\x08($\xf3Uk\
r@\xb3\xc1\x0a\x1e+M\x86\xb5N\xb0\x5c\xcd\x0a\x1e\
\xb4\x02\x84\x06h\xdf\xf1/\x08\x01\xc1\x9a5k\x12\x86\
`\xd6\xba\x11R\xae\x92f~]\xafsV\xb7\xcb\x1e\
\xa5\x14k\x1e\x98|\xca\xc0\xaa\xdd\xf3\xc8\xe0\xbe\x04\x0d\
f\x81\xf5\xa9\xf0a\xf2\x99\xd6\x85D\x02\x00s\xe7\xce\
\x94\xe3kw\x9b;v\xe7\xdbU\x86^\xddm\xd6{\
L\xdb\xaej2\x12F\x13\x01@^\xdb5\x94s\xee\
\x8d\x095\x99 \x90\xd6\xf6\x07YX_\xebs\xde\xca\
\xd7\x0a\xf1v<{b\xd4\xcbZwT\xd9\xc9k\x04\
\x81\x08\x1aZ3\x83\xa4#\x14\xa5\xd9\xd4y-\x90g\
\xcf\xb0\x0c\x9d\xb3YP\x8c\xd8\xb4YhH\x06\x14H\
\xa5\xd8Z\xb4;e_7z\xd6\xca\x16!r\xe3\xa3\
\x13\xbf\xdc3\xdc\xf0+A\xdcC@!\x89\xd0\xce\x8d\
;0\xa1w\xbfH\x06\x81\xc5n\xde\xab\xf0LN9\
[\x0b\x91\x0e\x82n\xf1J}\xdc\x1b\x0b\xdd\x83\xd9\xe0\
~\x1aV=0\xf9\x94\xc1\x95\xbb\xe7I\xd3\x97I\x0e\
+\x91\x14\xaeWc\x022\xae\xfdb\x93sh\xfc\xb8\
\x96\x83w\xff:\xae_\x8f\xb8\xf7\xf7\x84LO\x00\xb9\
\xf0\xc8P\x19Uq\xf3\xee\xd4\xe0{G\xcfz$U\
\x08\xf7\xec\x9fO\x8c\x1eWa\xffg7;\xf5\x8d\xb0\
\xd6\x92\xc1\xd0\x04_\x16\x22\xed+\xb0|\x89\x07RK\
\x08\xf2\xeb\xe9\xb1\xc1\x8ei\xbf\xb1v\xbb\xb8j\xd2U\
ooh\xe1\xe0\x0c\xaa[t\xf2c!\xaf\xf9|\x93\
\xd8 HdD\xf8\x93\xa5\x1bCg\x9c{\xfd\x1b\x9b\
Z\x15\xf20c\xd5\x03g\x9er\x5c\xd5\xb6.\xe5$\
e\xc8$\xc1\xfc\xc6\xe82OG\x9d\xc1\xdc\xdfN\x89\
%\xa2\x99\xff\x8dRv<\x00\x80-\xb0\x12J\xb2j\
\x8e\xd6\xeen\xb5z9\xe7\xcb\xab\xd3+\xdeJ\x7fw\
\xaf\xeay}\x8ad\x9d&\x05\x82\xf2mJ\xb5\x09\x02\
\x83a@\xb0\x00\x91\x0b%<\xe4(\xac\x9b\x11\xb9o\
Ss\xe5\xb9\x93\xbe\xbc\x8f@\x10L\xf7,-\x17$\
Y\x0b\x86+\x18a/\xdfw\xfc\xd0\xfc\xc2\xed/L\
\x1dP\x9c\xf7\xe1\x87\xdb\xb2\xc5\xd8\xb1\xdd\xb5\xfd\xd1~\
\x22i\x91\xd2\xfd\xbd\xca#\x89Ew\x9fU1y\x08\
\xfd\xb9\x9b\xa5\xce3\x84\x22\x10\xc3\x13Zg\xd9\xfa\xeb\
\xcelx\xd1\xa0\xa9Kr\xa5qf\xcdY\xe3\x0c\x9a\
\xb1\xf8\xf7[\x1bC\xa7\xd6\xa1\xe6w\x19\x0amsa\
1\xc3\x0b\xf6\x91\x1d\xb8P\xec\x8aX}\x03\xc5\x1f\xfa\
0[5\xae\xc7\xf4\xb7\xbev\xf2%K\x1a\x0f\xe4\x99\
q\xe3'\xc6\x9c\xac\x8a\xaeQLZ\xb2\x07\xcf\xc8Q\
\x85\xdb<<\xac\x92\xf3\xf7\xbcza\x87\xef!\xee\x0a\
h\x04\xf2s\x8b\x0f\x8b\xce\xady\xdaO$G\x09\xe6\
\xce\x85\x1c\xde\xab\xf9\xde*l\xbfD\x90\xaf[P\x8a\
<\x0f\x91'\x85]\xf9\xabQ\x97/\xdd\x5c\x1a\xa7\x00\
\x22\xf0\x09W\xbe\xb5\xa1\xf7\xf4\xe57,\xfd0?r\
\xe3\xde\xc4\xb8\xcdN\x9f\xab69\xfdo\xd8\x9e\x1b\xf0\
\xa5\x8f\x9b\xba\x8dk\xca\x1b\xfdzO{\xf7K\x13.\
~\xf9\xed\xd2\xfd\xa0b\x9c\xfa\x95\xd7\xde\xdf\xb47t\
\x99\xab\xab\x96z\x08\xbb\xc4!h\xe9 \xecdG\x18\
\xe9m\x7f\xb8\xaf\xc4.\xf6p\xa2\xab\xd9|\xbb\xd3\xcb\
,\xf4=B\x13\xfb\xf7\xdd\xec\xcd\xd9\xdf\x1d>kU\
\xd9\xf6\x9c\x9d\xc5\xb2\x07&$Fuo\xf8X\x82\xab\
\x85\x06\xb4\x16^\xce\x0c-\xceq\xf8\x07\xbd\xcfyc\
eq\xd8-\x0fO\x0cs\xd4\xe8\x95c/\xbf}\x85\
\xbd\xabp\xa8\xaa\x1c,\x9e=\xc5\xe8y\xb2\xdb\xdd6\
\xd84\xd2\xbc\xbb\xff\x15\xcb\xb2\xc5\xefW=:\xa1o\
\x9fh\xe6\xafq\xed\x9d\xa6\x85+\xc0\x06<\xe8\x0dk\
\xd3=\xa6M\xb8\xfc\xd5\x8d\xc5a\x0f\x07V\xde\x7f\xfa\
\xd8\xe3z\xecy\xc2\x84\xee+\xd9W\xa6\xadK\x1d6\
eZ\x81\x9e\x08\x00u\xf8HEg\x11\xb3\xc3\x9aH\
z\x92\x01\xf8\xfb?\x8e\x9b\x13\x1f\xef\xa8\x93\xad\x0e\x7f\
\xaf\xfe\xcb\xa9=\xcc\x0a\xfd\xd5(\xa7\xee\x8d!y\xdb\
\xf1\xa7\xa6?\xbf\xe6\x99\xd3\x87\xcd\x9e\xd2\xee\x9dUZ\
\xfb\xc4Y\xbd\x8f\x1b\xd3pY\xb5\x99\xfeu\x84\x9a\xfe\
'R\x91\x99\xb9u\xd1\xf8Vv!\xdd\xcc\x84\x80c\
ob(\x06\xfb\x9b\x89\x02\x02=\x22\xb1v\x0f\xc0\xae\
\x84?\xb1\x94vM\x87\x17K@yDRd.P\
Z\x86\xc3\x88G\xde_\x92K\xa9\xc8\x8bJ\x1b\xcc\xa4\
!\x88#\xb6\x91\xbd\xb0g$\xfb\x8d\x0f\x1f\x9e\xd8\x07\
\x00\xbd\xf5\xd0\x98\xe3j\xa3\xe9\x7f\x8d\x22\xf9\xb3\xa8\xcc\
\x9eYe\xe6gEe\xe6\x7fz\xa0\xf1\xbf\xbey\xf3\
\x097n~\xea\x94\xc9\xaf<t\xde\x01\x8fa\xce\xbf\
c\xa8\xbd\xf6\x89\xd3\xc6\xed|r\xec\xb5\xdd\xad\xbd?\
\x8b\xd9\xce\x1d\x09\x91\xbb2N\xee\x0c\x9b\xdd\xd9\xb6\xe7\
}\xf5\xe3\xb9\xe3{\x02\xa0\x8dOL\x1dnY;\x7f\
\x1c62\x97\x13)\x09H0k\xedP\xe4\x83\xf7\xd7\
\xd5\x7f\xaa\x9d\xcc\xa1\x82\x8b}\x87\xb3\xf6a\xbf\x07e\
\xa1,\x22i\xc1\x11\xbc<z\xce\x1cx\xf5^\xfc\xe7\
\x9e\x08/\xd0Z0\x81`\x13\xf7\x8c\x19\xf9\xafEB\
\xb9ol||\xd2\xb4\xbe1\xe7G1;\xf75\x09\
\xa7\x02B\xc3\xd0\x12\x06\xe7\x13\x11\xe1^\x18\xa1\xfcO\
\xe3\x22\xff\xeb!\x89\xbd\x9f\x7f\xfd\xe1\xd6\xd6\xecsg\
B\x8e\x19\xdc\xe3\x86\x9ef\xd3m\x11\x99\xfbE\x18\xb9\
\xaf\xd8\xc2\xed!\xa0a\x10H\x907\xd8\xa6\xcc\x8d\xb1\
h\xfe\x9bk\xff>~Z\xa5\xb1\xe7\x16\x1b\xd9/J\
R!\xa1%\xb4\xd0\x80\x11};c\x98\xff9\xe3[\
\xcb\xdb}\xbe\xf9P\xa1\xab:\xa9cD\xc2]`\xa4\
\xd0\x09\x8c\xbc`\xc9\xfb\x99\xbc\xf5\x03\xc7\x0c/`\xc1\
 \xf2`\xcb|\xaf\x84\xcc\x5c[m'\x7f\x1d5\x9c\
\xcb$Q\xdc`\x13\x82\x09\x8e\x84\x02\x04\x88\x14\xa4\xd4\
\xb1\x109\xe3#\x94>\xb7\x87\x19\xedW\x9cnn\xe4\
\x895\xb6l\xfe\x86%\xb2\xa7\x1bF\xaeZ\x90\x22\xb0\
\x84KB{L,\x98`2\xfaFE\xee\xba^\xa1\
\xe4\xad\x96t/2!\xc2\x92\x81\xbc\xc1\xf0\xc8X\x9d\
C\xec\xdb\xf7\xbc\xb2\xfc\xb5.\xec\xa3\xb2\x10\x0e\xf97\
\xf8\x00\xbeB\xa7\x0c\xb1\xb3M\x94A$E\x19v>\
\xdf\xce\x82{\x5c\xf8\xc6\xbbi\xd7\xfaQ\xc6\x89\xbeH\
\xda\x04H\xc22\xb8\xbb%\xdc\xd1BPT\xb0\x86\xd2\
\xe0\xacL\xbc\x92r\x13_I{\xb1\xf9\x9e\xb6\x5cb\
\x09!4\xb1T\xd50\x9dVn\xa7\x221\x19\x0eA\
W\x09\x98DL\xf0\x14q\xb3\x88/m\xf0\xaa\xfe%\
G\xf6\x22\x0dh\x22\x05\x08]\x1b\x96\x18%I\x87\x01\
@\x09\x0fY\x1dz\xa7>\x1b\xba\xae\xea\xd5\xd7^\xef\
\xc8U+]\x05\xd7\xd7\x90\xf8\xb6,\xa2\xd0Q\x87k\
\x09\xdc\x22\x90\xd0\x11\x9dn\x0a \x02\xf7I\x0dZ\xed\
J\xeb\xdfr2\xf2\xbcV\xc4R3$\xfb\xde\xfa\x18\
\x84\xb4\x19Z\x98\xd6\xe6\xb5I\xd1\xed\x11-c_k\
r\x8c\x0f|%\x13A\x083f\xdb2^\x9c\xa6\xeb\
i\x22x\xe4_m\xab\x91Qf2\x03\xf9\xc5:3\
~O\x86\x13\xb3\x1d\x11{NkC\x83%\xb4`\x08\
V \x00\x19\x11}-\xab\xad/\xbf\xf9\xe0\x907;\
\xa3R\xef\x0a8>\x95\xf8\xe3\x98\xfd\x9d\xe7\xce\xa2\xfd\
D\xc2G\x8a\x81\xb6\x0d\x9a\xf5\x88Z\x1b\x0e\xaf\xd8\x9b\
\x0f\xfd\xb0Y\x84\x9ev$\x1c\x80\x90#r\xb3f\xe2\
\xefi\xb6\xbfy\xcf\xd2\xa5\x1f\x0d\x9b\xb10\xdf\xfd\xdc\
Wv8N(\xc7\xa4\xc10\x00e\x00\xd8_\x95\xa1\
d`\xfa\xa4\xc2\xd0,\xbc\x8f\xad\xf0'c\xceY\x94\
^\x1f6V\xe4\x90\xb8\xc5#\xebY\x0d\xe5\x80\x19.\
l7-\x12\x8f'\xb3\xe1\xab\xfa-\x7f\xeb\xfd\x8ex\
\x8f\xecz\xf8\x1ad\xa1\xc9\xbfTJx\x80\xec\x9c\xcf\
\x92v\x13\x09!\xb8x\x10\x80d\x03f\xf9\x8e\x06\x0f\
\x09\xa6N]\xe2\x0d\xbe`\xda\xca\xba\xacuu\x93\x1c\
|E&<\xf8_\x1a\xcd\x01\xe7o\xcdF\xae\x1d0\
m\xf9\xa6b\xd6O\xa6\x17\x18\x00)@d\xc92\xb3\
\x83\xeb\x96_v\xda\xce7.\x9eT\xf7\xc6\xe5\x93N\
\x1dS3^\x900\x98\x00\x01\x17\xba\xa8u\xa6N]\
\xe2\xf5\x9c6\xe5\xcd-[#_j\x0e\x0d\xba<\x97\
\x18\xf2\x9d&\xd1w*{\xf2+\x03.\x5c\xbe\xe9H\
s\x90\x02\x84\xf2-\xb6YzP\xa4\xc0l\x1c\xbe\xe9\
F\x17\xcc\xab\x00\x90@\x8de\xa8\xe0\x86\xcd#\x0f\xa2\
9z\xe4\xa5o\xd6\xf5~e\xd2\x93\x95\xbb+n\xff\
\xe3\xcb\x8b\x9e?\xf1\xfcW\x1bJ5\xa6q\xd3\x80P\
\x06\xc0\x1aRy'\x84\xb3\xdb\x7f\x17\xda\xbb\xfa\xa5h\
\xfd{KBu\xef,\xa9\xc1\xa6\xbf\x18\x9eJh\x08\
\x00\x02\x12\xba\x15g \x9a\xa3G\x7f}Y}\xcf\xc5\
\xa7=\xb3hk\xfc\xce\xde\xd3\x16\xbd\xdem\xc6\xf2d\
i>G\x12\xb1H\xe68Sk\x9b\xd9\x80\x80\x07\xa9\
\x0c\x982\xdc\xa9\xe5x\xbbE\xd0\xe4\xc2\x13\x1a,\xa4\
+\x01\x82\xc7`G\xc4\x9emv\x12\xcfz\xacR&\
[\xacu\xc9\xecWbr\xdcBa\xca\xa7\xcc\x83Y\
$+\x1c(P\x90\x8a\x00k\xed{B,<\x15\x00\
L\xf6\x9f\x17\x02)\x00R\xee\xd3\x12T\xc8\xd4\x0dQ\
\xd1t\x92d\x82&\x04\xe7\xe5J\x9b\x80Z\xe6\xd5\x8c\
6w$u\xedl\xc5.K\xc8 \x1d\xd1R\x0ey\
\x801\xa6TP\xec\xa0\xec\xaa\x15\x83\x11\x90A\xfd\xb5\
\x0c\xfe\x97LP\xaa\xb4\xce\x85\xf4\x826)\xb5\xd5W\
\xbe\xb9\x12\x04B\x90HU&\xcc\xd4\xf5\x96\xe6A&\
\xb9\xe4I\x86\xa7m\xf5\xfaZ\xf3\xa4s\xbf\xbb\xea\xfd\
\xd61\xdb\x8f\xd2\x16j\x13\xbb\x9e\x19sW\x82r_\
\x87\xd0B\xb0\xf6\xef\x95\x10:\xb0\x0a\xf3mT\x8b\xd1\
\xcaZ\x9b\x03\x96U$\xfb\x96\x0e\xbd\xe2\xf0T,'\
\x17=\xfb\xb4\x8dE\xdfF\xb6\xf8\x17\xf9eC\xa1\x96\
\x04M\x0c\x82\x07\xa1-\x80\x19\x1a\xda?v\xd0\x06\xa4\
2\xe0\x98.$k\x08-\xa1\x84\x7f\xf9t\xa1\xf4\xc5\
\x04V\xbc\xd8,\xfe\xee\xbb\x03/\xae\xaf\xff\xa6U}\
\x83\x97\x85x\xc5\xe9\xec\xab\x82o\xd9V\x5cZ\x02\xa0\
}\xcf\x0c -P\xf0\x89O\xc4\xf0\x84\x07\xa8\x10\xa7\
a>\xff~\xb8jF\xb1\xa7\x85r\xd1v\x0b\x95`\
\xf7\xfcq'\x87e\xee.\xa9\xb2\xa7H\x22\x03\x10 \
\xd6\x00\xac}\xc7\x1c\x8a:e\xdf\xdcT\xf8r\x00|\
\x8a\xa7}.!\xa4R\xa2\xf1\x1f\xeek\xfd\xb6\xd2)\
\x86\x08\xf62\xfc\xd0^I\x97\x1c\x00\xfe1\x0a\xdf\x5c\
\xd2\xb7hn\xd5\xdd\x07\xbb?\x8c\x0b\xa1\x8b\xb3(\xaa\
s11\x15~\x03\xfb\x1e\xb6\xec\xe2\x16\xe5\xa3}k\
\xcf \x98\x9f\x02i\x09\x22\x7fEV\xc8P+\xc9\xda\
\xb0\xd6nqcW\x8c\xbc`\xe9{\xfbR(\x1f\xfb\
\xf3\xcb6\xb0\xe5\x13~\xaf)\x1f\xffaF\xc5\x17z\
d\xeft\x89\x94'\x08\x8a\xfc#\x00L\x04\x16\xf0?\
\x85s\x5c\x85\x8a\x96~\x8aF\x89\x0e\x987S\xeb\x0f\
J\xe2\x14Rl\xf5\xc7\xfb\xbes\xf0\xf1\x9b\xce\xff\x14\
\x0c\x8b|\x82ch\x92\x01w\xd1`\xf2\xe5\x8eB\xba\
\x858\x854\xfc\xc67 \xb4\xf0\xad\xd95@:\xe0\
N\xda/\xb8F\xf05\xf8\xb4\x94\xbf0\xc2\x11\x94\xbb\
\xa8b\xfe\xbb\xc2\xfbB\xd9\x8a\x89\xc9?uW\x18\x14\
:0\x14/\xb4-\x8a\xda\x14L\xfe\x7f\xe1A\x03 \
\x16\xd0DZ\xc1\xda\x9b3\xcc\xe7\xf6p\xf57\x8f?\
\x7fi\x87\xa7\x99\x02\x8a\x09\xf9\xa0\x98;\x17rR\xf8\
\xd4\xc11#?\xc5S\xeax\xcd\xd4S\x08aH\xec\
\x9fR\xcbT\x1bT\xb6e*=\xe0\xd0\xf1\x9f\x1fp\
\xfd\xe8\x0f\x96\x96\xef~:r\xbf\xfd\x88\x96_E\xe9\
\xfb\x9b\x80\xfb\xa0(x\x16\xe4U\xfc\xbe8\xb5b\x19\
\xa0\x90\x9e\x84\x7f\x03gkI\xb6\xf8G\x10\x8fKJ\
V\x18\x11\x85t\x82<\xd5\x81D\xae\xa2r\xb4*\x03\
\x00\x19\xc4\xdf\xbf\x8d\xf6\xb5\x85dV\xcc\xf9\xdd\x10\xa1\
\x0f\xd3\x22\xb4\xe8\x0fK\x97m\xec\x0a\xc5^YDR\
\xc0\xec\xd9\x10Cbg\x87\xfb\xf5\x94U\xa1\x18\x1b\x07\
\xd27\xb4\x8dB\xd8\xfd\xec\x82\x02\x94\xa6U\x08\xd7\xd6\
\xf3c(\xb4\x8d\xcc\xe5\xd4\xa6\x0f\x1a\x1bf\xde\xf2R\
\x9a\xe8\x80\x13\xf41\x1c\xc31\x1c\xc31\x1c\xc3\xd1\x8a\
\x0e\xc9$\x00\xc0\xcc&3[D\xe4\x10\x91\x1b<\xa3\
\xe0\x99\x04\x90#\xda\xa7\xa5\xedJh\xadm\x00\x16\x11\
)\x00\xd9\xd2\xf9Wk\x1d\x06`\x12\x91\x03 _\xfa\
\xfe\x18\xcaC\xbb\x97\xc0\xa5`\xe63\x01\xdc\xcb\xccS\
\x99\xd9\x0c\x9eE\x00|\x83\x99oe\xe6>\xa5q\xba\
\x10\xd7\x03X\xc4\xcc\xff\xcb\xccC\xd9\xbf\x86\x13\xf0\x09\
$\x01\xe0\xd7\x00^`\xe6\x9b\x99\xb9\xd5N\xef\xff5\
h\xadG\x07\x9f\x16?\xb4\xe5\xa2\xc3D\x02 \x0e`\
P\xf0\xbf\xd0I\x02@w\x00\xfd\xf7\xbb\xbb\xack\xd1\
\x1d@?\x00\x93\x00\x9c^\xb2\x9a\x9c\x0c\xe04\x00\xbd\
\x01t'j\xd1\xde\xff_\xc5?\x03\xf86\x11\x1d\xd0\
\x5c\xb3=\xe8\xf0t\xa3\xb5\xbe\x1c\xc0M\x00~MD\
O\x11\x91\xa3\xb5\x8e\x03\xf8>\x801A\xe1\xb6\x03\xb8\
\x18\xc0\xb9\x00\x04\x11\xcd\x03\xf0\x0c\x11e\xb4\xd6\xc3\x01\
\xdc\x00\xa06H\xf2'B\x88\x8f\xb4\xd6\x83\x00|\x95\
\x88\xb60\xf3X\x00u\x00\xfe \x84\xd8P\x94\xf7/\
\x00\x5c\x0e`\x0b\x80\x1dD4\x9b\x886\x06\xf9\xff\x18\
\xc0`\x22\x1a\xc8\xcc\xaf\x13\xd1O\x88\xa8Qk}.\
\x80K\x03\xa2\xce\x06q\xb6h\xad\xc7\x03\xf8\x0a\x80\x97\
\x01L\x05P\x09`9\x80\xfb\x85\x10\xf5A~7\x02\
\x98\x10l\xa7\xae!\xa2{\x88h'3W2\xf35\
\xc1\xbb\x02\x9a\x88\xe8?\x01\xecd\xe6K\x00\x9c\x13\x0c\
\x98\xf7\x89\xe8\xb7D\xd4\xc0\xcc\x9fe\xe6\x09\x00\xf2\x00\
\xc6\x05\xfa\xb5'\x82\xfe\xb8  \xfa\x85D\xf4D\xd0\
VQ\x00W\x05\xc4o\x01\xf8\x08\xc0\x9dB\x88=Z\
\xebK\x89h\x023\xef!\xa2\x13\x989\x04\xe0a\x00\
\xab\x01\x5c\x06\xe0\x9b\xc1\xe0}\x0b\xc0\x8f\x85\x10\xe5\xb8\
4\x07:\xc9I\xda\x83\x11A\xe5V\x00\xb8\x87\x99\x8f\
\x03\x10\xd1ZO\x06\xf0+\x00;\x01\xfc\x0e\xc0.\x00\
\xbf\xd5Z\x8f\x04P\x03\xe0,f\xbe\x91\x88V\x06\x15\
nu\x0d\x09\x00\x10Q\x12\xc0|\x00\x83\x8a\xa6\x9cQ\
\x00\xc6\x12\xd1\xc3\xcc\xdc\xe2\x891 \x84\xb3\x01<\x0a\
\xe0\xbf\x01\xf4d\xe6\x9b\xb5\xd6\xb5D\xd4'\xe8\x98\xab\
\x82\x8ez?\x98\xce&k\xadmf\x9e\x09`(\x80\
\x07\x89h!\x80i\xcc|\x0e3\xc7\x98\xf9\x02\x00\xd3\
\x00\xfc\x1d\xc0\x02\x00\xc3\x00|\x00\xa0> \x9es\x00\
<MDw\x018\x99\x99\xbf\x1e\x10\xf2@\x00_\x05\
p\x22\x80\x87\x82=\x82\x7f\x07\xf0%\x00\xcf\x02\xd8\x03\
\xe0*f\x1e\xc7\xcc\x02\xc0w\x01\x9c\x0a\xe0\x81\xa0\xfc\
\xe3\x00\xdc\xc0\xccU\x00F2\xf3\x17\x00\x0c\x01p?\
\x80,\x80\xff\x07 \x02`\x1e\x80u\x00\xd6\x03\xb8\x87\
\x88\xda<\x93\xf4i8\xd4Db\x00\x88\x12Q5\x80\
\x86\xa0\x12\x8d\x00\xce\x0a*\x95\x09\x88b;\x80\xc1A\
\xa3\x16\xbc'\xbf\xc5\xcc\x0b\x88h\xb5\x10b\xbf\x13\xf6\
\xcc\xac\x00\xbcKD\xdb\x01\x9c\xc3\xcc=\x01\x9c\x04`\
;3\xbf]|\xff\x1b\x11\xad\x05\xf0\x0c\x00\x1b@\xcf\
\xe0\xf1\xb0\x12\x0d\xdd3\x00^\x01\xf0 \x80f\x00\xa7\
\x11Q\x84\x99_\x00\xf0\x22\x80h {Y\x00Na\
\xe6Z\x00\xc3\x03\x02_\x0a\xe0\x1d\x00\xf5D\xb4\x95\x99\
\xdd\x80(M\x00&3\xd7\x04D}\x16\x11\x15\x5c|\
\xd6\x03x\x0e\xc0b\x00\x8f\x03H\x03X\x04\xe0)\x00\
\xbf\x0f\xdaa \x80\x0a\x00g\x06e\xed\x16\x94\xdf\x0d\
\xca\xd03\xe0>\xf5A\xdb\xbe\x02\xe0\xb1\x80\x1b\x9e\x10\
\x10EC\xf0\xfem\x22*\xdb\xdf\x09\x0e\x01\x91X\x00\
bD\x94\x0eF\xc7&\x00\xbfg\xe6Q\x00~\x09\xe0\
\x92@\xb8\xad\x0a\xc2F\x01\xf4\x00\x90\x02pw\xc0q\
\x0a\x9d\xbb\x0d\xc0\xc14\x87[\x98\xf9M\x003\x88h\
T\xd0\x98o\x01hu3(3\x8f\x0fF\xee\x99\x81\
,c\x07\x8d^\x5c\xffz\x22RD\xb4%\xe8\xd0\x1a\
\xf6-v&\x01\xb8\x11\xc0\xf1A\xb9\x8d@&r\x03\
\x0e7\x1e\xc0\x0f\x01|\x03\xc06f^K>*\x82\
:V\x03\xe8\xce\xcc\xef\x00x\x98\xb9\xc5%\x96\x03 \
\x19\xac\xd0\xd2\xc1\xd4\xd3@Dy\x00\x85\xce4\x98\xb9\
\x17\x80DP\xe6\xee\x00z\x05S\xe3\xdc`*\xe6\xa0\
,\xf5AZ\x9b\x03=}\xb7\xae\xea\xdf\xce$\xb24\
(\x5cOf.\x08\x8e\x91\xe0\xf7\x1bD\xb4K\x08\xb1\
\x87\x88\x1e\x02\xf0\x83\x80\x8d\xce\x0a\x04K\x1dp\x94\xb9\
Dt/\x11\xddED\xb7\x11\xd1kAc\x01\x80>\
\x08\x81  \xc4\x17\x88(\xcd\xcc\xdf\x0a:qea\
I^\x00\x11\x9d\x13\x8c\xc0\xfb\x89\xe8n\x00\xef\x1ep\
\x1b\xc4\x0f\xab\x98[\xcc\xcc\xab\x88h&\x80\xdd\x00\xfe\
\x14L\x0d\x1b\x83v\xab\x0d\xa6\xd3\xc7\x01<\x19\x8c\xe0\
_\x10\xd1\x07\xec#\x0b\xe0-\x22\xba/\x90a\xee$\
\xa2\xfb\x89\xa8\xddw\xfb\xc0/\xcf\xf6\x80\xe3\xbeOD\
\x7f\x0e\xda\xebv\x22z\x88\x88\x0edLTP;P\
0\x05g\x8b\x9eu\x08\x1d&\x12\x22\xda\x01\xe0\xed@\
\xd8;[k=:\x98S\xa3D\xb4\x0a\x80\xab\xb5\xbe\
\x94\x99\xbfAD1\x22\xaa\x09:\xd5\x0b\x04C\x05\xe0\
k\xcc|\x0a3\x0fg\xe6\xd9\xcc\x5c\xf6Ak\x22z\
\x8f\x99\x97\x07s\xf6&\x00\x1f\x94\xeag\x98y+\x80\
0\x80\x11\xcc\xfc\xf9\x22\x01\xf0`H\x05#\x7fP\xc0\
I\xa6\x07S\x1a\x02\x22\xb2\x00|\x16\xc0\x97\x83\xcfl\
f\xbe(\x10<\xdf\x01p\x063\x9f\x1f\xd4o:3\
_\xcc\x5c\xf6\x15%\xa9\x80;N`\xe6i\xcc<\x82\
\x99\xbf\xc2\xccW\x06\x5c\xf9`\xd8\x15p\xa0\x11\x81\x00\
\x5c6:C$\x1a\xc0\x9d\x00^\x0d:h&\x80\x10\
\x11\xdd\x0e`Y@\xbd\xef\x01\x880\xf3%\xcc\x9c\x00\
\xf0G\x00o\x06\xf3\xee/\x824.\x04p\x05\x80\xa5\
DTOD\xf5\x81\x10\xf8\x0e3\x1f\xd0\x1f'\x11\xbd\
MD\x0b\x004\x07\x0a\xb3y\x81,\xf1t0U\x00\
\xc0\x12\x00\xcb\x99\xd9%\xa2\x07\x83\x11\x7fb\xd0\xd9O\
\x03x*\x98\x16?\x09\x04\xdaME\xdc\xe5\xb9\x80S\
\xa6\x88hn0\xd7O\x0dX\xf8\x13\x01\xbbw\x82\xa9\
\xe7y\x22\xfaw\x00?\x09\x06\xcd5\xc1\x94pOP\
\xcf\x93\x82\xfa\x1d\x07`-\x11\xb9\xcc\xbc!\xc8c{\
\xd0N;\x03N\xbb\x09\x00\x13Q&\xf8\xbd>\x98N\
n\x0b~\x9f\x14p\xe3nD\xb4\x94\x88\xb2\x01W\x9c\
\x1f\xc8Q\x08d\x90\x05\x00\xd6\x06\x03\xf2>\x00\xaf\x07\
\xc4\xdc\xa1\xeb\xed;\xbc\x04\x86?B\x053\x87\x89\xc8\
\x08\xd8\x9b&\xa2l\x91\x06V\x06#\xb80\x1d\xe5\x0b\
\x1aPf\xb6\x989T\xa4\xc7\xc8\x04\xd3\x97\x08\xe2x\
miK\x83e\x9e\x01 CD:H\xcb\x06\xe0\x04\
\x1a`\x0eF\x8d&\xa2\x5c\xe1wPN\x00P\xcc\xcc\
A#\xcb\xa0\x0e\xc5\xe5\x8e\x05\x9dW\xfc^\x06\xc2r\
aJ\x1a\x0c\xe0\x7f\x82)\xec\xfe@iws \xc3\
|\x93\x88\xd6\x05r\x8f\x19\xb4\x8d\x22\xa2L\x10\xd7\x0a\
\xb8P> \x9a\x82\xe9~\xe1\xb7\x08\xa6n\x87\x88\x9c\
@\x93\x1d)jgEDi\x22\xd2Zk\x9b\x88\xcc\
\xa2\xb6\x90\x00\xc2\xc1\xe0p\x00\x88 \xae\x08d\xbc\xb2\
-\xd4:E$\xff\x97\xc1\xcc\x11f\xbe\x8e\x88.\x0a\
8\x9e\x1dL\x0d\xbf'\xa2\x05Dt\xcc\x96\xe1\x18\x8e\
\xe1\x18\x8e\xe1\x18\x8e\xe1\x18\x8e\xe1\x18\x8e\xe1\x18\x8e\xe1\
\x18\x8e\xe1\x1f\x0b\xff\x1fp\x10?\xc6\xad\xc4\xa0\xc2\x00\
\x00\x00\x00IEND\xaeB`\x82\
\x00\x00)B\
\x89\
PNG\x0d\x0a\x1a\x0a\x00\x00\x00\x0dIHDR\x00\
\x00\x00h\x00\x00\x00~\x08\x06\x00\x00\x00\xc8\x93T'\
\x00\x00\x00\x09pHYs\x00\x00\x0fa\x00\x00\x0fa\
\x01\xa8?\xa7i\x00\x00\x0aOiCCPPho\
toshop ICC profi\
le\x00\x00x\xda\x9dSgTS\xe9\x16=\xf7\xde\
\xf4BK\x88\x80\x94KoR\x15\x08 RB\x8b\x80\
\x14\x91&*!\x09\x10J\x88!\xa1\xd9\x15Q\xc1\x11\
EE\x04\x1b\xc8\xa0\x88\x03\x8e\x8e\x80\x8c\x15Q,\x0c\
\x8a\x0a\xd8\x07\xe4!\xa2\x8e\x83\xa3\x88\x8a\xca\xfb\xe1{\
\xa3k\xd6\xbc\xf7\xe6\xcd\xfe\xb5\xd7>\xe7\xac\xf3\x9d\xb3\
\xcf\x07\xc0\x08\x0c\x96H3Q5\x80\x0c\xa9B\x1e\x11\
\xe0\x83\xc7\xc4\xc6\xe1\xe4.@\x81\x0a$p\x00\x10\x08\
\xb3d!s\xfd#\x01\x00\xf8~<<+\x22\xc0\x07\
\xbe\x00\x01x\xd3\x0b\x08\x00\xc0M\x9b\xc00\x1c\x87\xff\
\x0f\xeaB\x99\x5c\x01\x80\x84\x01\xc0t\x918K\x08\x80\
\x14\x00@z\x8eB\xa6\x00@F\x01\x80\x9d\x98&S\
\x00\xa0\x04\x00`\xcbcb\xe3\x00P-\x00`'\x7f\
\xe6\xd3\x00\x80\x9d\xf8\x99{\x01\x00[\x94!\x15\x01\xa0\
\x91\x00 \x13e\x88D\x00h;\x00\xac\xcfV\x8aE\
\x00X0\x00\x14fK\xc49\x00\xd8-\x000IW\
fH\x00\xb0\xb7\x00\xc0\xce\x10\x0b\xb2\x00\x08\x0c\x000\
Q\x88\x85)\x00\x04{\x00`\xc8##x\x00\x84\x99\
\x00\x14F\xf2W<\xf1+\xae\x10\xe7*\x00\x00x\x99\
\xb2<\xb9$9E\x81[\x08-q\x07WW.\x1e\
(\xceI\x17+\x146a\x02a\x9a@.\xc2y\x99\
\x192\x814\x0f\xe0\xf3\xcc\x00\x00\xa0\x91\x15\x11\xe0\x83\
\xf3\xfdx\xce\x0e\xae\xce\xce6\x8e\xb6\x0e_-\xea\xbf\
\x06\xff\x22bb\xe3\xfe\xe5\xcf\xabp@\x00\x00\xe1t\
~\xd1\xfe,/\xb3\x1a\x80;\x06\x80m\xfe\xa2%\xee\
\x04h^\x0b\xa0u\xf7\x8bf\xb2\x0f@\xb5\x00\xa0\xe9\
\xdaW\xf3p\xf8~<<E\xa1\x90\xb9\xd9\xd9\xe5\xe4\
\xe4\xd8J\xc4B[a\xcaW}\xfeg\xc2_\xc0W\
\xfdl\xf9~<\xfc\xf7\xf5\xe0\xbe\xe2$\x812]\x81\
G\x04\xf8\xe0\xc2\xcc\xf4L\xa5\x1c\xcf\x92\x09\x84b\xdc\
\xe6\x8fG\xfc\xb7\x0b\xff\xfc\x1d\xd3\x22\xc4Ib\xb9X\
*\x14\xe3Q\x12q\x8eD\x9a\x8c\xf32\xa5\x22\x89B\
\x92)\xc5%\xd2\xffd\xe2\xdf,\xfb\x03>\xdf5\x00\
\xb0j>\x01{\x91-\xa8]c\x03\xf6K'\x10X\
t\xc0\xe2\xf7\x00\x00\xf2\xbbo\xc1\xd4(\x08\x03\x80h\
\x83\xe1\xcfw\xff\xef?\xfdG\xa0%\x00\x80fI\x92\
q\x00\x00^D$.T\xca\xb3?\xc7\x08\x00\x00D\
\xa0\x81*\xb0A\x1b\xf4\xc1\x18,\xc0\x06\x1c\xc1\x05\xdc\
\xc1\x0b\xfc`6\x84B$\xc4\xc2B\x10B\x0ad\x80\
\x1cr`)\xac\x82B(\x86\xcd\xb0\x1d*`/\xd4\
@\x1d4\xc0Qh\x86\x93p\x0e.\xc2U\xb8\x0e=\
p\x0f\xfaa\x08\x9e\xc1(\xbc\x81\x09\x04A\xc8\x08\x13\
a!\xda\x88\x01b\x8aX#\x8e\x08\x17\x99\x85\xf8!\
\xc1H\x04\x12\x8b$ \xc9\x88\x14Q\x22K\x915H\
1R\x8aT UH\x1d\xf2=r\x029\x87\x5cF\
\xba\x91;\xc8\x002\x82\xfc\x86\xbcG1\x94\x81\xb2Q\
=\xd4\x0c\xb5C\xb9\xa87\x1a\x84F\xa2\x0b\xd0dt\
1\x9a\x8f\x16\xa0\x9b\xd0r\xb4\x1a=\x8c6\xa1\xe7\xd0\
\xabh\x0f\xda\x8f>C\xc70\xc0\xe8\x18\x073\xc4l\
0.\xc6\xc3B\xb18,\x09\x93c\xcb\xb1\x22\xac\x0c\
\xab\xc6\x1a\xb0V\xac\x03\xbb\x89\xf5c\xcf\xb1w\x04\x12\
\x81E\xc0\x096\x04wB a\x1eAHXLX\
N\xd8H\xa8 \x1c$4\x11\xda\x097\x09\x03\x84Q\
\xc2'\x22\x93\xa8K\xb4&\xba\x11\xf9\xc4\x18b21\
\x87XH,#\xd6\x12\x8f\x13/\x10{\x88C\xc47\
$\x12\x89C2'\xb9\x90\x02I\xb1\xa4T\xd2\x12\xd2\
F\xd2nR#\xe9,\xa9\x9b4H\x1a#\x93\xc9\xda\
dk\xb2\x079\x94, +\xc8\x85\xe4\x9d\xe4\xc3\xe4\
3\xe4\x1b\xe4!\xf2[\x0a\x9db@q\xa4\xf8S\xe2\
(R\xcajJ\x19\xe5\x10\xe54\xe5\x06e\x982A\
U\xa3\x9aR\xdd\xa8\xa1T\x115\x8fZB\xad\xa1\xb6\
R\xafQ\x87\xa8\x134u\x9a9\xcd\x83\x16IK\xa5\
\xad\xa2\x95\xd3\x1ah\x17h\xf7i\xaf\xe8t\xba\x11\xdd\
\x95\x1eN\x97\xd0W\xd2\xcb\xe9G\xe8\x97\xe8\x03\xf4w\
\x0c\x0d\x86\x15\x83\xc7\x88g(\x19\x9b\x18\x07\x18g\x19\
w\x18\xaf\x98L\xa6\x19\xd3\x8b\x19\xc7T071\xeb\
\x98\xe7\x99\x0f\x99oUX*\xb6*|\x15\x91\xca\x0a\
\x95J\x95&\x95\x1b*/T\xa9\xaa\xa6\xaa\xde\xaa\x0b\
U\xf3U\xcbT\x8f\xa9^S}\xaeFU3S\xe3\
\xa9\x09\xd4\x96\xabU\xaa\x9dP\xebS\x1bSg\xa9;\
\xa8\x87\xaag\xa8oT?\xa4~Y\xfd\x89\x06Y\xc3\
L\xc3OC\xa4Q\xa0\xb1_\xe3\xbc\xc6 \x0bc\x19\
\xb3x,!k\x0d\xab\x86u\x815\xc4&\xb1\xcd\xd9\
|v*\xbb\x98\xfd\x1d\xbb\x8b=\xaa\xa9\xa19C3\
J3W\xb3R\xf3\x94f?\x07\xe3\x98q\xf8\x9ct\
N\x09\xe7(\xa7\x97\xf3~\x8a\xde\x14\xef)\xe2)\x1b\
\xa64L\xb91e\x5ck\xaa\x96\x97\x96X\xabH\xab\
Q\xabG\xeb\xbd6\xae\xed\xa7\x9d\xa6\xbdE\xbbY\xfb\
\x81\x0eA\xc7J'\x5c'Gg\x8f\xce\x05\x9d\xe7S\
\xd9S\xdd\xa7\x0a\xa7\x16M=:\xf5\xae.\xaak\xa5\
\x1b\xa1\xbbDw\xbfn\xa7\xee\x98\x9e\xbe^\x80\x9eL\
o\xa7\xdey\xbd\xe7\xfa\x1c}/\xfdT\xfdm\xfa\xa7\
\xf5G\x0cX\x06\xb3\x0c$\x06\xdb\x0c\xce\x18<\xc55\
qo<\x1d/\xc7\xdb\xf1QC]\xc3@C\xa5a\
\x95a\x97\xe1\x84\x91\xb9\xd1<\xa3\xd5F\x8dF\x0f\x8c\
i\xc6\x5c\xe3$\xe3m\xc6m\xc6\xa3&\x06&!&\
KM\xeaM\xee\x9aRM\xb9\xa6)\xa6;L;L\
\xc7\xcd\xcc\xcd\xa2\xcd\xd6\x995\x9b=1\xd72\xe7\x9b\
\xe7\x9b\xd7\x9b\xdf\xb7`ZxZ,\xb6\xa8\xb6\xb8e\
I\xb2\xe4Z\xa6Y\xee\xb6\xbcn\x85Z9Y\xa5X\
UZ]\xb3F\xad\x9d\xad%\xd6\xbb\xad\xbb\xa7\x11\xa7\
\xb9N\x93N\xab\x9e\xd6g\xc3\xb0\xf1\xb6\xc9\xb6\xa9\xb7\
\x19\xb0\xe5\xd8\x06\xdb\xae\xb6m\xb6}agb\x17g\
\xb7\xc5\xae\xc3\xee\x93\xbd\x93}\xba}\x8d\xfd=\x07\x0d\
\x87\xd9\x0e\xab\x1dZ\x1d~s\xb4r\x14:V:\xde\
\x9a\xce\x9c\xee?}\xc5\xf4\x96\xe9/gX\xcf\x10\xcf\
\xd83\xe3\xb6\x13\xcb)\xc4i\x9dS\x9b\xd3Gg\x17\
g\xb9s\x83\xf3\x88\x8b\x89K\x82\xcb.\x97>.\x9b\
\x1b\xc6\xdd\xc8\xbd\xe4Jt\xf5q]\xe1z\xd2\xf5\x9d\
\x9b\xb3\x9b\xc2\xed\xa8\xdb\xaf\xee6\xeei\xee\x87\xdc\x9f\
\xcc4\x9f)\x9eY3s\xd0\xc3\xc8C\xe0Q\xe5\xd1\
?\x0b\x9f\x950k\xdf\xac~OCO\x81g\xb5\xe7\
#/c/\x91W\xad\xd7\xb0\xb7\xa5w\xaa\xf7a\xef\
\x17>\xf6>r\x9f\xe3>\xe3<7\xde2\xdeY_\
\xcc7\xc0\xb7\xc8\xb7\xcbO\xc3o\x9e_\x85\xdfC\x7f\
#\xffd\xffz\xff\xd1\x00\xa7\x80%\x01g\x03\x89\x81\
A\x81[\x02\xfb\xf8z|!\xbf\x8e?:\xdbe\xf6\
\xb2\xd9\xedA\x8c\xa0\xb9A\x15A\x8f\x82\xad\x82\xe5\xc1\
\xad!h\xc8\xec\x90\xad!\xf7\xe7\x98\xce\x91\xcei\x0e\
\x85P~\xe8\xd6\xd0\x07a\xe6a\x8b\xc3~\x0c'\x85\
\x87\x85W\x86?\x8ep\x88X\x1a\xd11\x975w\xd1\
\xdcCs\xdfD\xfaD\x96D\xde\x9bg1O9\xaf\
-J5*>\xaa.j<\xda7\xba4\xba?\xc6\
.fY\xcc\xd5X\x9dXIlK\x1c9.*\xae\
6nl\xbe\xdf\xfc\xed\xf3\x87\xe2\x9d\xe2\x0b\xe3{\x17\
\x98/\xc8]py\xa1\xce\xc2\xf4\x85\xa7\x16\xa9.\x12\
,:\x96@L\x88N8\x94\xf0A\x10*\xa8\x16\x8c\
%\xf2\x13w%\x8e\x0ay\xc2\x1d\xc2g\x22/\xd16\
\xd1\x88\xd8C\x5c*\x1eN\xf2H*Mz\x92\xec\x91\
\xbc5y$\xc53\xa5,\xe5\xb9\x84'\xa9\x90\xbcL\
\x0dL\xdd\x9b:\x9e\x16\x9av m2=:\xbd1\
\x83\x92\x91\x90qB\xaa!M\x93\xb6g\xeag\xe6f\
v\xcb\xace\x85\xb2\xfe\xc5n\x8b\xb7/\x1e\x95\x07\xc9\
k\xb3\x90\xac\x05Y-\x0a\xb6B\xa6\xe8TZ(\xd7\
*\x07\xb2geWf\xbf\xcd\x89\xca9\x96\xab\x9e+\
\xcd\xed\xcc\xb3\xca\xdb\x907\x9c\xef\x9f\xff\xed\x12\xc2\x12\
\xe1\x92\xb6\xa5\x86KW-\x1dX\xe6\xbd\xacj9\xb2\
<qy\xdb\x0a\xe3\x15\x05+\x86V\x06\xac<\xb8\x8a\
\xb6*m\xd5O\xab\xedW\x97\xae~\xbd&zMk\
\x81^\xc1\xca\x82\xc1\xb5\x01k\xeb\x0bU\x0a\xe5\x85}\
\xeb\xdc\xd7\xed]OX/Y\xdf\xb5a\xfa\x86\x9d\x1b\
>\x15\x89\x8a\xae\x14\xdb\x17\x97\x15\x7f\xd8(\xdcx\xe5\
\x1b\x87o\xca\xbf\x99\xdc\x94\xb4\xa9\xab\xc4\xb9d\xcff\
\xd2f\xe9\xe6\xde-\x9e[\x0e\x96\xaa\x97\xe6\x97\x0en\
\x0d\xd9\xda\xb4\x0d\xdfV\xb4\xed\xf5\xf6E\xdb/\x97\xcd\
(\xdb\xbb\x83\xb6C\xb9\xa3\xbf<\xb8\xbce\xa7\xc9\xce\
\xcd;?T\xa4T\xf4T\xfaT6\xee\xd2\xdd\xb5a\
\xd7\xf8n\xd1\xee\x1b{\xbc\xf64\xec\xd5\xdb[\xbc\xf7\
\xfd>\xc9\xbe\xdbU\x01UM\xd5f\xd5e\xfbI\xfb\
\xb3\xf7?\xae\x89\xaa\xe9\xf8\x96\xfbm]\xadNmq\
\xed\xc7\x03\xd2\x03\xfd\x07#\x0e\xb6\xd7\xb9\xd4\xd5\x1d\xd2\
=TR\x8f\xd6+\xebG\x0e\xc7\x1f\xbe\xfe\x9d\xefw\
-\x0d6\x0dU\x8d\x9c\xc6\xe2#pDy\xe4\xe9\xf7\
\x09\xdf\xf7\x1e\x0d:\xdav\x8c{\xac\xe1\x07\xd3\x1fv\
\x1dg\x1d/jB\x9a\xf2\x9aF\x9bS\x9a\xfb[b\
[\xbaO\xcc>\xd1\xd6\xea\xdez\xfcG\xdb\x1f\x0f\x9c\
4<YyJ\xf3T\xc9i\xda\xe9\x82\xd3\x93g\xf2\
\xcf\x8c\x9d\x95\x9d}~.\xf9\xdc`\xdb\xa2\xb6{\xe7\
c\xce\xdfj\x0fo\xef\xba\x10t\xe1\xd2E\xff\x8b\xe7\
;\xbc;\xce\x5c\xf2\xb8t\xf2\xb2\xdb\xe5\x13W\xb8W\
\x9a\xaf:_m\xeat\xea<\xfe\x93\xd3O\xc7\xbb\x9c\
\xbb\x9a\xae\xb9\x5ck\xb9\xeez\xbd\xb5{f\xf7\xe9\x1b\
\x9e7\xce\xdd\xf4\xbdy\xf1\x16\xff\xd6\xd5\x9e9=\xdd\
\xbd\xf3zo\xf7\xc5\xf7\xf5\xdf\x16\xdd~r'\xfd\xce\
\xcb\xbb\xd9w'\xee\xad\xbcO\xbc_\xf4@\xedA\xd9\
C\xdd\x87\xd5?[\xfe\xdc\xd8\xef\xdc\x7fj\xc0w\xa0\
\xf3\xd1\xdcG\xf7\x06\x85\x83\xcf\xfe\x91\xf5\x8f\x0fC\x05\
\x8f\x99\x8f\xcb\x86\x0d\x86\xeb\x9e8>99\xe2?r\
\xfd\xe9\xfc\xa7C\xcfd\xcf&\x9e\x17\xfe\xa2\xfe\xcb\xae\
\x17\x16/~\xf8\xd5\xeb\xd7\xce\xd1\x98\xd1\xa1\x97\xf2\x97\
\x93\xbfm|\xa5\xfd\xea\xc0\xeb\x19\xaf\xdb\xc6\xc2\xc6\x1e\
\xbe\xc9x31^\xf4V\xfb\xed\xc1w\xdcw\x1d\xef\
\xa3\xdf\x0fO\xe4| \x7f(\xffh\xf9\xb1\xf5S\xd0\
\xa7\xfb\x93\x19\x93\x93\xff\x04\x03\x98\xf3\xfcc3-\xdb\
\x00\x00\x00 cHRM\x00\x00z%\x00\x00\x80\x83\
\x00\x00\xf9\xff\x00\x00\x80\xe9\x00\x00u0\x00\x00\xea`\
\x00\x00:\x98\x00\x00\x17o\x92_\xc5F\x00\x00\x1em\
IDATx\xda\xec]y|\x14E\xda~\xaa{\
z\x8e\x1c3!!\x109\x93\xe1R\x14\x04\x01\x19E\
$\x88++*\xe0\xed\xae\x07\xe2\xc9\xe1\x01.^\xf0\
\xb9\xe8.\x8a\xeb\x01x\xac\xa2\xae\xe2\xb1^\x9f\x8b\xa0\
\x88,\xa2\x12\x90c\xb8\x13\x82A LB\xeek2\
\xd33\x93\xb9\xbb\xfa\xfb\xa3\xabC3\x1b\x92 I\x0c\
\xfb\xcd\x9b\xdf\xfc\xa6{\xba\xba\xbb\xaa\x9ez\xdfz\xea\
\xad\xb7*\x04\xcd\x08\xb5[\xbb\x02x\x0c\xc0d\x00Y\
\x00\xf4\x88K{H\x08@\x11\x80\xd5\x00^\xe6l\x8e\
:\xf5\x02i\x06\x9c\x91\x00\xbe\x01\xd0=^\x7f\x1d*\
\x15\x00&s6\xc7\x9e\x93\x02D\xed\xd6t\x00?\x03\
H\x07\x90\x03`>\x80=\x9c\xcd\x11n\x22m\xbcJ\
OC8\x9b\x03\xd4n5\x00\x18\x01`1\x80K\x19\
HC9\x9b\xc3\xc9\x9d\xe4\xbey\x1ap.\xe7l\x8e\
\xedM\x81\x13\x976\x03)\xc4\xd9\x1c\xdb\x00\x5c\x0e`\
\x0b\x80\x1e\x00\x1e\x01\x80\x93\x01t\x1d\xfb\x9e\xcf\xd9\x1c\
R\xbc\x0a;\x0c\xa8\x08\x80\x05\xec\xf4\xfa\xe6\x00\xea\xcb\
\xbe\xf7\xc4\xab\xad\xc3e'\xfb\xb66\x07\x90\xc0\x10\x8d\
\x9b\xb5\x8e\xd7\xa2\xe0\x09\x18\xc4\xab\xa4\x93\x03\x16\xaf\x82\
8@q\x89\x03\x14\x07(.q\x80\xe2\x12\x07(\x0e\
P\x5c\xe2\x00\xc5\x01\x8aKg\x12\xdd\x99\x9c\xf9\xa3\x15\
\x11\x93%\x99\x1bM%\x8c\x020\x98\xe7\x91\xc5\x11\x92\
\xca\xf3H\x06 \xc82\xa8D\xe1\x97$Y\x0c\x85\xe5\
\x8a@H>\xe2\xf2\xd0\xfc\x03\x8e\xf0\x8e{\x16\xd5\x1e\
\x03\x10\xa1v+\x8d\x03\xd4\x86\xe2\xf4\xd1!RT\x1e\
\xad\xd3\x91\xa9gu\xd5\xd9x\x0ei-\xdfE\x80D\
\xe5\xa8O\x060\xa4\xbf^\x9atqBAymt\
\xdd\xd7[\xfc9w\xff\xb5v\x8bS\x94\xfc\xd4n\x95\
\xe2\x00\xfdJq5\xd0\x07u<\xeeI2\x92\xa1\xcd\
L\x04#*\xc9r0,SI\x82\xccs z\x81\
\x10\x83\x9ep\x90\x8f\xa7\xe19\xf0]\xcc\xdc\x90.f\
\xfd\x90\xf3\xfa\xe1\xb1\xc3+{\xd7\x94\xd5D\xd7\xde\xfd\
l\xed\x8b+\xd6x\x8b\x01\x04\xa9\xdd*\xc7\x01jA\
\x82Q\xd9\xe0\x0f\xcaw\x09:\xccM0\x90\x01\xdak\
\x12\x85\x5cZ\x1d\x0d\x16WD\xc2\xf9\x85ao^a\
\xd8]Q+y\x8a\xca#\x1eO\x03\xf5\x85#\x08\x09\
:\xc8\x89&N\xc8\xea\xa93\xf7L\xd7%\x9f\xd7O\
\x9fv^?\xa1KV\x0f!\xf9\xac\xae\xbc\xc1\x9c\xc8\
\xe9\x00 \xd1H\xba\x0d\xec#L_\xfaH\xda-3\
\xae3\xaf\x5c\xf3\x93\xff5\xce\xe68\xc0\x80\xfaMM\
\xe0\xc9\xa6\xbce\x00\xe0l\x0e\xd2\xd2\x03\xdak\xca\xdb\
\xed\xa7w\xeau\xe4y\x9e;1&b\x7fa\xd8\xb7\
jcC\xfd\xe7\x1b|\xc7\x8a*\xa2\xe5\x00\xea\x018\
\x01\xd4\xb2c\x11@\x03\x94@\x0c\x89\x11!=\x80\x04\
\x00f\x00]\x00\xa4\xa7Z\xb8\xee\xd3\xaeJ\x1er\xd5\
\x98\x84A\x97\x0c3\x9e\xf0\x0eI\x02\xcd;\x12\xfa\xf4\
\xe2\xbb+\xe6\x03\xa8\xa6vk\xa8\xddX\x9a\xcd\xd1l\
\xfdw:\x80\x9c>\x9a!\xf0x^/\x90i\xda\x97\
o\xde\x17\x14\xdf\xfb\xda[\xf5\xf9\x06\xdf/\x00\x8e\x02\
8\x04\xa0\x98\x01\xd3\xc0>\x01\x06L\x84\x81#\xb3F\
\xc81ka\x00`b`%0\xb0\xfa^7>1\
\xfb\xf6II\xe3/\xbd\xc0\xd4'\xd1Hx\xf5\x9de\
\xd5\xd1\xa2\xd5\x9b\xfc\xcf\xcc{\xc5\xf9\x15\x00o{\xf4\
Qg\x14@\xf5>:\xc5d \x1fq\x04\xc9\xeao\
\xeb\xb6\xf9\xeb\xff\xf2\x0f\xd7\xb1\xdc\xc3\xe1#\x00\x0eC\
\x09f9\x04\xa0\x92iK(\xd6\x0cU\xbbh/\x83\
\x9e\x5c\x9f{8d\xbflfE>K#\xc5T\x0c\
\x812)f\x86\x12\xb9\xd4\xcf\xdaS\x189\x7fz\xca\
\x94\xdb\xaeL\x1a\xaaM\xfb\xd3\xbe\xe0\xa7\xbf{\xa0r\
\x01\x80\x8a\xb6\xd6\xa6\x96\x00\xea4}\x90\x18\xa0\xf3\x12\
\x8c\xe4E\xb5E\xb8<4\xfc\xe2?\xdd\x95K?\x11\
\xf3\xa1L\xbd\xef\x01P\x08\xa0\x1a\x80\x87\xda\xad\xd1\x93\
v\xac<\xceM4\x92e\xd1\xa8\xfc&\x80\xe5\xec>\
\x7f\x13\x95\x10\x06P\xc7\xd9\x1c.\x00\xa5\x8e\xf2\xc8\x81\
{\x16\xd5\xe6\xec*\x08]\xff\xc0M\xe6[\x06\xf4\x16\
R\x01`\xecp\xe3\x1f\xb6\xfc\xa3G\xe6%\xf7T\xdc\
\xc7\xd9\x1cG\xa9\xdd\x1a\xf8\x7f5P\xf5\x06\xe9\xfb\x06\
\xe188\xdf\xed\x08\xb8\x06\xdfT\xbak\xe9'\xe2z\
\x00\xab\x00\xac\x84\x12at\x98\xda\xad\xf5\xcd\x81S\xed\
\xa2\xe6PX\xee\x07\x00n/\x1d\x92\xd5C\x18\x09 \
\xb99k@\xedV\x89\xda\xad\x1e(\xc1\x83\xdb\xdf\xfa\
\xd2\xb3d\xc8-e\xf7}\xbc\xce\xb7EM3\xf2\x1c\
\xc3E\xc5_\xf7\xf9.\xbd\x0b?\x8c\xb39\x92\xfe\xdf\
\x90\x041@\x97\x18\x052W=\xff\xfb\x17\x9e\xcay\
\xaf8\xf3\x00l\x07\xf0\x13\x80_\x00\xd4Q\xbb5\xf2\
\x1f\xfd\x95W\xea*Q\x0c&\x80M\xa7#\xd9\x02O\
\xfa\x09<\xe9\xc9qHP\xcb\x16\x8a\xc8\xe1\xa8\x84\xfa\
pD.\xf2\xf8hn\xa53\xfaSy\x8d\x94\xf7\xc7\
\xa7\xaa\x8f\x9el\xa0\xca\xd9\x1c<3}\xfd\x9e\x9f\x9d\
\xf6\xe0\x83\xb7\x98o\xe79\xe5y\x87K\x22\xc7\xc6\xdd\
Wq\xbb\xcbK\xf7R\xbb\xb5\xe1\xbf\xba\x0f\xf2\x04\xe8\
{\x06\x81LW\xcf\xef{\xae\xd6\xf1\xd1\xb7\xbe\x5c\x00\
\x9b\x98\xc6\x14\x02\x08\xc4\x8eID?\x1d\xc3q\x98'\
\xf0d\x22\xc7\xc1t\xbc\xb5\x91V\xbdW\x96!\xbb\xbc\
\xf4\xe7\xbc\xc3\xa1w~\xffp\xe5\xc7\x00\xc4\xa6\xb4\x92\
\xb39\x0c\x00z_}I\xc2u\xffx*\xfd\xe9\x94\
$\xce\x04\x00\xd5N\xa9\xb6\xef\xe4\x92\xa9\x00\xf6S\xbb\
\xd5\xf7_\x09\x90\x18\xa03\x8d\x02yC=\x7f\xe0\x85\
\xba\xa2w\xbf\xf6\xee\x02\xb0\x9eiNIl\x87,6\
\xc8\xa38^~\xda \x90I\xb1\xcf\x93(d\xa7\x8b\
\x86=~J\x83!YV\x11\xd5\xeb\x08IJ \x5c\
\xaa\x99\xd7%h\x18\x9a*5\xae\xe8\xd1\xcd\xfb\x82/\
\xdf\xfaT\xcd\xe7\x0c\xa8X2!\x00\xe8v\xfb\x95\xc9\
S\xff\xfex\xd7ezA\x19;n\xcd\x0b\xee\x9f0\
\xab\xf2^\x00\xf9\xa7\xd3'uJ\x80\xdc~:\xce\xa8\
'9\xea\xc3g,\xaes|\xb0\xd6\xbb\x1b\xc0:\xa6\
9e\xb1-:\x10\x96\xff\xa5\xe3\xc9\xf5\xb2\xc6% \
Q\xc8k~jp\xff\xb8+\xe8\xfc\xce\xee/+\xa9\
\x8eVQ\x0a/\xa3\xdb'\xd0\xec\xeei|\xf2\xc4\xd1\
\x09\x99\xbf\x1bm\xb2^aK\xe8\x99\x92\xc4\x09\x00\xa0\
>\xcf)JE/\xffS\x9c\xb5\xe4\x13q;\xa3\xd4\
TS\x89\x1c\x80\xb4\xc9\x97&N\xfetQ\xb7\xb7u\
<\xe1d\xc8\xf8v\xab\x7f\xd3u\x8fU?\x04\xe0\xd0\
\xafew\x9d\x0e\xa0\xb2\xbahR\x9a\x85\xaf\xe6\x08\x12\
\x00`\xc5\x1ao\xf5\xac\xbf\xd5m\x87\x12\xa8\xff\xe3[\
O\xa6\xd7]5&!\xa1\xd7\xd5\xc7\xea\x00P\xf7\x8f\
Y\xa3\x05\x1d\xde\xd5\xf1d\xb0Z\x99UN)\xf4\xf9\
\x06\x9f\xf3\x9d\xd5\xdec\x85\xa5\x91\xa3\xcc\x14\x16A\x89\
iv3vF\x19@\xd0\x8c\x83\xcc\x002\xd2\xbb\xf0\
\x03\x1f\xbc\xc9r\xc5\xf5\xe3\x13\xcf\xef\xdf[HV\x9f\
\x1b\x95d\xe9\xabM\xfeWn}\xaaf\x09\x80\x9a\xe0\
\xd6,RY+%gM-q\xb3\xe7\xa4\xbe\xf9D\
\xfa\xa3w]\x93\xfc\xa8\x0a\xee}\xcf\xd5\xbd\xf4\xe1Z\
\xef\x1bL\xe3\xa5\xb6\x06\xa8\xc3i\xb69\x91{[\x05\
\xc7\x9e\x1f\xf4\xcc\xfa[\xdd~\x00\x9b\x99Y+\xbd\xed\
\xca\xa4ou<\xf9\xdd\x94q\x89c\x1f\xbd-\xc5b\
2\x90o\xb4\xf7?\xb5\xdcU\xfa\xd2?\xdd\xbf\xc82\
\x8e0\x02q\x08\xc01\xe6M\xf0\x01\x08\x9f\xa4\xe3'\
\x0c\xa4\xc4Z\x97\xb4\xf3\xcfo\xd5o\xfc\xf3[\xf5\x83\
f\xdfh\xb9\xe6/\xf7w\x99\x94h\x22\x82\x8e'\xfc\
\xf5\x97%>\xd2%9\xa3\xdf\xfb\xdfx\x17S\x8a\x95\
\x19i\xba\xb4.\xc9\xdc\x85./-\x01\xe0\x9c\xf9|\
\xed\xb2T3\xd7s\xea\xb8\xc4?\x12\x10<;\xb3\xcb\
\xac\x0f\xd7zw\xb01Y\xfd\x19\xcd\xe2\xc4\x00\xbd\xdc\
(\x90\x0d\x00\xe0i\xa0\x91\xac)%\xbb\xfdA\xf9{\
F\xa5\x0fR\xbb5x\xb4<:\xbfg7\xdd3\xe1\
\x88\x1c6\x19H\x82z\xef\xce\x82\x90\xe7\xa9\xe5\xf5\xc7\
r\xf6\x04\xf6\x03\xd8\x06`/\x80R\x00\xaeS\xf5\x99\
\xb1r\xe9\x01X\x00\xf4\x1a\xda_\x7f\xf1\xf3\x0f\xa4\xcd\
\x9e0\xcat\xb6\x9a&\x14\x91\x83\x06\x81\x18s\xf6\x04\
v]\xfdH\xd5?#Q\xf9[\xe6\xc1\xe0\x01\xf4q\
\xac\xea\xb3\xa1g7\x9d\x15\x00\xd6li\xd8w\xc3\xe3\
\xd5\xb3\x00\xe4R\xbb5\xd8\x96\x1a\xd4\xa1\xe3 \xbd\x8e\
\xacR\x8f\x17\xbe\xe5*\xf7\x07\xe5\x03\x9a\xf1M\x10\x00\
\x06\x5c_\xf2\xce\xd6\xbc\xc0\x1a-8\xeb\xed~\xd7\xd8\
{\xcbw\xe7\xec\x09\xac\x03\xf0\x05\x80\xb5\x00\xf6R\xbb\
\xb5\x9c\xda\xad\xfeSuhR\xbbU\xa6vk\x88\xda\
\xad5\x00\xf6\xef/\x0c\x7f1iN\xe5\xcc\x8f\xd6y\
\xff\xad\xa61\x08\xc4XX\x1a\x11'>Ty,\x12\
\x95e\xa6\x992\xeb\x1b\xcb^\xfaX|HM{\xf5\
%\x09\xc3\xb3z\xe8\xc6\x03\xe8\xde\x9aF\xdd)\x07\xaa\
\xf5>z\x0dG\x90\x04\x00\x05Ea\xff\xf2/=\x05\
\x00\xec\x00\x0a\xb4\xa3|\xc7\xaa>\x83/\x1ej\x9c\xa0\
\x9e\xbf\xb7\xc6\xeb\x9c\xfc\xa7\xaa\x9d\x00~\x04\xf0%\xa3\
\xe0e\xd4nm\x93\xb8qV\xe15\x00v\xde\xb3\xa8\
\xf6\xd17Wz>P\xafY{\x0a\xe6E3R\xb3\
\x98\xcf\xcf\xad\xb9'\xfc\xc6\xbf\xc4\x9f\xb6\xed\x0f~\xac\
\xd2\xfb\xe7f\xa7\xde\x0e`\x00\x00\xe3\x19\x09\x90QO\
\x96\xa8\xc77\xcf\xaf9\x0c \x8f\xb9o\x9c\xdaqN\
\x8ft\xddJ\x1dO\xcc\x00\xf0\xc3\xae\x80{\xe6\xf3\xb5\
{\x188\xdf\xb0q\x87\xbb\xad\x9d\x96L3\xfc\x00\x0e\
\xcfYR\xb7\xe8\x93\xf5\xbe\x8f\x01\x80\xe3@\x1e\xbd=\
e\xc4D[\xc20\x00\x16\xc6\xe6T\xf1\x8d\x9fY\xb1\
\xc0\xeb\xa7\x22\x00\x5c\x97\x9dt\xce9\x99\xc2\x18\x00\x19\
m\xa9E\x1d\x02\x90\x18\xa0W\xf2\x1c\xfa3b \x16\
\x96F\x0a\x01\xec\x00P\xac\xf5\x10\xf8C\xf2\x0aB\x94\
\x19\xd2\x83\xc5\xe1\x86Is*\xf7AY\xd0\xf4\x1d\xa3\
\xb2\xed\xea\x03cZyl\xfa_j\x16\xee,\x08m\
V\x7f\x7fg~\xfac\xbd\xbb\xeb.b \x11\x96\x96\
\x02\xa8*\xaa\x88~\xa9\xa6{vV\xeamL\x8bL\
g\x14@<\xc1s\xea\xf1\xfbk}5\x8cy\x1d\x06\
\xe0m\xf4\xc7\x05\xe4\x09\x82\x8e\xdc\xa9\x9e\xdf\xf0D\xf5\
a\x00\xbb\x01l`\xe0\x04\xdb+\x7f\xa1\xa8,|\xbf\
;\xa0\xe3l\x0e\xc2\x1aL\xe9\xd8{\xcbg\xf8\x83\xb2\
\x0f\x00\xba\xa7\xf1I\x7f\x9d\x91:\x07\xc0@6e\xa1\
\x02\x1az\xf7k\xcf\xcb\xea\xf9Uc\x12\xfbwI\xe6\
F\xb6e_\xd4\xee\x00\xd5y\xa5n\x82\x8e\x0c\x03\x80\
z\x91F>\x5c\xeb=\xcc\xe8q\x8d\xb6s\xe79<\
\xa3\x1e\xbf\xf2\x99XUX\x1a9\xc8\xe8\xf7\xc1\xf6\xd4\
\x9cj\x97t\x9e\xa3<2\xf4\xd5\xcfD\x13\x00\x9e\x81\
\x14\x06P\xf4\xe6Jq\x8e\x9an\xa2-a\x84A \
\xa3\x80\x13c \x96\xaf\xf48\x8a+\xa3?\xa8\xe7\x97\
_h\xba\x04\xc0Y\x8c\xed\x9d\x01\x1a$\xc3\xa6\x1e~\
\xb4\xce\xeb\x94e\x94\x008\xc2\xc6\x0d\xca(\xdeC\x07\
\xe8t\x18#CFiu4\xf8\xd8k\xce\x9f\x19\x81\
\xc8\xd7jY;\x98\xde\x99\x12\x95\xa7\xdd\xf7\x5c]\xe0\
\x9b-\xfe\x04m\xa5R\xbb58\xff\x8d\xfaU?;\
\xc29\x00\x90j\xe6\xf4\x8bg\xa7\xfe\x01@_\xce\xe6\
\xd0nG\x10\xdc\xbc/\xf0J\xa3\x16]\x928\x08\xca\
\x1a\xd3\xc43\x02 \x8e#S\xd5\xe3O\xfe\xed+a\
\xe6\xad\x5c\xeb\xca\x11\x04,R\x8f\xdf\x5c\xe9\xa9\x01p\
\x90\x99\xb7\xaa\xf6\x8a\x09\xf0\x04\xe8\xb3\x81\xa0<\xf1\xa6\
'k6o\xcd\x0bZ\xd8\x98P\x8aq\xcc\x8a\xbb\x0a\
\x82\xaf\xaa'\xb7^\x99<\xb2K27\x1c@W-\
\xc1\xb8\xf7\xd9\xdaM\xc1\x88B\x16&\x8c4\xf5\x04\x90\
\x09 \xe5\x8c\x00\xc8 \xe0J\x00\xa8sI\xe1\xfd\x85\
\xe1R\xe6\x96qi\xa7\x0c\x8czr\x93z\xfe\xd9\x06\
\xdf1\x00\x07\x00\x14\xb5W,@CX\xb6\xebx2\
\xa7\xc7\x95\xc7>\xdb\xb6?(0\x0a\xeda\xfe;-\
i\x90\xee_\x5c\xf7\x83\xcb'\x1d\x03\x80\x94$N\x7f\
\xc3\x84\xa4\xdf\x03\xe8\xc5\xd9\x1cZ/LC $\x17\
\x01@\xb7T\xde0~\xa4i\x04\x80\xael\xda\xa2\xf3\
\x02T+J\x03t<\xc9\x00\x80\xf2:)\xcc\x5c!\
\xd5\xcc\x99\xa9\xba\xfe\xafP\x8f7\xee\x0ex\xcak\xa2\
\xaa\x09t\xb7u~\x8a\xab\xa3\x09\xbe\x10]'\xcb\xf2\
\xc0\xac)%O\x03\xe8\x06\xa0\x84}\x02'\x09\xb5j\
8R\x12\xf9@\xf5\xd7\x9d\xddW\xb0\x02\xe8\xa55a\
\xd4n\x95<>\xbaGM\x93}\x81\xe9l(\xd3\xe8\
\x86N\x0d\x90,\xe3b\xf5\xf8`Q8\xc04\xa7A\
k\xb6\xa2\x12\x06\xaa\xc7\x9foh\xa8\xd58=\xdbT\
{\x82QY\xe8\x9e\xcaW\xe9x\xf2{\xf3\xb8\xe2\xe7\
j]\x12\x07`?\xf3b4\x9c,\x0e\x8e\xda\xad\xd2\
\xbb_y?R\x9d\xa3\xc3\x06\x19\xba3\x12\x90t\xe2\
\xb4\x85\xb4U=\x1e\xda_\xdf\x9d\xf5CI\x9d\x1d\xa0\
\xc1\xaa\xc3\xaf\xa0(\xe2e\x1at\x02]\x16t\x18\xc6\
\xd2\xca?\xec\x0a\xa8\xdaS\xd7\x96\x81\x83\xae\x06z\x11\
\xa5(%@\xc2\xa5\xf7U\xbc\xc6\xbc\xda;\x98?\xaf\
E\x12\xf2\xfe7\xdeR\x97\x97\x16\x00\xc0\xd0\x01\x82%\
\xc1Hz\x02\xc7\x03[\x00\xa0\xce-\xe5\xab ft\
\xe5\x13\x99v&vj\x80\x08Q\xd6\xfa\x83\x00\x8e\xf2\
\x88\x9by\x9c\xfd'\xf6Qd(\x00\x14WF\x03\xa5\
\xd5\xd1*\x00e\xa7\xcb\xdc\xc4\x00\x9d\xe9\xf4\xd1\xcf\x7f\
)\x8d,\xc8-\x0c\xdf\x97` \xdbx\x0e\xdd/\x9b\
U\xf9\xde\xee\x82P\x08\xca^\x04y\xd4n\xf5\xb4\xb2\
!\x84=>\xba\x0b\x00\x92\x138\xdd\xa8\xc1\xc6\x81l\
\xd0\xda\xd8\xc7\xfcc\xb5\xf7PTR\xc6MI&N\
\x8d\x16:m\x13\xd7\xae\xd3\x0d\x1c\x87n\xeaq\x95S\
\xf2\xb1\x8e\xb8Q\x83\xcaj\xa3\x89i)|7\x00p\
\x94GBL\xc3\xea\xa1\xcc\xe7\xfc\x9a1W\xbaQO\
V\x19\x042\xc6(\x00Ig\xe9n\x02\x80`X\x0e\
\xcc[\xe6\xcc\xb1\xe7\x07\xc3\x00\xb62\xed\x11O\xc5\x15\
\xf4KI\xb8\x5c=\xcf\xec\xa1\xcb\xd8\xb4\x17]\x98G\
<\x00\x00\xdfl\xf1\xfb\xc3\x11\xd4\xe9x$\x19\x04B\
\x188B\xa7\xd6 \x8e#\x8df\xc0\xe5\xa1\x01\xa6=\
\x91\xe3&\x90\xa4\xe98\x92H@\xe0\xf1\xc9\x11\xd6G\
\x05~\xady\xe3\x08\x99\xa5\xe3\xc9\x98\xd8!\xfcO\xfb\
\x82\xe2\xbb_{\x9d\x0c\x98\x1d\xcc\xffwJ\xf4\x9d'\
\xa4Q\xabS\x9285JU\xaf\xed\xab$*{\x08\
\x08\xf4\x0a@\x02\x00\xd2\xa9\x01R5T\x96\x81HT\
\x96\x98f4R\xd9\xbe\x93\x8f5\xb6J\xaaP\xa0\x90\
\x16\xc0S\xf6\xa5\xc9\xf2\xb9\xe4D\x13\x0bB\x80\x91\xe7\
\x18\xd2\x98y-\x00P\xfb\xab\xc6V\x04\x8d\xe3\xb6:\
Q\x92\x18\x00|L\x03\x89\xb0\xf7\xaa\xd1\xac\xa4S\x9b\
8\x00\x94\xb0>\x88\xe7!3p\xe4j\x17\xed\xcds\
\xb8\xaanCf#\xcb\xa3T\x06\x8e\xc7\x11\xfc*\xf1\
\x07dg\xb2\xe988\xaaD\xa2\x8d\x8d1\xd2\x5cL\
]\x0b\xe6\xbaQf\xdfh\xeew\xd9\x08\xd35\x00\xfc\
\x9c\xcd\xf1\x1d\x94\x09CI\x05\x84\x1c\x8f\x85\xe8\xdc\x00\
I\x92\xecW\xf3hQ\x824\x08\x00\xc2s\xb8\xda\x92\
\xc4\xbd\xa1M\x9b`\xe4NK\x9bE?\xbd7%\x99\
\xbbF\x0b\x8e\x1a\x86\xf5\xea\xe7b\x15\xd3\xce\xe8\xaf6\
5\x844v\xf8\x17\x0c2t\x191\xc8x\xb3\xa3<\
r\x1e\x94\x10\xe4\x83\x00D\x9e#\x89\x00\x10\x91d\xb9\
MMP\xfb\x01t|\xb0\x99\x9e\xc2\xab\x9d&\xf7\xc5\
\x0f\xbe\xb5Q\x09\x8fl\xda\x1b\xe8\xff\xce\x82\xf4{\x92\
L\x9c>#\xad\xf1\xfa)\x8f\xbe=\x01\xfa\xb8QO\
\x9e\x8f\x05'\x18\x96\xe5\xb7Wyj_\xfe\xd8\xbd\x8b\
\xf9\xf5\x9c\xbf\xb6,\x82\xee8\xad\x9e\xf7\x8a\xb3\xa4\xac\
Z*\xaduI\x87\x00\xf4\x862\xa1'\xeax\xc5\x91\
\x1a\x0c\xc92N\x0cZ\xe9\x9c\x00\x05\xc3rc\x1f\xd3\
\xaf\x97`\x862O\x22\xcc~\xa1\xae\x1a\xc0\xd7\x00\xb2\
\x16\xcfN\xbb<\xc9\xc4\x0d<'K\x9f\x98h$)\
\x0dA\xf9\x94\xa8\xa97H?0\x08\xe4\x0e\xf5|\xd3\
\xde\xa0\xfb\xd1W\x9cE)\xc9\x9c\xaf\xa4**\x16W\
F+\x99_o\x87\xd6\xc5t\xaab4\x90s\x15S\
\x0c\xf9\xf5\xff\xf5\x1c\x812U\x9f\x0f%`\xc5_\xed\
\xa2\xbdR\xcd\x5c*\x00\xf8C2e\xdaJ;5@\
\xfe -T\x15bP_!\x85\x0d\xee\x0cl\x9cS\
\x02\xa0\x92Ry\x07\x80\x81\x89F\xc2g\x8f0\x0dX\
\xbb\xd5o\xe6l\x0e\xbe\xb5\xb3\xa6\xe5\xb5\xd2\xee\xac\xb3\
tw\xa8T}\xe2\x83\x95yP<\xe1\xb9\x0c\x10/\
\x1b[U\x9f\xce4y\x82\x91\xbbX\x19\xafE\x02\x00\
\xaa\xa0\x04\xae\xecf\xc4',\xcb\xf2\x85*\xe9\xaau\
I\x91XB\xd4)\x01\xaa\xa8\x93\xf6\xf6\xef\xa5\x0c\x05\
\x06g\x09)\x00R\x01\x18\x19\x8d\x8e\x00\x88\x14\x14G\
\x0e\xaa\xe9\xa7\x8cK\x1c\xb4v\xab?\x83\x8d\xc0=\xad\
y\xc7\xe0\x1bK?y\xeb\xc9\xaeY\xa3\xcf3\xde:\
u^\xd5!\xa6)k\xa0,SQ\xfb\x9d\xe8\xe9x\
&D%\xd02\x15\x00\xb6\xe6\x85<P\xd6$\xd5\xb0\
\x80{\xe6w\xa4\x17\xa9\xc7yGB>\xb0\x10\xb0N\
\x0d\xd0\x827\xeaw\xe4,\xef\x11\xe4y\x18{v\xd3\
\x99\xa0Lv%h\xd3T\xd7K{\x07\xf4V@\xbc\
\xfa\x92\x84\xbeP\xb6\x7fNi-@\x00<\xf7/\xae\
{\x8diMW\x06\xcc\x01j\xb7\x8amX\x94\x19\xea\
\xc1\xcf\x8e\xb0\x97i\x90\xef\xc4>\x8a\x5c\xaa\x1eo\xcf\
\x0f\xd51\x10\xfd\x9dz\x1c\xb4\xab \xd4P\xeb\x96v\
\x02@F\x1ao\xe8\xd5M\x97\x01 A;\x1d<a\
V\xc5\x16_\x80\x96\x03@\x9a\x85\xd7\xdfrE\xd2X\
\x00\xddZ\xeb\xaagS\xd4eP\x02K\xbej\xad\x7f\
\xad\xd5V\xc0\x19\xeda\x10\xc8\x0d\xea\xf9\xfa\xed\xfe*\
\xc6\xdcN\x04\x88\xc7\xd9\x8aY\x97\xa5\xefw\xfa\xcb\x9a\
\x02\xb1\xd3\x01D\xedV\xa9\xa26\xba\x8e\xb50r\xeb\
\xef\x93\xce\x05\x1a]$\x8d\x5c\x22\xefH\xf8\x1d\xf5\xe4\
\xe6\xcb\x93F@\x99\xf0J:\x85\xf7D\xa8\xddZ\xc7\
\xe2\xe4\xbcm9\xc9g\xd0\x93\xa9\x84(\x96fKn\
\xd0{\xb08R\xca\x00j\x5cz\xe2n\x90\xbb\xeb\x05\
\xd2K1\x81A\xaf?(\xd70\x80:\xb7\x06\x01\xc0\
\xd1\xb2\xe3\xf3\xf5\xb7MJ\x1a\xccL\x98E\x0b\xe25\
s+\x97\xfb\x02\xd4\x05\x00\x93\xc6$\xf4\x9e4&a\
\x1c\x94\xf0%\x1e\xbf\xb1\x98\x0c\xdc\xa3*}\x7f\xf4U\
\xa7\x03\x8a\xb7\xbd\x04\x9a\xe9\x10\x02<\xa8\x1e\x7f\xf1\x83\
\xaf\x9a]\xaf\xfd\xb5\x83\xe2\x0e\x05\xe8\xf6\x855\x07\xc2\
\x11\xd9\x0d\x00\x03z\x0b\xe6k\xc6&\xfeG\xe57\x04\
\xe5\xfa\xe2\x8ahc\xd4\xe9\xf2\xc7\xd3\xa7\x038\x171\
.\xfd\x8e\x16_\x90\xbe\xces\xc8\x04\x80\xdd\x07C\xde\
}\x87\xc2\x85\x8c\x1d\x9e0\x15o\xd4\x93F\x806\xec\
\x0cT\x00p\xa0\x8d\xe2\xb4;\x22\xec*\xf4\xb3#\xd2\
h\xc2\xa6]\x954\x96i\x91vF2\xf2\xdc\xfb\xae\
\x17\x1a\x82\xb2\x08\x00\xdd\xd3\xf8\xc4\xb7\xe7\xa7\xcf\x05\xd0\
\x9f-\xa2\xeapq\xfb\xe98AGf3\x0d\xc1\xfc\
\xbf\xd7\x1fc\x1e\x83C\xda\xbe\xc5\x1b\x90\xef\xe18\x98\
\x01`\xcf/!_Em\xb4\x02J\xcc\xb8\xef\x8c\x00\
\x88\xda\xadt\xc2\xac\x8ae\x12U\xdc,\xe3G\x99z\
\x038\x9bQ\xeeFY\xf9cC\xc9[_\x8a\xf3\x8e\
\x03\x99|\xc9\xbdS\x93\xff\x08\xa0GG\x9b\xba`T\
\xd6\x1bt\xa41 \xf1\xcd/=\xd5\x9b\xf7\x05\x0f@\
\x89\x84\xad\xd4\x8e\xd18N\x9e%C\xf9\xfb\x9f\xe5\xf5\
%Pf\x84\xab\xda\x82bw\x94\x06\xc1\x1f\x94\xeb\xf6\
\x1c\x0c\xbd\x01\x00\x89F\xc2\x7f\xf5R\xc6]\x0029\
\x9bC\x1b\x81\x19|\xf2\xef\xf5\xab\xf7\xfc\x12\xfaV\xfd\
a\xd9\x9f\xba><\xe6|\xe3D\x00i1a\xb7\xed\
\xdb\xa8(vs\x9c\xd2\x80\x0a\x1ca\xff\xdc%\xce\xfd\
\x8c\xc6\xe7i\x19\xa2\xbb\x81^%\xe8\xc8p\x00\xd8\xf9\
s\xc8\xf3\xe3\xae\xc0/,MU[\xcd\x08wH\xa1\
\xa9\xdd\x1a~\xe8\xa5\xba\xc6\xd8\xec\x89\x17\x99\x06\xde8\
!i\xaaV;X\x81\x5c\x17\xdf]\xfe\xd0\xe1\x92\xc8\
AY\x86\xac\xe3\x08\xb7vY\xc6\xab\xc3\x06\xea/\x83\
&\xec\xb6\x1d5\x87\xf8Bt\x15\xcfa\x08\x00T\xd4\
J\xc1k\x1f\xab.`\x1e\x83\xadP\xf6I\x90\x14\x87\
(t&\x03\xf9T\xbd\xf7O\xcb\x9cEP\xa63\x0a\
\xda\x92\xe6wX\xab\xcc=\x1c\xae\xda\xbe?\xf8\xbaz\
\xfe\xdc\xac\xd4;\x01\x9c\xaf%\x02\xac\xf0\xe5\xa3\xa7\x97\
\xdd\xce\xe6\x87\xb05/\xe8\xabs\xd3\x11P\x025\xda\
=\xbfN\x91\x1eV\x8f\x9f]\xe1\xaa,\xa9\x8a\xee\xc5\
\xf1%2\x8d\xcc-\x14\x91\x97\x13\xb6\xe1\xc6\xae\x82\x90\
wWA\xe8(\x1b\x83\x95\xb7ep\x7f\xc7\x99\x0d\xbb\
54~f\xe5\xf3NQ\xaa\x04\x80\xde\x19\xbc\xe5\x9d\
\x05\xe9sb\x89@\xfd\x0f\x99Cj\xd6g\xfe\x8b\xe7\
\xc0\xad\xf9\xa9\xa1\xe4\xaa9U\xbb\xcaj\xa2U8\x8d\
\x89\xbcV;DuD\xce\x9a\x5c\xb2\xe4\xd3\xf5\xbew\
\x01\xe0\xf5y]3\x17LOIc}J\xe3T\xbd\
\xd8 \x8f4\x08\xe4n\x02\x02\x99\x12\xfcaA\xcd!\
\xe68=\xd8V\xe4\xa0\xc3\x01R]Vo}\xe9\x9d\
\xa3\x9e\xdc1)y\xecs\xb3Rg\x01\xe8\xad\x06\x02\
\x06CrOAG2_\xff_\xf1\xdb\x1b\x9e\xa8\xce\
\x81\x12<\xbf\x11J(VG\xec<\xe5\xbe\xeb\xaf\xb5\
/\xcc\xfa[\xdd\xb3QI\x96.8\xc70H\xcb:\
\x9d\x1e\xda\xdfd \x8d!V\x0b\xde\xac/)\xab\x89\
\xaak\x9d\xca\xdbziL\x87\xaeQ\xa5vk\x98\xb3\
9\xbe\x1bw\x81\xf1\xf31\xe7\x1bo\x06\x80\x87n\xb6\
\xdc\xb1v\x8b?w\xeb\xfe\xe0\x17\x9c\xcdQ\x0d\xe0\xbb\
\xfe\xbd\x85+\x0aK#C\xd9X\xc2\x0ee\x99J\xa0\
\xa34\x9d\xb39\x8aV\xac\xf1\xbe\xbdv\xab\xff\xe7:\
\xb7\x94\x89\xe3\x8b\x90a2b\x15!\x8a'$\xefH\
\xb8a\xc9'\xee\x02\xd6?\xe5\xb7\xb5\xf6\xfc\x16\x1a\x04\
\x00\xde\x09\xb3*\x9f\xd8{(d\x97!C\xd0\x11~\
\xcd\xd2\xb3^\x9c|i\xe2$\xe6\x06\x8a\x16\x96F\xf2\
\xa0,\xd8Z\x0f\xa0\xb0#\xf7\xc6\xd1\xf8\xf7\xcak\xea\
\xa5\x0d\x94\xe2KF\xaf\xbd\x81\x88\xbcY\xc7\x93\xf3\x00\
\xc0Q\x1e\x09\x8c\x9e^\xb6\x17\x8a\xf7\xdc\x0e\xc5\xbb-\
\x9f\xf1\x001\x13P\x99}\x7f\xe5\xfdNQ\xaa\x93!\
#\xd1H\xf4o<\xdeu\xc9\x84Q\xa6+\x98\x0f\xae\
\x0e\xca\xfa\xa1\xca\xa6\xb6\x80\xe9\xc0|:Y>J}\
\x9b3?\xe19\x8cU\xaf\xdf\xf8d\xf5aY\xc6\x1e\
\x00\xdf\x038\xda^\xf9\xe4~\xa3\xc2\x87\xc2\x11\xf9\x88\
mz\xc5\xb5\xc5\x95\xd1\x0a\x00HO\xe1\xcd_\xbe\x90\
\xf1\xfe\xe2\xd9\xa9\xf7A\x996\xe0~\xebm)\xa9\xdd\
*;\xbf\xcf\xec\xe6\xdb\x9c\xb9O\xc7\x93k\x01 \x10\
\x92\xa5\xec\x19\x15\x07\x0f\x1c\x0d\xab\xe0\xe4\xb7\xc5\x9e=\
\x9d\x0a V\xf8@iu4\xef\xa6'\xaa\xef\xaa\x13\
\xa3n\xe6\xd3\xd2?\xf2\xc7\x94\xc5\xef,H_\x08e\
\x05\x81\xf0[\x02\xe4\xf2\xd1\x91&=\xd9\xad\xe3\xc9\xf9\
\xeao\xd7=V}x{~p\x07\x94\x95\xe6\xbb\xd1\
\x8e\xeb\x97~S\x80\x18H\xde\xfd\x85\xe1m\xc3o+\
\xbf!\xefH\xf8\xa8\x86\xdd\xcd:\xf0Y\xef\xd53\xae\
7_\xca\xd9\x1c\xc9\x1d\xe9EP\xc5\x13\xa0\xcb\x12\x8c\
d\x17\xc7\xa1\x17\xa0\xecnr\xe1\xb4\xf2\xfc\x8d\xbb\x03\
*8\xdb\xa0\xc4\x90\xd3\xffZ\x80\x98\xf8j\xea\xa5]\
\x17\xdeYv\xc7\xe6}\xc1\xbd\xea\x8f\x03z\x0b\xc3^\
~8m\xdd\x87\xcft{\x12\x8a\xf7\xbbC\xb4\xc9\xdd\
@G7\x84\xe8A\x83@\x1e\x06\xf3\x94\xe6\x17\x86\x1b\
\xc6\xdcS\x91\xb7\xbf0\xbc\x19\xcaV\x00[\xa0L'\
\xb4\xfb6\xce\xbf9@l\x09\xbc\x07@\xee\xef\x1e\xa8\
\xb8w\xd1{\xae\x15\xf5\x1e\x1a\x04\x00\x1dO\x84\x9b.\
O|\xb2j}\xdf\xbd?\xbd\xd3c\xf1\x85\xd3\xcb{\
\xb7\x97w\xbb\xdeG\xa7\xf8\x82t\x87\xc9@\xec:\x9e\
\x9c\xcd\xb0\xc1\xb3+\xdc\xe5\xa3\xa6\x95o-\xaf\x89n\
`\xe0lc\x8c\xadC\xf6\xd8\xeeT{\x962\xe7i\
\x9f>\x19\xba\xb1\x1f>\xdd\xed\x89\x8b\x86\x18\xfbiw\
\xb7\xf2\x05\xa8\xfb`Q\xe4\xe3\xfdG\xc2\x9f\xcc~\xa1\
.\x17\xa7\xb9mr\xadGJ\xd3q\xe4ZA\x87\x07\
\x04\xdd\xf1~\x06\x00\x0e\x15G\x1af\xfc\xad\xcea\xcf\
\x0f\x1e`\x1a\xb3\x1d\xca\xea@_[\x92\x973n\xd7\
_\xe6QH\x050\xf8\xc6\x09I\xd7\xcf\xbe\xd1|\x9d\
m\x88\xa1Gl:\xd1K\x1d\x81\xb0\xfcK\x8dK\xca\
\xa9\xa9\x97vn\xda\x1b<\xf0\xe2Gn7\x00\xdaT\
\x05\x86\xa22\xef\x14\xa5~<G.\xe0yL\xd4\xf1\
d\x98A \x03\xd9\xee\x8c\x8dr\xb8$\xe2_\xf4\xae\
\xab\xec\x8b\x1f\x1a\x0e1\xc7\xa7\x1d\xc0>F\xf9\xdb\xfc\
\xbfb\x9eq\x00i\xdek\x82\xb2\xd4p\xf0\xb4\xab\x93\
\xa7\xcc\xb8\xce<i\xf8 }\xb7\xffH,+\xe1\x9b\
\xe1\x88\xec\x0d\x86\xe5RJQ/Q\xd9%\xcb\x08r\
\x84\xe8x\x1ef\x9d\x8e\xa4\xe8u\xe8-\xe8H\xb7\x93\
\xbd\xb3\xb0,\x12x\xedsO\xd5\xdb\xab<\x05P\xb6\
\x09\xd8\x0be\xadl\x09\xdaiK\xe63\x16 M\xe6\
y6p\xed\x09`\xf0\xe8\xf3\x0c\xe3\xb2/0\x8d\xba\
\xfcBS\xd6\xc5\xe7\x1b\xd3\xd5}Dc\xc1j\xad\xec\
?\x12nX\xb3\xc5\xef\x5c\xbf\xdd_\xb9\xab T\x02\
%J4\x9f\x01s\x0c'\xd9*3\x0eP\xd3@%\
\x03\xc8\x80\x12\x0b\xdd{H\x7f\xfd\xd0\xec\x11\xc6\xe1#\
\xce6\xf4\x19\xd0GH\xb1$r\x06\x93\x81p\x09&\
\x8e\x13t \x1c!\x84\xca2\xa4(h $\xd3`\
X\xa6\xf5^I*\xae\x88\x86\xec\xf9!\xd7\xb6\xfd\xc1\
\x9a\xdd\x07C%PB\xb6\x1c\x0c\x902(\x11;\xee\
\x8e\xf2`\x9c1\xfbf\xb7\xc2\xed\xe2\xe6l\x0e\x0f\xab\
\xc8\xa4\xfc\xc2\xf0\xb6\xfc\xc2p\x06\xd3\xae\x0c\x1c\x0f\x8a\
\x14\xa0\x84u\xa9\xebs\xd4@\xf6(\x94)\x0bu1\
s5\x14\x0fy%\x94 Cu\x93\xf4N\xf5\x1fP\
\xce\xa8\x7fO\xc3\x18[\x00@\x80\xb39\x9cPV\x15\
$03\xa8\x82\xc3A\x09\x08\xd7\x0e!\xa8\xe6\x13\x81\
2\xb7\xd3\x18\x9e\xdb\x19\xff-\xcd\x19\x09P\x13`\x05\
\xd9\xa7\x1e\xff\xa5\x12\xff\x17iq\x80\xe2\x12\x07(\x0e\
P\x5c\xe2\x00\xc5%\x0eP\x1c\xa0\xb8\xc4\x01\x8a\x03\x14\
\x978@q9}\x80\x22\x00@\xedV}\xbc\x8a:\
V\xa8\xddj\xd4bp2\x80\x8e\xb1\xef\x0b\xe2U\xd6\
\xe12\x8a};\x9a\x03\xe8+\xf6\xbd\x88\xda\xad|\xbc\
\xce:L{t\x00\x9ee\xa7+\x9b\x03\xe8%(s\
$\x13\x00l\xa0v\xab-n\xee\xda\x15\x18=\xb5[\
/\x82\xb2\x92c,\x94\xe5.K\x81f\xf63\xa3v\
\xebH(\x01z\xdd\xe2U\xd8\xa1R\x09`2gs\
\xecn\x16 \x06RW\x00\x8f\x01\x98\x0aes\x09!\
^\x7f\xed\x22\x11(\x93\x8f\xab\x00\xbc\xc8\xd9\x1cu\xea\
\x05\xd2\x06\xea\x19\xaf\xde\xd3\xa1\xd1M\xc4$\xc4%.\
q\x89K\x5c\xe2\x12\x97\xb8\xc4%.q\x89K\x5c\xe2\
\x12\x97\xb8\xc4%.\xa7#\x1eQ\xbc\xd3#\x8a\x0b\x7f\
\x83\xf7.\xf4\x88\xe2\x9dgj\xbd\x11\x96\xf9\xf3\x01\xe5\
\x7f\xc91)\x86\xb2s\xe0j\xb3\xc5R\x1cS\xe0\x14\
\x00+\x00|e\xb6X\xde?\x85\x8a\xda\x08 \xdbl\
\xb1\x90\x16\xd2\xe4\x9a-\x96\xb9m\x08\x90\x0c \xc7l\
\xb1\x8cg\xe7\xc3\xa0\xcc\xb5\xcc5[,\xb9\x9d\x1d \
\x0e\xc04\x00s\xa0\xecf\x9b\xc3>)\x00\x16\x02(\
\xf2\x88\xe2\xd2\x98{2\xa1L?Li\x87\xfcd\xc7\
4\x14\xb4\xd3;\xd4O[k\xeb\xd2&\xea\xeb\xb4\xa4\
q}Pl\xabe\x9a\xb2\x14\xc0\x1c\x8f(6^7\
[,\xb9\x1eQ\x1c\xce\xb4\xec\x8c\x13\xb3\xc5\xb2\xcc#\
\x8a\xb9f\x8b%\xa7\x1d\x1e?\x875\xf0\xb6\x07\xa8\x89\
\x82\xb8\x01Lg@\xcd\xf1\x88\xe2+f\x8b\xa5\x98\x9d\
\xab\x1f\xb7\x06\xd0l\x00\xe3\xd8\xe9\xa6\xb6\xa8\x00f\x8e\
\xd4F1\x8ci\xad\xd8\x94\xe9\xd54\xaa\xa9\x00\xfa\x02\
\xc83[,\xab\x9bH\x93\xa9\xa6ee\x8c\xbd6\x15\
\xca\xc6\xeb\xc7\x98i,\xd6\x5c\xcbf\xcfn\xeaZ&\
{L\x0a\xab\x0bh\xeb &o'\xdc\x1fS\x87\xc5\
\xac\x9e\xa7\x02p\xb7&.\xee\x03\xf6=\x8d}\x0f\x83\
\xb2\x03\xe24\xcd\x83\x8b\xa0\xcc\x06f\xb3Lld\xfd\
\xc9\xe9\xcaR\x00K=\xa2\xb8\x82\xbd3\x9b\xfd\xb6\x8f\
\x15 \x16\xcc\x22\xd6?f\x03X\xe1\x11\xc5UM<\
s\x1a{\xd6\xb0X\xf3\xc4\xee\x7f\x98\xdd\xbf\x90}\xc0\
\xfai\xed\xb5\xd8<\xa8\xcf\xd4\xd6\xcfF\xcd\xb3\xa7\xb2\
\xfb\x97\xc6\xdc\x1fK^6\x02\x98\xe6\x11\xc5}\xac>\
\xc7q\xad0\x09\xab5/>\x99L7[,]\xcc\
\x16\xcbx\xb3\xc52\x1c\xc0\x5c\x00\xd9m\xc4\x9e\xd4\xbe\
\x22\x8bu\xf4Y\x1a\xf0\xb4\xads#\xd3\xe8.1\xe9\
Z\xd5w0\xf34\xd7l\xb1d\xb1rd\xb1r\x80\
\x99\xad,\xb3\xc52\x5c\xf3l\xb7\x9a\x07\xb3\xc5\xf2\x8c\
\x86\xfc\xe4\x98-\x16\xa2\x9e\xb3\x86\xb3J\xf3\x0c\xf5\xfe\
\x1c\xd6\x88\xb2\x9b0\x93n\x96\xf6\x99S\x89,Mi\
\x06\xc4\x9cX;\xcf\x0e\xdb\x8aH<\xa3\x9a#f\x16\
\xde\x07\x90\xa9\x9a@\x00w\xb2\xfc\xcd\xd5\xa4sk*\
\xb89p2Y\xa5\xbc\xaf\xc9\xb7\xd6\xcc\xc3l\xb1\x14\
k\xcd\x11\xfb=6\x0f'\x93\x87\xd9\xf7\xc9\xf2\xf6p\
\x13\xf5|\xad\xfa\xbeSYD\x5c\xdcL!SX%\
Ma\xb68\xb3%PO\xb1c\x8f}\xb7;\xe6\xf9\
\xe3b\xb4\xbd\xf1>\x8f(\xb6VC\xbfj\x01\xc8l\
f\xca2c\x18`Ke\x9c\xdaT\x7f\xc3\xf2\x96\xdb\
\x04\x9b\xcc\xd1\xf6\x8d\x5c+Z\x98jg\xf3\x9a\x01g\
#\xb3\xd7\xb9\x00\xa6\x03\x18\xdf\xc1\xe4\xect\x1aB\xdf\
\x18\xd0\x9b\x1cd\xb32f\xb2>y<\xd3\xa0\xd3\xcd\
\x9b\xbb\xa5\xbc\xb7F\x83T\x15\x5c}\x92\xeb\x0bY\xff\
4\x5c;\xf0kE\xcbmKq\x9f\x8c\x99\xb5B\x8e\
i\xc6w'k\x80+\x18s\xbcV\xf3\xfb\xb8S\xb0\
<\x99'\xb9\x96\xd9\xd2p\x85kA{TF\xf4t\
S\xb4VK\x1eb\xc0\xc9\xec`\x0d\xfaJcN\x9a\
\xd2\xfe\xe6$'\x86\xa56Y>f\x1db+\x17\xad\
|~f,\x19`\xe7\x99\xcd4\xfc\x13\x01\xf2\x88b\
\xb6\xe6\xb3\x90Q\xe7;\x01,3[,\xcf\xb4T@\
\x8f(\xce\xd1\x80\xb3\xaa9\x93\xd1\x0e\xb2\x9a\xb5\xc4\xa5\
jE\xb0\xef\xa5-\xb5P\xd6\xf0\x961\xd6\xb9J3\
NR\x09@.+\xcbT\xcd\xb59\xb1\x8dA\x03\xe2\
0\xa6u\x8d\x04\x87\xdd\xbf\x22&oj\x1d=\xd3\x12\
@\xc5\x1a\x0e\xbeQ3\xdeX\xcd\xa8^KL\xe8\x15\
\x06\xd2R\xe6\xf7\xda\xc7~\xeb0?\x173k\xd7\xb2\
\xb2ld\xf9X\xc5\x0a_\xdc\x8a\xfb\xe7\x02x\x9a\x95\
\xbb\x88\xdd_\x04`\x9a\x86qej\xaeMa}m\
Su\x91\x02\xc0\xc5\xd2\xa9\x0d`|L\xde6\xb2\xfa\
\x19\xde\x92In\xb3\xff&\xc2Z[J;\xb9P:\
,\x1f\x1aS\x94\xab\xad<\xa6\x15\xc3\xd4\x91~\x0b\x8c\
\xb6\xc9t\x1a\x8fCnk\xfb\xca\xff\x1b\x00B\xae\xcc\
\xe0\xec7b\xa3\x00\x00\x00\x00IEND\xaeB`\
\x82\
\x00\x00*=\
\x89\
PNG\x0d\x0a\x1a\x0a\x00\x00\x00\x0dIHDR\x00\
\x00\x00b\x00\x00\x00\x81\x08\x06\x00\x00\x00;uo\x22\
\x00\x00\x00\x09pHYs\x00\x00\x0fa\x00\x00\x0fa\
\x01\xa8?\xa7i\x00\x00\x0aOiCCPPho\
toshop ICC profi\
le\x00\x00x\xda\x9dSgTS\xe9\x16=\xf7\xde\
\xf4BK\x88\x80\x94KoR\x15\x08 RB\x8b\x80\
\x14\x91&*!\x09\x10J\x88!\xa1\xd9\x15Q\xc1\x11\
EE\x04\x1b\xc8\xa0\x88\x03\x8e\x8e\x80\x8c\x15Q,\x0c\
\x8a\x0a\xd8\x07\xe4!\xa2\x8e\x83\xa3\x88\x8a\xca\xfb\xe1{\
\xa3k\xd6\xbc\xf7\xe6\xcd\xfe\xb5\xd7>\xe7\xac\xf3\x9d\xb3\
\xcf\x07\xc0\x08\x0c\x96H3Q5\x80\x0c\xa9B\x1e\x11\
\xe0\x83\xc7\xc4\xc6\xe1\xe4.@\x81\x0a$p\x00\x10\x08\
\xb3d!s\xfd#\x01\x00\xf8~<<+\x22\xc0\x07\
\xbe\x00\x01x\xd3\x0b\x08\x00\xc0M\x9b\xc00\x1c\x87\xff\
\x0f\xeaB\x99\x5c\x01\x80\x84\x01\xc0t\x918K\x08\x80\
\x14\x00@z\x8eB\xa6\x00@F\x01\x80\x9d\x98&S\
\x00\xa0\x04\x00`\xcbcb\xe3\x00P-\x00`'\x7f\
\xe6\xd3\x00\x80\x9d\xf8\x99{\x01\x00[\x94!\x15\x01\xa0\
\x91\x00 \x13e\x88D\x00h;\x00\xac\xcfV\x8aE\
\x00X0\x00\x14fK\xc49\x00\xd8-\x000IW\
fH\x00\xb0\xb7\x00\xc0\xce\x10\x0b\xb2\x00\x08\x0c\x000\
Q\x88\x85)\x00\x04{\x00`\xc8##x\x00\x84\x99\
\x00\x14F\xf2W<\xf1+\xae\x10\xe7*\x00\x00x\x99\
\xb2<\xb9$9E\x81[\x08-q\x07WW.\x1e\
(\xceI\x17+\x146a\x02a\x9a@.\xc2y\x99\
\x192\x814\x0f\xe0\xf3\xcc\x00\x00\xa0\x91\x15\x11\xe0\x83\
\xf3\xfdx\xce\x0e\xae\xce\xce6\x8e\xb6\x0e_-\xea\xbf\
\x06\xff\x22bb\xe3\xfe\xe5\xcf\xabp@\x00\x00\xe1t\
~\xd1\xfe,/\xb3\x1a\x80;\x06\x80m\xfe\xa2%\xee\
\x04h^\x0b\xa0u\xf7\x8bf\xb2\x0f@\xb5\x00\xa0\xe9\
\xdaW\xf3p\xf8~<<E\xa1\x90\xb9\xd9\xd9\xe5\xe4\
\xe4\xd8J\xc4B[a\xcaW}\xfeg\xc2_\xc0W\
\xfdl\xf9~<\xfc\xf7\xf5\xe0\xbe\xe2$\x812]\x81\
G\x04\xf8\xe0\xc2\xcc\xf4L\xa5\x1c\xcf\x92\x09\x84b\xdc\
\xe6\x8fG\xfc\xb7\x0b\xff\xfc\x1d\xd3\x22\xc4Ib\xb9X\
*\x14\xe3Q\x12q\x8eD\x9a\x8c\xf32\xa5\x22\x89B\
\x92)\xc5%\xd2\xffd\xe2\xdf,\xfb\x03>\xdf5\x00\
\xb0j>\x01{\x91-\xa8]c\x03\xf6K'\x10X\
t\xc0\xe2\xf7\x00\x00\xf2\xbbo\xc1\xd4(\x08\x03\x80h\
\x83\xe1\xcfw\xff\xef?\xfdG\xa0%\x00\x80fI\x92\
q\x00\x00^D$.T\xca\xb3?\xc7\x08\x00\x00D\
\xa0\x81*\xb0A\x1b\xf4\xc1\x18,\xc0\x06\x1c\xc1\x05\xdc\
\xc1\x0b\xfc`6\x84B$\xc4\xc2B\x10B\x0ad\x80\
\x1cr`)\xac\x82B(\x86\xcd\xb0\x1d*`/\xd4\
@\x1d4\xc0Qh\x86\x93p\x0e.\xc2U\xb8\x0e=\
p\x0f\xfaa\x08\x9e\xc1(\xbc\x81\x09\x04A\xc8\x08\x13\
a!\xda\x88\x01b\x8aX#\x8e\x08\x17\x99\x85\xf8!\
\xc1H\x04\x12\x8b$ \xc9\x88\x14Q\x22K\x915H\
1R\x8aT UH\x1d\xf2=r\x029\x87\x5cF\
\xba\x91;\xc8\x002\x82\xfc\x86\xbcG1\x94\x81\xb2Q\
=\xd4\x0c\xb5C\xb9\xa87\x1a\x84F\xa2\x0b\xd0dt\
1\x9a\x8f\x16\xa0\x9b\xd0r\xb4\x1a=\x8c6\xa1\xe7\xd0\
\xabh\x0f\xda\x8f>C\xc70\xc0\xe8\x18\x073\xc4l\
0.\xc6\xc3B\xb18,\x09\x93c\xcb\xb1\x22\xac\x0c\
\xab\xc6\x1a\xb0V\xac\x03\xbb\x89\xf5c\xcf\xb1w\x04\x12\
\x81E\xc0\x096\x04wB a\x1eAHXLX\
N\xd8H\xa8 \x1c$4\x11\xda\x097\x09\x03\x84Q\
\xc2'\x22\x93\xa8K\xb4&\xba\x11\xf9\xc4\x18b21\
\x87XH,#\xd6\x12\x8f\x13/\x10{\x88C\xc47\
$\x12\x89C2'\xb9\x90\x02I\xb1\xa4T\xd2\x12\xd2\
F\xd2nR#\xe9,\xa9\x9b4H\x1a#\x93\xc9\xda\
dk\xb2\x079\x94, +\xc8\x85\xe4\x9d\xe4\xc3\xe4\
3\xe4\x1b\xe4!\xf2[\x0a\x9db@q\xa4\xf8S\xe2\
(R\xcajJ\x19\xe5\x10\xe54\xe5\x06e\x982A\
U\xa3\x9aR\xdd\xa8\xa1T\x115\x8fZB\xad\xa1\xb6\
R\xafQ\x87\xa8\x134u\x9a9\xcd\x83\x16IK\xa5\
\xad\xa2\x95\xd3\x1ah\x17h\xf7i\xaf\xe8t\xba\x11\xdd\
\x95\x1eN\x97\xd0W\xd2\xcb\xe9G\xe8\x97\xe8\x03\xf4w\
\x0c\x0d\x86\x15\x83\xc7\x88g(\x19\x9b\x18\x07\x18g\x19\
w\x18\xaf\x98L\xa6\x19\xd3\x8b\x19\xc7T071\xeb\
\x98\xe7\x99\x0f\x99oUX*\xb6*|\x15\x91\xca\x0a\
\x95J\x95&\x95\x1b*/T\xa9\xaa\xa6\xaa\xde\xaa\x0b\
U\xf3U\xcbT\x8f\xa9^S}\xaeFU3S\xe3\
\xa9\x09\xd4\x96\xabU\xaa\x9dP\xebS\x1bSg\xa9;\
\xa8\x87\xaag\xa8oT?\xa4~Y\xfd\x89\x06Y\xc3\
L\xc3OC\xa4Q\xa0\xb1_\xe3\xbc\xc6 \x0bc\x19\
\xb3x,!k\x0d\xab\x86u\x815\xc4&\xb1\xcd\xd9\
|v*\xbb\x98\xfd\x1d\xbb\x8b=\xaa\xa9\xa19C3\
J3W\xb3R\xf3\x94f?\x07\xe3\x98q\xf8\x9ct\
N\x09\xe7(\xa7\x97\xf3~\x8a\xde\x14\xef)\xe2)\x1b\
\xa64L\xb91e\x5ck\xaa\x96\x97\x96X\xabH\xab\
Q\xabG\xeb\xbd6\xae\xed\xa7\x9d\xa6\xbdE\xbbY\xfb\
\x81\x0eA\xc7J'\x5c'Gg\x8f\xce\x05\x9d\xe7S\
\xd9S\xdd\xa7\x0a\xa7\x16M=:\xf5\xae.\xaak\xa5\
\x1b\xa1\xbbDw\xbfn\xa7\xee\x98\x9e\xbe^\x80\x9eL\
o\xa7\xdey\xbd\xe7\xfa\x1c}/\xfdT\xfdm\xfa\xa7\
\xf5G\x0cX\x06\xb3\x0c$\x06\xdb\x0c\xce\x18<\xc55\
qo<\x1d/\xc7\xdb\xf1QC]\xc3@C\xa5a\
\x95a\x97\xe1\x84\x91\xb9\xd1<\xa3\xd5F\x8dF\x0f\x8c\
i\xc6\x5c\xe3$\xe3m\xc6m\xc6\xa3&\x06&!&\
KM\xeaM\xee\x9aRM\xb9\xa6)\xa6;L;L\
\xc7\xcd\xcc\xcd\xa2\xcd\xd6\x995\x9b=1\xd72\xe7\x9b\
\xe7\x9b\xd7\x9b\xdf\xb7`ZxZ,\xb6\xa8\xb6\xb8e\
I\xb2\xe4Z\xa6Y\xee\xb6\xbcn\x85Z9Y\xa5X\
UZ]\xb3F\xad\x9d\xad%\xd6\xbb\xad\xbb\xa7\x11\xa7\
\xb9N\x93N\xab\x9e\xd6g\xc3\xb0\xf1\xb6\xc9\xb6\xa9\xb7\
\x19\xb0\xe5\xd8\x06\xdb\xae\xb6m\xb6}agb\x17g\
\xb7\xc5\xae\xc3\xee\x93\xbd\x93}\xba}\x8d\xfd=\x07\x0d\
\x87\xd9\x0e\xab\x1dZ\x1d~s\xb4r\x14:V:\xde\
\x9a\xce\x9c\xee?}\xc5\xf4\x96\xe9/gX\xcf\x10\xcf\
\xd83\xe3\xb6\x13\xcb)\xc4i\x9dS\x9b\xd3Gg\x17\
g\xb9s\x83\xf3\x88\x8b\x89K\x82\xcb.\x97>.\x9b\
\x1b\xc6\xdd\xc8\xbd\xe4Jt\xf5q]\xe1z\xd2\xf5\x9d\
\x9b\xb3\x9b\xc2\xed\xa8\xdb\xaf\xee6\xeei\xee\x87\xdc\x9f\
\xcc4\x9f)\x9eY3s\xd0\xc3\xc8C\xe0Q\xe5\xd1\
?\x0b\x9f\x950k\xdf\xac~OCO\x81g\xb5\xe7\
#/c/\x91W\xad\xd7\xb0\xb7\xa5w\xaa\xf7a\xef\
\x17>\xf6>r\x9f\xe3>\xe3<7\xde2\xdeY_\
\xcc7\xc0\xb7\xc8\xb7\xcbO\xc3o\x9e_\x85\xdfC\x7f\
#\xffd\xffz\xff\xd1\x00\xa7\x80%\x01g\x03\x89\x81\
A\x81[\x02\xfb\xf8z|!\xbf\x8e?:\xdbe\xf6\
\xb2\xd9\xedA\x8c\xa0\xb9A\x15A\x8f\x82\xad\x82\xe5\xc1\
\xad!h\xc8\xec\x90\xad!\xf7\xe7\x98\xce\x91\xcei\x0e\
\x85P~\xe8\xd6\xd0\x07a\xe6a\x8b\xc3~\x0c'\x85\
\x87\x85W\x86?\x8ep\x88X\x1a\xd11\x975w\xd1\
\xdcCs\xdfD\xfaD\x96D\xde\x9bg1O9\xaf\
-J5*>\xaa.j<\xda7\xba4\xba?\xc6\
.fY\xcc\xd5X\x9dXIlK\x1c9.*\xae\
6nl\xbe\xdf\xfc\xed\xf3\x87\xe2\x9d\xe2\x0b\xe3{\x17\
\x98/\xc8]py\xa1\xce\xc2\xf4\x85\xa7\x16\xa9.\x12\
,:\x96@L\x88N8\x94\xf0A\x10*\xa8\x16\x8c\
%\xf2\x13w%\x8e\x0ay\xc2\x1d\xc2g\x22/\xd16\
\xd1\x88\xd8C\x5c*\x1eN\xf2H*Mz\x92\xec\x91\
\xbc5y$\xc53\xa5,\xe5\xb9\x84'\xa9\x90\xbcL\
\x0dL\xdd\x9b:\x9e\x16\x9av m2=:\xbd1\
\x83\x92\x91\x90qB\xaa!M\x93\xb6g\xeag\xe6f\
v\xcb\xace\x85\xb2\xfe\xc5n\x8b\xb7/\x1e\x95\x07\xc9\
k\xb3\x90\xac\x05Y-\x0a\xb6B\xa6\xe8TZ(\xd7\
*\x07\xb2geWf\xbf\xcd\x89\xca9\x96\xab\x9e+\
\xcd\xed\xcc\xb3\xca\xdb\x907\x9c\xef\x9f\xff\xed\x12\xc2\x12\
\xe1\x92\xb6\xa5\x86KW-\x1dX\xe6\xbd\xacj9\xb2\
<qy\xdb\x0a\xe3\x15\x05+\x86V\x06\xac<\xb8\x8a\
\xb6*m\xd5O\xab\xedW\x97\xae~\xbd&zMk\
\x81^\xc1\xca\x82\xc1\xb5\x01k\xeb\x0bU\x0a\xe5\x85}\
\xeb\xdc\xd7\xed]OX/Y\xdf\xb5a\xfa\x86\x9d\x1b\
>\x15\x89\x8a\xae\x14\xdb\x17\x97\x15\x7f\xd8(\xdcx\xe5\
\x1b\x87o\xca\xbf\x99\xdc\x94\xb4\xa9\xab\xc4\xb9d\xcff\
\xd2f\xe9\xe6\xde-\x9e[\x0e\x96\xaa\x97\xe6\x97\x0en\
\x0d\xd9\xda\xb4\x0d\xdfV\xb4\xed\xf5\xf6E\xdb/\x97\xcd\
(\xdb\xbb\x83\xb6C\xb9\xa3\xbf<\xb8\xbce\xa7\xc9\xce\
\xcd;?T\xa4T\xf4T\xfaT6\xee\xd2\xdd\xb5a\
\xd7\xf8n\xd1\xee\x1b{\xbc\xf64\xec\xd5\xdb[\xbc\xf7\
\xfd>\xc9\xbe\xdbU\x01UM\xd5f\xd5e\xfbI\xfb\
\xb3\xf7?\xae\x89\xaa\xe9\xf8\x96\xfbm]\xadNmq\
\xed\xc7\x03\xd2\x03\xfd\x07#\x0e\xb6\xd7\xb9\xd4\xd5\x1d\xd2\
=TR\x8f\xd6+\xebG\x0e\xc7\x1f\xbe\xfe\x9d\xefw\
-\x0d6\x0dU\x8d\x9c\xc6\xe2#pDy\xe4\xe9\xf7\
\x09\xdf\xf7\x1e\x0d:\xdav\x8c{\xac\xe1\x07\xd3\x1fv\
\x1dg\x1d/jB\x9a\xf2\x9aF\x9bS\x9a\xfb[b\
[\xbaO\xcc>\xd1\xd6\xea\xdez\xfcG\xdb\x1f\x0f\x9c\
4<YyJ\xf3T\xc9i\xda\xe9\x82\xd3\x93g\xf2\
\xcf\x8c\x9d\x95\x9d}~.\xf9\xdc`\xdb\xa2\xb6{\xe7\
c\xce\xdfj\x0fo\xef\xba\x10t\xe1\xd2E\xff\x8b\xe7\
;\xbc;\xce\x5c\xf2\xb8t\xf2\xb2\xdb\xe5\x13W\xb8W\
\x9a\xaf:_m\xeat\xea<\xfe\x93\xd3O\xc7\xbb\x9c\
\xbb\x9a\xae\xb9\x5ck\xb9\xeez\xbd\xb5{f\xf7\xe9\x1b\
\x9e7\xce\xdd\xf4\xbdy\xf1\x16\xff\xd6\xd5\x9e9=\xdd\
\xbd\xf3zo\xf7\xc5\xf7\xf5\xdf\x16\xdd~r'\xfd\xce\
\xcb\xbb\xd9w'\xee\xad\xbcO\xbc_\xf4@\xedA\xd9\
C\xdd\x87\xd5?[\xfe\xdc\xd8\xef\xdc\x7fj\xc0w\xa0\
\xf3\xd1\xdcG\xf7\x06\x85\x83\xcf\xfe\x91\xf5\x8f\x0fC\x05\
\x8f\x99\x8f\xcb\x86\x0d\x86\xeb\x9e8>99\xe2?r\
\xfd\xe9\xfc\xa7C\xcfd\xcf&\x9e\x17\xfe\xa2\xfe\xcb\xae\
\x17\x16/~\xf8\xd5\xeb\xd7\xce\xd1\x98\xd1\xa1\x97\xf2\x97\
\x93\xbfm|\xa5\xfd\xea\xc0\xeb\x19\xaf\xdb\xc6\xc2\xc6\x1e\
\xbe\xc9x31^\xf4V\xfb\xed\xc1w\xdcw\x1d\xef\
\xa3\xdf\x0fO\xe4| \x7f(\xffh\xf9\xb1\xf5S\xd0\
\xa7\xfb\x93\x19\x93\x93\xff\x04\x03\x98\xf3\xfcc3-\xdb\
\x00\x00\x00 cHRM\x00\x00z%\x00\x00\x80\x83\
\x00\x00\xf9\xff\x00\x00\x80\xe9\x00\x00u0\x00\x00\xea`\
\x00\x00:\x98\x00\x00\x17o\x92_\xc5F\x00\x00\x1fh\
IDATx\xda\xec]y|\x14E\xda~\xaa\xe7\
\xecI2\x93\x84\x00I \x90\x19\x90K\x11PN3\
\x0a\xb8\xea\xae+*\x8a\x07\x8a+\xa0\xb8^\xec\x22\xee\
\x87\xab\xa8\x9f(\x22\x8a\xbax\xad.\x82\xc0\xee\x0a\x9e\
\x08\x8a.\x8a\xc8\x99q\xc3\x1d\xce\x18\x08\x99$\xe4>\
g\x92\xc9L\xf7\x1c]\xdf\x1f]\x1d\x9a\xc9$\x1c&\
1\xf8\xcd\xcb\xaf\x99\xe9\x9e\xee\xea\xaaz\xea=\xeb\xad\
\x0a\x01#)\xcb\x96\x04\xe0\x09\x007\x01\xb0\x02\xd0#\
J\xedA\x22\x00'\x80/\x00,\xe6F\xe7W\x03\x00\
a \x0c\x07\xf05\x80\xee\xd1~\xeaP*\x05p\x13\
7:\x7f/\x91\xb2l]\x01\x1c\x01\xd0\x15\xc0V\x00\
s\x01\xec\xe5F\xe7\xfb\xa3\xfd\xd4\xf6$e\xd9\x0c\x00\
.\x07\xb0\x10\xc0U\x0c\x8c\xc1D\xca\xb2-\x020\x07\
\xc0f\x00\xd7q\xa3\xf3C\xd1\xee\xea\x10@\xf4\x00~\
\x00`\x07\xf0\x12\x07\xe0\x16\xf6\xdb3Q\x10:\x8e\x98\
\xc4y\x9a\x9d\xde\xca\x01\xe8\xcdN\xf6F\xbb\xa7\xc3i\
7\xfb\xec\xc3\x01\xd0\xa9\x10\x8aR\xc7r\x85\x8f}\xd5\
q\xd1\xee\xe8$\xa0D\xbb \x0aD\x94\xa2@D\x81\
\x88R\x14\x88(\x10Q\x8a\x02\x11\x05\x22JQ .\
L\xd2\xfe\xdc\x02\xbc\x99\xd6\x0e\xa9\xa8O\xa4\x93tZ\
\xcc\xe7\x08\xe9\x05y\x1e\x85F\xb8\x8dH\x12\xf5:K\
\x83\x9f\x0e\xb9\xbbx\x01\x80\x1a_\xa6U\xa4\xedX/\
\x93\xdd\xf9\xff\x87#\xbc\x02\xbd\x917\x90\xcf\xb5\x1a2\
P\xc3!F\xc3\xc1\xc4>\xc3\x0f\x93NK\x92\xfa\xf5\
\xd2=\xb2\xfd\xfd\xd4U\x00\xfa\xf2v\xa7\x91DES\
\xdb\x90^\x87\x85`l\xe0\x15h\xa8\xd6-\x05\xeb\xea\
UG\xc3\xa9\x83\x10\x80\x10`\xe4 \xc3\xb8Q\x97\x18\
n\x05\x90\xc2\xdb\x9d\x1ca\xcf\xffjES{Sy\
M\xc8\xd4=Q\xd3\x87\x00\xf0\xf8\xa4\xd0\xd0)%G\
j\xdd!'G\xe0\x06 )\xf7Q\x80\x12\x80\xecX\
\x96:a\x90U\x9f\x04\x02\xa4\xa7\xe82v\x1e\x16\xb7\
A\x9e\x05\x13\xd1\x8aL\x8b\x02q\x06\x0a\x85\xa8\x11\x14\
\x04\x04\xf0\x09T*\xa9\x0c\xe6\x01\xf8\x0a\xc0Oj \
\x14\x8a1j.! I\x14\x14\x82_\x8a\x01\x10\x0f\
9\xd4/\x22\xca\x11\xa7S\xbdG\xb2J\x14\x03\xd7\xef\
\xf0\xee{\xf0\xa5\xaa\x1a\x00Ao\xa65\xe2@=\x98\
\xe7\x17R\x92\xb4A\x00\x06\xad\x96\x10\x93\x91\xb8\xbd\x02\
=\x0a`_\xa4\xc1\xdd\xc5\xc2\x05\xe5\x91OPW/\
\x05\x99\xf8%\x84\x00\x94\xddMNq\x11\x00\xe8\xbc\x02\
\xfd]Yu\xb0a\xf0\xe4\xe2]\x00Do\xa6\xb5\xc3\
g*;\x5cG\xf8\x03\xf4Es,w<>\x8e\xfb\
\xe6\xae\xebb\xf2\xb6\xbf\x9f\xfa\x1a\x80T\x93\xdd\xa9W\
\xe4\xb8\xfa\x98\xf4D\x85\x00\x80#\xa7\x04<e\x87$\
:l\xcd\x0e\x8e#\x06\x95\x11E\x01\x04\x15\xce!a\
JB\xf4\xd3+\xa9\x04g\x8c\x91|\xd5\xb7\xa7n\xcb\
\xb15i\x1b\x01\xf41\xd9\x9d<\xf95\x03\x11\x08\xd2\
\x15z\x1dy\x9a\x00\x1a\x02@\xa7%1#\x06\x19\xfe\
\x9c\xb5\xbc\xc7\xa7\x00.\xe2\xedN^\xb9\xb7\xc1+\xf5\
\xf3\x0atn\xdd\xe6\xf4mZ\x0d\x8c\x00\xa0\xd3\x82(\
#\xbc%\xddK \xdf\x0b\x00\x1f>\xdfm\xb4cY\
\x8f'\xbeY\x9c2\xc5\x98\xe1\x8c7f8\xb5\x0a\x18\
>\x91\xdei\xd4\x93\xed\x1c\x87\x1e\xca\xfdi\xdd\xb5\x19\
'\xd6\xf6\xfa\xc1\x9a\xaa\xbd\x9c\xb7;cMv'!\
\xbf6 \x02A\xbaZ\xaf%\xd3\x94\x86\x9d(\x0e4\
\xc9\xec!\xfd\xf4Wly/e9\x80~\xf9%\x81\
\xf1b\x80\xae\x8f3q\xb91F\xb2\x807\x10\xbb\xd2\
\xe9&\x03\xc7\xa9\x80\x88Hy\xc5\x81\xd5\xca\xf7\xee]\
4\xfc\xf0\x81\x86+\xaf\x19\xc9/\xa9\xf8.\xfd\xf0\xb6\
%\xa9\xf3\x8d\x19\xce\xee\x95\xb5\xa1\x1bLF\xf2\xb1r\
\xdf\xc9\x8a\xa0\x18\x08\xca\x82+\xb5\xab\xa6\xe7\xb6%\xa9\
\xeb\xac\xa9\xda\xd1\x00\xe2x\x06\x06\xf95\x00\x11\x08\xd2\
\xf7\xf4Zr\x97r\xbe`\xb9\xab\xe4\x92\xc9\xc5\xdb\xdf\
\xf8\xc8\xbd_17\xc7\x5cj\x1cY\xf8U\xaf\x0d}\
z\xea6\x1b\xf5d\x82\xba\xf5e\xd5!\xff\xa7\xdf7\
\xd6\xdc\xf4\x97\xf2\x03^\x81\x96\x01\xf0\xa9\xf5\x03U\xfd\
\x1b1\xb5\xf8\xfd/\xb64\xfe\xf3P\x9e\xbfR]\x87\
\xf8X\xae\xc7\xe8K\x8cO\x9e\xfc\xba\xd7\xce\xae\x09\x9a\
u\x8a\xa8\xdayXh\xe8\x7f\xdb\xc9]\xb7=Y\xf1\
\x83R\x97n\x89\x9a.\x9b\xfe\x9e\xb2z\x90U?F\
\x01\x03\xed\x0c\x06\x91\xb2l\x14\x00\xb8\xd1\xf9\xe7\xf5\x9e\
3y\xd6\x81 ]\xa5\xd7\x92\xbb\xd5 \xbc\xb8\xbcn\
7\xe4d\xb6\xbc\xcf_\xe9>s\x82\xdd\xf4\xbb\xf0\xe7\
\x82!J7\xef\x16\xea\x97}\xd9P\xfaMf\xe3\x89\
\x90\x84\x93\x00\x0a\x00d\x03\xd8':l\xd5\x0a\x08j\
2f8u\x903SF\x8e\x19l\x1c;ql\xcc\
\x88;\xae\x89\x19\x90\xdaU\xcb\xab\xef\xa3\xa08\x92\xef\
\xf7^\xfe\x87\x92\xdd\x00v\x00\xd89\xfbn\xcb\xe8\x85\
\x8f&*).\xa8v\x85\xea.\xfbC\xc9\x1d\x95\xb5\
\xa1]\xbeLk=NW\xf2m\xe2Y+\xfd\xdf\xae\
@\xf8\x03t\x85AG\xa6)\xe7o~\xec.{\xf2\
\x9d\xda]\x006\x02\xd8\xc4\xec\xfb\x9ek\x17%\xbf\xfe\
\xfb\x0c\xd3\xef\x01@\xf0S\xbar}C\xf5\xdb\x9f\xb9\
\xf3\xf3N\x06N\x008\x06 \x07r\xbeh\x15\x80:\
\x00\x1e\xd1a\x0b\xd1\x16<\x02c\x86S\x0f\xc0\x029\
\x85\xb4\x07\x80>\xf3\x1fJ\x9ct\xc75\xb1#\xd2S\
\xb4q\x00\xb0\xfb\xa8\xe8\xbdvf\xe9>\x9fH\xb7\x03\
X\x0f9\xdb1\xee\xf9?&>\xfa\xe4\xd4\xf8\xb9\x0a\
X%\x95\xc1\xaa\x11\xd3J&\xd7\xba\xa5]\xbeL\xab\
'\x1c\x8cN\x0f\x84\x18\xa0s\x0c:\xb2H)t\xfe\
\x07u%/\xadp\xed\x01\xf0=\xe4\x0c\xb7|\xd1a\
\xf3\x1b2\xf2\x0d\x00l\xffsO\xfc\xc3\xbc\x81\x8cX\
\xf5\xad\xc7\x93_\x128\x09\xe00;\x0a\x01T\x00h\
\x10\x1d\xb6\x90zD7yr\x91X\x9d\x00\xc6\x0c'\
\x07\xc0\x00 \x01@O\x00\x17/|4\xf1n\x8e\x90\
\x94\xbf\xbeSs\x1c\xc0\x016(\x0e\x8a\x0e\x9b\xc7\x90\
\x91\xaf\x01\x90<\xe7\x0f\xf1\x0f\xbc\xf8P\xe2s\xca{\
r\x0b\x03EC\xee.\xbe\x0b\xc0\x01_\xa6\xb5Q\x0d\
F\xa7\x06\xc2\xed\x91\xe2-\xb1\x5c\x1d\x91E\x8c\xb4p\
\xa5\xab\xf4\xa5\x15\xae\xdd\x8c\x0b6\x03p\x8a\x0e[\x93\
\xb2f`\xf4\x00\xd0\x1f@\x1c\x80J&\x86*\x01\x08\
\xa2\xc3&5\x03\xa0\x15\x10\xd4`\x84\x89\xac\x04\x00\xbd\
\x00\xf4a\x22?\x07@\x9e\xe8\xb05\xaa\xea\xa2\x01\x90\
\xfc\xcc}\x09\x0f=|\x9byv\x92E\x13CA1\
\xeb\xf5\x9a\x95K\xbe\xa8_\x04\xe0\x98\x8f\xf9\x19m\x09\
D\xbb(k\xd1O\x13\xc8\xa9\xa8)}i\x85\xeb'\
\x00\xdb\x18\x10\xf9j\x10\x00\x80\x9d\x17\x02\xc8\x04\xf0\x1d\
\x80\x9d\x00\x8aD\x87\xcd{\xbe \x00\xa7\x1c8\x00\x10\
\x1c\xd6\x80\xe0\xb0V\xaa\xb8`#\x80\x1c5\x08\xac.\
!\x00\xe5/.\xaf\xfbGU]([q\x0e\xd3S\
\xb4\xc3\x00\xf4\x05`R\x99\xca\x9d\xdb\xb3N\xbf\xa9\xe8\
d\xdd\xe6\xf4r\xa3\x9e$\x9bM\x9cf\xfd\xdf\x92\xfb\
\xdf\xf8x\xf9{\x00*D\x87-bF!\x93\xf9\x0d\
\xe1\x0a5r\x0f\x9f}\xbc\x88\xd2\xd39CpX\x03\
L\xcf4{\x07a]+:l\xa1F\x81N\x891\
\x92\x0c\xe5\xb7\xf5;\xbc\x0d\x00\xcc\x00tj/\xbd\xb3\
\x9b\xaf\xd2\x17[\x1a\x9fP\x86\xcd\xb5\xa3\xf8\xb4\xecU\
=_\x06\xd0\xd7\x90\x91\xcf7\xefW\xdar\xa7\xb7\x0c\
\x82\xa6\xae^2\x7f\xf0U\x83N1/[\xe5\x0cz\
6E\xcb\xff\xc4\x80\xb4 \xc6H^Q\xae/Y[\
_\xf9\xe3AA1\x16\xda%f\xd5.@\xf82\xad\
\xd2\xfd\xf3\xab\xbeY\xbf\xc3\xbbT\xb960]\x7f\xd1\
O\x9f\xa5\xad\x010\xd8\x90\x91o:\xe3\xa8\x0f#\x8f\
O\xeaZ\xef\x91\xeeu7Jo\xfbD\xba'\x18\xa2\
\xe5\x96X\xae\xe2\xde\xdf\xc7\x96\x95\x7f\xdb{oQy\
p\xe9\xc1\xe3\xfeG\x17,w\xa5\xf3v\xa7>\x1c\x1c\
\xaa\x06\x84\xb6\x1a\x82\x99\xaf\xd7\x91\xb9J\xbd\xbe\xdc\xd6\
X\xfb\xe7\xd7\xaa\xf7AN\x18>\x0e@\xb8`\xfc\x08\
\x02\x80\xb7;5\x00\xd2\xfe\xf1T\xd2\xbc[\xc6\xc5L\
\x8e\x8f\xd5\x18\x00`c\x96\xf7\xbf7\xfe\xa5|&\x80\
\xa3\x82\xc3*D\x92\xe7\xa7\x95/\xd0\xe1\x1a\x0d\x9e\xd0\
k\xc9DB\xe4\x84\xe9\xd6(\x18\xa2\xe2\xc9\x8a\xd0&\
\xc7\x01\xe1\xbd\x07\x16T\xed\x00\xd0\xe8;\xcb \x9eW\
\xa0\xc3cx\xb2\x9b\x95#\xad\xda\xd0X\xf3\xe0\xc2\xaa\
\xbd\xcc\xe7\xd9\x00\xe0XS\x9d\x19g\xf2m\xa4\xac\xdb\
-\xfa\xea\xcb\xb4\x86x\xbb\xb3\xf4\xa1\x85\xd5\xf3G]\
b\x1c\x1c\x1f\xab\xb9\x8c\x99\xb5=\x01\x0cc>Dy\
k \xf8\x03\xf4e\x93\x91\xfcU9\xafuK\x8d\xfb\
\x8f\x89\xb5\xfbsEw\x95K\xf2\xfb\x04\x89\xf2F\x8e\
KN\xd4\x18\x86\xf4\xd3[\x86\xf53tI0sF\
k\xaa\xf6\x06kj\xec\x0d\xd6T\xed\x87\xd7<Z\xf6\
,ow\x96\xf92\xadg\x14)\x82H\xd3LF\x02\
B\x00W\x83\x14zpa\xd5!\x15\x08\xc7E\x87M\
\xa0\xed4\x9b\xd1\xaeap_\xa6\xd5\x9fW\x1c\xd0\xd9\
z\xe8\x06)\xd7f/\xae)b\xb6}\x8bb\xb1\xd6\
-\xf50\xc7\x92\x0dz\x1d\x19\x0c\x00\x07\x8e\xf9\xcb\x96\
\xac\xad/]\xb1\xbe\xa1\x88\x99\xb4\xa5\x00\xaa\x014\xb2\
\xc8\xaa\x06@\x8c^G\xba=2\xc9\x9c1\xe5\xfa\xd8\
!\x97\xf4\xd1'e\x0c1\xde\x93\xbf\xae\x97}\xce[\
5\x0f\xf0v\xe7N\x00\x1e_\x0b\xe1v\x00\x18\xffp\
\xe9\xa6\x1f\x97\xf7(\x8f\xe5Ir\x17\x8bF\xf7\xfc\x83\
\x09\x89\xcf-\xa9\xfb\x09@\x81\xe8\xb0\xf9.\xb8X\x93\
\xba\xa5\xbd\x93\xb5\xafk89\x22\xfa\xc5\x96\xc6\xda\x93\
\x15\xc1B\x00'\x00\xb8#=[W/\xa5%\x98\xb9\
\x03Z\x8d\x0c\xc2\x0b\xcb\xea\x0e\x8d\xbe\xafd\xe7\x8a\xf5\
\x0d?\x00\xf8\x1c\xc0J\x00\xab\x01\xac\x03\xf0\x1fv|\
\x03`\x9d?@?|\xe3c\xf7\xff\x8e\x98Z\xf2\xf8\
{k\xea7\x11\x02\xa4&i\xd2\xff\xfeD\xd2\x9aK\
/\xd2_\x05\xc0\x12Qw\xb0\xef\xc7\x8a\x02\xbe\xcd\xbb\
}\x8b\xc0,\xad\xc7\xee\xb2\x5c\xaa\xd3\x92\x14\x001\xad\
\xb5\xb1\xd3sD]\xbd\xd43\xd1\xc2\xfd^9\x9f\xfb\
n\xed\x09\x00\x87\x98\xd2\xf3Fx\xc4`\x89\xe5v\x12\
\x82.n\x8f\xd48qN\xc5\xc1\xacCB\x1e\x00\x07\
\x80]\x00\x8a\x00\xb8\x05\x875\xd8\xd2;\x8d\x19\xce\x02\
\x00\xc7\x1e_\x5cs\xf4\xa8\xd3\x7f\xe7\xab\x7f\xee\xf2X\
|\x1cg^\xffz\xf2\xbf\x87O-\x99\x5cU\x17\xca\
\x02P\xdf\x02\x07\x07y\xbb\xf3\xc3\xf2o{\xcf\x89\x8f\
\xe3R\x0c:\xc2\xcd\x9al\xb9\xf5\xb5\x0f]\xd9\x86\x8c\
\xfcj\xd1a\x0b\x5cP\x1c\xa1\x0c9\xbd\x9e\xdc\xa3\x5c\
\xdb\xb4\xcbW\xef,\x0d\x9c`\x0eU\x85\xe8\xb0\xd1\x08\
\x8a\xf6c\x8eC\x0a\x00\x5c\xf9@\xe9\xfe\xacC\xc2A\
\xd5\xc8?,8\xac5\xad\x81\xa0r\xdc\xaa\x01\x1cZ\
\xb6\xae\xe1\xef3^\xac\x9a\xc3B\xe2\x09_,\xea\xfe\
\x16\x80\x8b\xd5\xf3\x1e\x11,\x94\xba=G\xc5\xb7\x94\x93\
\xebF\xf1\x83\x99#g\x8e\xd4\xc6N\x09\x84\xdb#\xa5\
\x97\xd7\x84\x06\xe4\x14\x04\xfa\x1e:\xe1\xb7j\x08&)\
\xbf\xbd\xb6\xcau\x12\xf2<s>\x0bc\x9f>\x1aE\
z\xbbVC&\x02\xc0\x94g+\xf7\x1c?\x198\xce\
\x00\xd8\x01\xa0\x949bgM\x82\xc3\xea\x07P\xbcf\
s\xe3\xc7\xef\xad\xa9\x7f\x19\x00F\x0c2\xf4\x9f:!\
\xee^\x00\xbd\x98U\xd7\xacS}\x99\xd6\xe0\x8a\xf5\x0d\
\xab)\x95g\xf5.\x1fh\xe8z\xe3\x951W\xcd\x7f\
(qLN\x81\x7f\xe8\xfe\x5c\x7f_c\x86Sg\xb4\
;\xdb\xb4\xef\xda\xc4|\xf5\x89t\xb2V\x83guZ\
2\x90\xb0vQ\x0a\x89\xe3d\xa0\xfd\x01*Y\xc6\x17\
\xfc\x87R\xfc\x0b\xc0F\xd1as\xab\xad\x0fJ\x01I\
B)\xc7!\xe5\xebL\xaf\xf3\xf6'+\xf6\xb0\x88\xe8\
\xf7\x00*\x05\x87U:W\xefZ\x99@`\x81\xbf\xe4\
\x9c\xcf\xd26XS\xb5\x97:K\x83u\x03o?\xf9\
 \x80M\xbeLk]\xa4gy\xbbS_\xf2\x9f^\
\xff\xedb\xd1\x5cF\x9a\x8f}\xda(H\xe5\xe55\xc1\
\xef\x06\xddQ\xfc\x0c\x80\x9a\x9f\xe3[\xb4Y\xacI\x0c\
\xd0ky\x03\xf9H\xa7%\x83\x88jp) \x00\xc0\
\xba\xad^\x17\xa5(g2\xde\xd3l\xf4\xfa\xe9xE\
$=\xf2Ju>\xe4\xc4\x80]\x00\xaa\x22\x81@\xcf\
&\xce\xc4\xeec\xcfW.\xfa\x97k\x16\x00XS\xb5\
\x09\xf7\x5c\x1f{3\x8045W\x84O\xa3\x14W\x86\
\xbej\x09c\x93\x91\xa4\xd8z\xe8\xa6}\xffN\xcar\
\x16@4v\x06\xd1\xf4\xa42\x02k\xdc\xa1@^q\
@,(\x0b\x8aE\xe5A\x7fQyP\xdc\xe0\xf0\xb9\
\xfe\xf4Z\xf5^\x16\xd2.W\x87\xb2U\x1d;\x03\x00\
\x1c\x07\x84\xd2\xaa\xbaP9\x03\xe2\xa4\xe0\x08s\xc4\xe8\
\xb9\xc7x\x18\x18\xc1\x15\xeb\x1b\xf6\x14W\x06w\x02\xc0\
\xa4\xabc\xae`r?\xb6\x05\xa5M\xff\xfav\xed\xb2\
\xaa\xbaP\xc1\xc9\xca\x80'\xb70 \xe4\x14\xf8}\xb9\
\x85\x01\xa1\xb82\xe8\xa7\x92<\xde\xae\x1cf\xbc\x0e\xc0\
X\x00I\x9d\xc1j\xea\xa1\xb0\xc1o\xffT\x9e{$\
\xdf\x9f\xcbl\xfd\x10\x03\xda\xcf&u\x1c\xec\xfaia\
\x8d\xf2\xea\x90\xa9[\xa2\xe6V\x00\xf8r\xbb\xb7\x92\xdd\
[\xd8L\x8f\xb4\xc2\x05\xf4\x0cJ\x94\x81\xe7-\xab\x0e\
\xad\xed\xd9M;\xea\xf2\x01\x86\xee\x00.b\x80G4\
\xa3\xb7\xee\xf5U\xa5M(\xba\x05\xc0\xd5\x90g\xfc\x14\
K\x97;\xbe\xa6\xd7\xbd\xbd\x92\xb5\xf1B@\x92\x00\x0c\
\x06\xf0#\x80\xe2_\x16\x08*\xefb\x13\x92@\x8b+\
\x83\xc5\x00\xbe\x85<\x9d\xa9DY%f.V\x03h\
\xe6\x99\xc6\xc6p\x17\x11\x22\xb3\xf6\x8f\x07\x04\x17S\xe6\
\xb5\x82\xe3t\xc7\x8b\x9e\xa5\x1d\xdf\x12(\xbeL\xab\xf4\
\x8d\xc3\x9b\x09\x00\xdd\x125\xa6\x94$M\xdf\xb2\xeaP\
<ow\x92HN\x9e/\xd3\xea\xe7\xed\xce<\x06T\
\x9c\xaahb\xe2\xc9\x0d\x00\xe2\x83\xb2\xfdf\x02\xce\x1c\
z\xe9\x08\x8e\xe0\x00 \x14\xa2\x883q>\xb7G:\
\x0e [t\xd8\x82-E8\xd5#\xd5\xe3\x95Rc\
\x8c\x1a4x%q\xefOb5\x80\xb2p=\x12.\
\x8e\xce:\x04\x1e\x06\xc6[\x1f\xbb\x0f\x5c\x7f\x85I\xd4\
p0\x8c\x18d\xe8\xf5\xd5v\xaf\x85\xf5A\xa0\x05\x11\
\xe5!D\xae\x8bZi\xfbD\x1a\x00\x00B\x08e\x03\
\x8dv\x06\x1dA\xd8\xff\x94\xca\x95j\xb1b\xa7Mo\
\xb2\xaf\xc1 M\x04\x80\xb2\xea\x90\x97\x8d\xbe\xda\xd3B\
\xcd\xe7\x09B\xa4\xfb\xb7\xef\x17|\x81\x00u\x03@\xa2\
Y\x13\xc7|\x03=9S\x08\xbd\xf5(q\x9b8\xd9\
m\x01\x84b\xd5\x10\x0d\xd7\x04\x0ci\x09\x84p\x8b'\
$\xc9\xa7:9\xf5\xcb\x0b@P[Jm\x19J\xf0\
eZC\x1c\xc7\xf6\xa8\x92\x0b\xe6\xcfF*\xa8\xc1h\
\xaf\xa0\xdf\xcf\x06\x82RH\x04\x80\x86\x03tZ\xa2i\
\x0d\x84Hmh\x14h\x1d\x00\xa4v\xd5\xc4\xf2\x06\xa2\
mm\xac\x9do\x17(\xcfU\xd6\x86b\xb4\x1a\x92\x00\
\x0a\x14\x95\x07\x85\xa6AD\xce\xaa\x9d\x11\xc5kg\xf2\
\xac\x83 \x80\x86#\xc4'R)\x9c#N\xd3\x09\x11\
\xe3Q\xa1R\x000\xe8\x88v\xece|\x1a\x80Xc\
F\x8b\xf6\xfd\xcf\x22\xdeH.%\x04\xda\x90\x04\xba\xeb\
\x88\xe0b\x1cx\xce\x9b\xc1H\xb4y\x16zg\x00B\
++. \xceD\xce\xd9zX\xb8\xd2\x95'\xf8i\
5\x00\x8c\x1elH\x03\xd0\x85\x89\x8c6\x1fw\x92\x04\
;\x00\x14\x96\x07\xeb\xbd\x02m\x00\xe0j\x0d\x88\x96\xde\
\xcf\x11\xb9\xdf\xb4\x1a\xb4Y6\xe6\xcf\x06\x22$\xd1&\
\x0bg\xe3\xdb\xa9\xbf)\xfe\xba\xf7\x8a\xda\x1f\xac\x07\xbd\
\x02=\xea\x13i\x8eO\xa49\x1f}\xe7\x99h\xccp\
\xc6G\xf2d7\xed\xf2\x09E\xe5\xc1\xf5\x00p\xf3\xd8\
\x98\xde\x90\xf3\x8f\xe2\xda\x85#\x0cd\x0a\x00d\xee\xf7\
U\xb3\xd0D}3\xa7\xf1\xf4\xa8\xc1\xac@\x90\x1e\x10\
\x03\xf4\x84O\xa4\xc7\x1a\x05z\xc4'\xd2\x9f\x0c:\xd2\
\x97q\xf1\x19sq;\x0c\x88=G\xc5\xb7\x95\xef\xc9\
]4\xa6\xae\x09\x9a\xf4\x18#\x19`2\x92\x81\xbc\x81\
\x0c\xe0\x0dd\xc0\xc5}\xf4\x0b \xcf\xca\xc5FR\xa0\
\xbb\x8f\x8a\xff\x06\x80\x81\xe9\xba\xf8\xabG\xf0#\x00t\
5f85m\x19\xe1\xf4\x89t\x8c^G\x86\x00\xc0\
\xfb\xeb\x1aN2\xa7\xd1\xd5b\x0cM\xa0\x13\x0d:\xf2\
\x86NK.5\xe8\x88\x8d7\x90\x8bb\x8cd\x10o\
 \xfd9N\x96\x02\xab\xbe\xf5\xd40\xc73\xf8\x8b\x03\
q\xfd\xac\xf2\xb5k67\xbeWQ\x13j\x88\xa4\xc4\
\x08\x08\x06Yu\x03MFbo)\x140\xe3\xc5\xaa\
\xdd\xb5n)\x17\x00^\x99\x998\xa1)\xfc\xd0\x86H\
\xe8u\xe4\xdf\x00\x90\x99-\x94\xec\xc9\x11K \xcf\x89\
\xb4\x08\x04!\x98\xd6\xd2\xeb\x1b\x05*}\xf2\xbd\xa7\xf6\
\xbe\xf9\x95\xbb \xa7j\xd6t\x06\x87\xce=\xe5\xd9\xca\
W\x01d\x8e\x1el\xbc\x86J\xb4;\xa5\xb2\xa7\xf9\xf6\
\x9c\xa4\xcb\x86\xf63t\xd1i8r\xd7oc\xaf\xfa\
\xe0\xcb\x86\xcd\xbc\xddY\xe8\xcbl6\xa7\xe0\xfbd\x93\
\xe7\xc9Gn3\xaf\x1d\xdcW\xdfu\xc9SI\x8f>\
\xb8\xb0\xdai\xccp\x1e\xf1eZ\xfdj\x87\xe5|\xf4\
\x86\xe8\xa7/\x18\xf5\xa4\x0f\x00\xcc|\xb5\xfa8\x80\x5c\
\x00yMa\x94\x08\x85\x1atd\xbc\xf2\xfd\xba\x99e\
\xc7\xdd\x1e\xa9\xd2\xa0'^\x008Y\x11\xf4\x96\xd7\x84\
\xaa\x00\x1c\x84\x9c8W\xf9\x8b\x03\xc1f\xb5\x8a\x01l\
\xca:$\x1cf\xcaV\x0f\x80d\x1f\xf3\xdf:\xb4\x9f\
\xe1\x01\x00\x986\xc1<\xf4\x83/\x1b\xd2\x01\xe4\x10\xa0\
\x96\x86\x89'\xde\xee\xdc2\xb8\x8f~\xf5\x95\xc3\x8cw\
O\x9d\x10wuqU\xe8\xc1\xf9\xcb\xea\x16\xf1vg\
Q\x04\xe0\xceE$\xdde2\x90g\x01\xe0\x9d\xcf\xea\
ss\x0b\x03E\x00\xf6\x00(S\xf4\x03m\xfe\xcc\x1d\
\xbc\x81\x98\x01`\xd7\x11\xb1qG\xb6\x90\xc3B\xf2'\
p\xcaim\x80\x9c\xfcP\x816H\xb1i\x93\xc9\x0d\
_\xa65 dZ+Y\x84\xd5\x01`;\x80m\x87\
N\xf8\xdfQ\xee\x199\xc8\x90\xd4+Y;\x14@7\
\xa3\xddI\x22,\xc5\xf1\x5c;\xb3\xec\xe9\x13\xc5\x81\x1c\
\x00xzz\xfc\x83K\x9eJ\x9a\xcb\xc2\xd5\xba\xd6\x82\
z\xad\x80\xf0'\x93\x81\xacfA\xbc\xa29o\xd6\x1c\
\x85\x9c\xcey\x04r\xe2AKb\xec%\xe5\xfb\x87\x1b\
\x1a* \xe7\xc8n\x87\x9c\xd1\xb1\x1d\xf2d\xd5\x9e\x88\
\xc1\xc9_\x12\x08eT\x09\x0e\xab$8\xac~\xc1a\
\xf5\x89\x0e\x9b\xef\x9dO\xdd\xb9\x95\xb5\xa1=\xca=\x7f\
{\xac\xcbD\xc8I\xc0\xbcb\xf2\xaa\xb9\x02@\xd9\xc5\
w\x16O\xce)\x08\x1c\x03\x80\xa9\x13\xe2\xee\xdf\xfd\xcf\
\x1e\x1f_3\x92\xbf\x8c\xb7;Mg\xbb`\xa4\xae^\
\xea\x19\x08\xd0u&\x03y\x0b\x00\xb2\x0e\x09\xc5\xd7\xcf\
*?\x08y\x8ec\x07\x80\x8a&\xef=\x8c\x1d\x04?\
\xbdZ\xc3\xa1\x0f \xafb]\xba\xae\xe1\x18\x80\xa3\x00\
JE\x87\xcd\xc7\x0eAt\xd8\x82\x91\xa6{\x7f9\xcf\
\xbau\xef\xd3\xff\xe5\xf6\xc6\x17\x82!\x1a\x04\x80\x1b\xaf\
\x8c\xe9\xfb\xdb\xd1\xa6\xeb\x00\xa4(N[X\x84T\x04\
\x907lJ\xf1=\x99\xd9\xc2^\x00\x18\xdcW?\xf2\
\xf3W\xbao\xc9Z\xd1\xe3\x83\x8f^\xec6\x81\xb7;\
\xe3x\xbblQ\x85\x1f\x82H\xc7x\x05\xfafB\x1c\
w\x5c\xaf#7\x03\xc0\x9a\xcd\x8d'\xc6?\x5c\xb6\x0f\
@\x16\x13/y\x82\xe3T\x8eSxOj84\xa5\
Z\xbe\xf3\xb9\xbb\x92\x8d\xfac\x91\xc2\xe5m\xe9a\xb7\
Y\xa6\x1f9\xdd\xe2h\x22c\x86\xd3\x92\xfby\xaf\x0d\
\xe9)\xda1\x00\xf0\xc5\x96\xc6\xdc\xbb\x9e\xa9\x98\x0d`\
\x87\xe0\x90\x17~\x84GW\xd9\xe4\xfe\xc0\xa7\xa7\xc7\xcf\
\x9cvc\xdc\xa4\xb4\xee\xda\xa6\x89\xfb\x06\xafT\xe1\xf7\
#\xdf+J\xb9\x04p\xebu\xc4\xc4\x1b\xc9 \xbd\x96\
\xa4\xebu\xa4iabQy\xb0n\xde\xd2\xba\x13\x1f\
}\xe7\xc9c\x9c\xb0\x05@\xae\xe0\xb0\xfa\xd4\xa3\x88\x9e\
n\xb2\xdeh2\x92\xaf\x00\xc0\xe5\x91\x82)\xbf+\xdc\
\x06y3\xf5u\xa2\xc3V\x1a\x09\x04cF'\xcb\xf4\
S\x87\x9c\xd5\x19\xd8U\xdf\xf7\x9e\xc4\xeb\xb9\xfe\xca}\
G\x9d~\x00H\x83\x9c+\xe4iA\xe7\xf8x\xbb3\
g\xc1\x0a\xd7+\x0bV\xb8\xbe_\xf4\xe7\xc4\xfb\xae\x1d\
e\x1a60]\xd7%\xce\xc4u\x07\x8f\xee\x89\xe0\xc6\
Dz\xf6H\xbe\xbfz\xf5w\x9e\xd2\xbf\xadr\xe7A\
\x9ed\xda\x8dS3~BK \x00\x80\xc7+\x99L\
F\xd9\xe74\x19\x89\xe6\xdd\xbf&\xa5>\xf2JuI\
\xb3\xb0|;\xc4\x9a\xda<\xf7\x95\x9c\xee\x99\xdeo\xd4\
\x93e\x8a?\xb1\xf3\x88\xe8\x19\xfb`\xc9fJ\xf1\x09\
\x80\x8d,\xed\xa5\xc5\xe9O\xde\xee\xd4B\xde9 \x1d\
\xc0%#\x06\x19F_q\xa9\xf1\xe2\x9e\xdd\xb4\x09\xdd\
\xbbh\x0c\xf1\xb1\x9c\xce\xd5 \xf9\xcb\xaa\x83BQE\
P\xd8\xbc\xdbW\x9bS\x10\xa8\x86<[v\x94)\xe5\
\x02\x84\xe7B\xb50\xdb\xc7\xdb\x9dqY\xcb{,\x1f\
\xd2O\x7f\x9b2\x90\xf6\xe6\xf8\xf7e\xcc(\x99\x06y\
A\x8b/<\x88i\xec\xcc+\x86\xd8\xe6%#b\x8c\
d\x97\x82L\xd6!\xb1~\xdcC\xa5{\x99\x88\xf8\x12\
\xc0O,\xe5\xa5\xd5yh\x02\xc0h?mM\x5c2\
\x80n\xec<\x06\xa7&v\xbc\xccA\xabdfe%\
\x00W\xb34\x9cV\xa6\x5c\x19\xf0\xd6\xef\xdeJy\x7f\
\xec\xe5\xc6q\xca\x00\xda\xf0\xa3w\xeb\xc49\xe5\xb3\x98\
h\x13\xd5:\x91\xef\xec@\x84$\xe4i8\xf4!\x04\
\xf8a\xb7\xcfu\xc3c\xe5\xfb\x98\xc5\xf2\x1f\x00\x87E\
\x87\xcd\xab\x9e\xa3h\x95m\xd9\x7f\xaa5qFv\xe8\
 \xe7\xbd\x86\x18\x18\x023'\xfdg\x9b\x82C\xc38\
\x99\xb7;\x8d\x00\xfa\xaex\xae\xeb\x8bw]\x17{\xb3\
237\xe5\xd9\x8a\x85\x9fon\x5c\x0a\xa0HpX\
C\x17D6xm\xbd\x94\x96h\xe6\xfa\xb0p@\xe8\
\x86\xc7\xca\x0fC^\x96\xf55\x80\xa3\xa2\xc3\xe6=g\
\xcb\xecTj\x8c\xef|l\xf7\xb3\xcd\xfe\xf0eZ\x05\
\xde\xee\xcc\x9b\xfe|\xd5S\xfdz\xe9\x92\x87\x0f0\x8e\
\x02\x80Q\x97\x18\xaf\xfd|s\xe3V\xc6i\x8dm\xad\
%\xda%\xe5\xb2\xb2.\xd4\xd4\xd1:\x0d\xb8\xa7\xa7\xc7\
\xc7BN\xb5<~\xae \x84w\xe6\xd9\xae\xfei\xe2\
\x80VRpZ*F\xc8\xb4\x0a9\x9f\xa5\xc5\x0cL\
\xd77Ya\xbb\x8e\x88\x14\xf2\x1f;1\xb4G\x9f\xb5\
\x0b\x10\xc3\xa6\x14\xbb\x0e\xe6\xf9\xff\xc1\xbcT\xf2\xec\x8c\
\x84\xa1K\x9e\xeaz;\x80\xae\x86\x8c|]\x0b^\xf0\
\x1d5\xee\xd0\x9c\x97\xff\xe9\xb2\xf2v\xa7\xb1\xb5\xe5X\
T\x05J\xabG\x0b\xef\xa9\xac\x0d\xcd\xe0\xedN\x8b\xc9\
\xee\xd4E\x9aPh\xf0I\xfd\xd2S\xb4\xdbLF\xd2\
\x93Yb\xde\xcf~\xf0(\xc9q\xc1s\xf5\xf0\x7f1\
 \x00H\xa3\xa6\x95,8\x98\xe7\xdf\xa5\x5c\x986!\
n\xf2g\x0b\xbb\xbf\x02\xc0j\xc8\xc8\xd7\x87y\xb3\xf3\
y\x03\xf9\xa4\x8bE\xb3\xe8\xf1\xbb-\x87\xb6-I]\
<|\x90!\x9d\xb7;\xdbl\xf4\x09~\xfa\x07\x7f\x80\
\xee\xe5\x0d\xe4\x93n\x89\x9a\xa5\xf9\xebzm\x07\xd0\x9f\
\xb7;Ma\xe1\xef\xe1\xb1<\x97M\x88\xbcz\xb4\xbc\
&\xe4\xbf\xe6\xd1\xd2\x03\xcc\x0a;\xd1Zh\xa4\xd3\x01\
\xc1\xf2\x84\xaaFM+\x99q0\xcf\x7fX\xb9~\xd3\
U1\xb7~\xf8B\xb7\x85j0\xfc\x01\xba\x807\x90\
gTq\x9e\x98\x91\x17\x1b\x1e\xda\xf0f\xf2\xbe\xac\xe5\
=\xdeY\xf9u\xc3U\xbc\xdd\x19\xc3\x9fG\xd2\xaf\xdb\
#\xa57\x0a\xf4\xf1@\x90:\x8dz\xf2/\xbd\x8e\x5c\
\xa6\xfc\x96\x92\xa4\xb9t\xff\x87=\xd7@\x95\x1d\xde(\
\xd0\xa11<\xc9\x22D\x0e\xc14\xfahh\xcc\xfd%\
Gj\xeb\xa5]\x90\xd7\x87\x17\xb46\x91\xd4\x199\xa2\
)\x5c1rj\xc9\xd4\x1f\x0f\x0aM\x7f\xad\xe5\xf6\xdf\
\xc4\xde\xbaz~\xf7\x85\x00\xac\xf5\x1e:W\xaf#s\
\x15o\xbc\xa0,(*\x1b\x93\xc4\x99\xb8\xf8\xa1\xfd\xf5\
3\xa6\xdf\x18\xb7\xad\xe4\x9b^\xbb\x8f|\xdc\xf3\x1f\xe3\
\x1f.\xeb\xcd\xac\x9a\x96\x0d\x05\xb7\xd4\xc3+\xd0\xa7}\
\x22\xddj\x89\xe5\xf2c\x8c\xe4u\x9d\x96\xa4+\xbf\x17\
\x94\x05}\x8a8\x1a\x98\xae\xeb\x97\xb94\xf5\x03\x00\x83\
~*\x0c\x8c\x8c\xe5\xc9.f\x85\xa1\xb4*\xe4\x1f5\
\xbd\xe4PiU\xf0\xbf\xcc\xd2\xcbVsC[+\xeb\
v\xdb\x02\x82\x9c\x1e\xae\x18\x90\xb9\xb4\xc7\x07#\x06\x19\
\x86)\xbf\x97U\x87\x0aS\x924\xbd\x15\x07\xe9\xa3\xef\
<\xd5\xd3_\xa8:\xf4\xf0$\xb3\xfe\x91\xdb\xcd\x97\x5c\
\x94\xa6\xb3\x84\x97YX\x16\xcc\xe9\x7f\xdb\xc9{\x00\xe4\
\xaa\xb7bPS0D7k5\xa7\xe6\x12T\xcf\x0a\
\xab\xbe\xf3\xd4\xcc_Vw\xf8\xb1\xbb,\xe6\x97g&\
\x8eQ\xd5\xa5\xbck\x02g\xd1j\x08\x0f\x00\x95\xb5\xa1\
\xc0\xe8\xfbJ\x0f\x95V\x05\x7f\x84\xbc\x1ai7\x80Z\
\xd1a\xa3\xe1&7\xdf\xd9\xf7\xe2 \xa7;d<\x80\
\xfe?\xbc\x9b\xba\xc4>\xc482\xfc\xdeO\xbe\xf7\xd4\
\xdc;\xafr7\x9bd9\x0c a\xda\x84\xb8\x1b~\
w\x05?\xf2\xf2\x01\x86\xe4\xb4\xee\xf2\xce2\x92\x04\xda\
\xfd\xb7\x85s\x1b\xbc\xd2\xa7\xbeLk~\xc4\xfa\x08t\
\xb7\xc9H\x86\x03@\xb5+\x14\xd8\xb1_h\xf8\xda\xe1\
\xad\x5c\xfd\xad\xe7\x18\xf3\xb2\x0f\x01(^\xf6L\xd7\xa9\
\xf7\x5c\x1f;9\xfc\xf9\x82\xd2\xa0p\xe5\x03\xa5\x87\xaa\
\x5c\xa1\xff\xaa@p\x8b\x0e\x9b\x14\x9e\xa5\xd8\x96@\xb4\
\xfb\x9e~,<\xee3f8s\x7f\xf3H\xe9\x1f\xd7\
\xbd\x9a\xbc\xf8\xfa+LM#\xf6\xf5U\xae\x8a\xb9\xef\
\xd6\xeea\xb1\xfe\x8d,>dX\xf9u\xc3\xc1\x95_\
7\xf4\xe9b\xd1\x0ct~\xd9k\x9e^\x07\xad\xcb#\
I!\x89^\x04 \x91\xb7;\x9d\x91rV\x83!*\
*\xc3\xe0\xde\xe7\xaa\xf2\xb7\xec\xf5e\xb3P\xc71\xa6\
l\x8b\x014\xccx\xb1\xeaXqE\xb0\xea\x8f\xb7\x98\
gt\xb1hx\x00\xd8\xbe\xdf\xd7p\xd3_\xca\xb3}\
\x22\xdd\x09y%\xe9>\x06\x02=\x1f\x9f\xe4\x5cH\xdb\
\x9e\x00\xa8\x83\x80\x0c\x8cc\x13\xe7\x94\xcf\xba\xfe\x0a\xd3\
m}\xd3tW\xed:,`\xe7\x11\xb1\x90EG\xb7\
\x038\xc1\xe29\x0d\x86\x8c\xfc:\x00\x05\xbd\x93\xb5G\
\xb5\x1a\xf2\xbf\x04@ \x00I\xf0\x9f\xb1\x17\x9a8;\
\x10\xa2u\xaa\x09\x9d2\xc8;\xdc\x04\x01\xc0\x90\x91_\
<oi\xdd\xe2\xbf\xadv\xef\xbc\xf3\xda\xd8I\xce\xd2\
\x80e\xd3._\x05\xe3\xc8\xad\xec\xb3A-\x8e\xdaE\
9\xb47\x10\x91\x9c1\x05\x8c\x0d?zW\xb0\xc6&\
\xb0\xf8P>\x802\xf5f)l\x1d\x85\xbb\xb82\x18\
\xc3\x11\xb9\x9e\xa1\x10\xa5\x92\x14\xb6Y\x22m6'\x22\
*\xbf%\x9a\xb9 \xe3\x80\xc2\x08\x9b\x9f\xf8\x0d\x19\xf9\
'\xeb\x1b\xa5\x8dK\xd7\xd5\xff\xc4bX\x01\xc8\x8bi\
\x8a\x14\xc7\xb3\xb5\x8dX\xe8\x85\x02Dx66\x03C\
4f8\x8b \xcf\xf5\xeaX\xe3\xfd\x91\x16\xb0\x00@\
~I\xa0>%I+j\x08xK\x1c\xa7M\xeb\xae\
\xe5OV\x04\xc9\xb3\xf7'(\xc9\xcf\xa7\xbdC\xa3A\
\xac\x129\xd5pMyG\x11\xadC\xc6\x1dU\x8c\xfb\
rX\x95\x9b\xea\xd2Q t\x98\x8e\x88\x00F\xb3\x98\
QK1\xfekg\x96\xf9\xaa\xbfO/\x8c3q\x03\
by\x8e\xdb\xffa\xcf;\x09\xc1\xf5:-\x09\x89\x81\
fK(H,\xcfuS.\xe4\x16\x06\x94\x05\xf1\xb4\
y\xbdN]b!\xf2`\x8buig\x10:L4\
E\x02\xe3\x1cv+\x94\xf6\xe7\x8a\xef^5\x8c\x7f\x0b\
\x00\xe2L\x9c\x1eM\xf9Q\xa4E\x00\xd7n\xf1\xd6\x1d\
u\xfa\xcb /\x92\x09\x9c\x09\xf0\xb3\x0d\x16\xb6\xd7v\
\xd6\x1d\xa7#\xc2\xc18\x8bV\x11\x02\x08\x0e+5f\
8?Z\xfat\xd7\x8b\xae\x1a\xc6\xdf\xa3\xd3\xc0\xc4&\
\x00#\xee \x17\x08\x81n\xdc\xe9u\xfd\xe9\xd5\xea=\
\x00\xf63\x99\x1f\x88\x04\xc29\xaf\xc7k\xc7\xfe\xf9\xd9\
~D\x07\x91\x16\xf2\xf4\xea(\xc8k\xd6\xe2\xcf\xe4\xd8\
3s5\x0brF\x9f\xaf\xb36\xac\xc3\xfc\x886\x22\
\xc5\xfa\xf1\xb0Qn8\x83`\x0b@\xce\xba\xf8Yk\
\xa0;z\xa4](\x14\x80\xbc\x83X\x15~\x85\x14\xfd\
\x1bCQ \xa2\x14\x05\x22\x0aD\x94\xa2@D\x81\x88\
R\x14\x88(\x10Q\x8a\x02q\x01\x03\x11\x04\x00)\xcb\
\xa6\x8fvG\xc7\x92\x94eS6y\x0cp\x90W\xc4\
\x00\xc0e\xd1\xae\xe9p\x1a\xc1>\xf39\xc8)\xf2\x00\
0_\xca\xb2i\xa2}\xd3a\xdc\xa0\x03\xb0\x80\x9d\xae\
!R\x96-\x19\xf2z\xe1\xae\x90\xd7.\xcc\x05\xb0\x8f\
\x1b\x9d\xef\x8fvW\xbb\x00\xa0\x07p9\x80\x85\x90\xf7\
\x03,\x030\x98\xb0\x1f\x87C\xce\xe1\xe9\x16\xed\xaa\x0e\
\xa52\x007q\xa3\xf3\xf7\x10\x15RI\x00\x9e\x00p\
\x0b\xe4\xcd\x04u\xd1~j\x17\x0a@Nt[\x03\xe0\
unt~u\xb4K\xa2\x14\xa5(E)JQ\x8a\
R\x94\xa2\x14\xa5(E)JQ\x8aR\x94\xa2\x14\xa5\
(\xb5N\xf5nwz\xbd\xdb\xbd\xa2\xde\xed\xae\xabw\
\xbb)\xfb\x5c[\xefv\xc7\xb7\xf3{\xe3\xd9{\xa6]\
\xa8}\xa7mK\x10 \xa7\xcc\x17\x00\x98\xcd>\xd3\x01\
\x8c5[,\xae\xf3(\xeb9\x00\xdb\xcc\x16\xcb\xca\xb0\
\xdf\x16\x03\x80\xd9b\x99\xad\xba\x9c\x0e`\x22\xfb\xbe\xf2\
\xff;7,f\x5c\x90\xde\x06e\x8dce=\x17\xe1\
7Z\xefvo\x89p}h{s\xde\x05\xc1\x11\x00\
\x86\xb2\x91Zp\x96\x9d=\x11\xc0\x10\x00\x07\xcc\x16\xcb\
:u\x87*e\x01H\xafw\xbb\xc7A^\x02\xecb\
#\x1f\x00\xe2\xd9u\x98-\x96\xad\x0c\x00\xe5p\xa9\xca\
\x81\xd9b\xc9f\xdfo\x86\xbcxe]\xa4:\xb22\
&B\x9e\x14;`\xb6X\xd6\xa9\xcb\x08\xe3\xd6\x89\x90\
\xb7\xb2\xdbf\xb6X\xb6\xb6E\xe7\x916\xe4\x88\xe7\x00\
\xcc\x030\xdbl\xb1\xbc\xd1\xca}C\x01\xace\x9d\x96\
\xcd:\xbd\x00\xc0x\xb3\xc5\xe2b\xa3}\x5c\xd8c[\
\xd91/\xbc<\xb3\xc5B\x18([\x00\xcc3[,\
\xcf\xb3\xf7(\x5cS\xc0:.\x9b\x95\xeb\x020=\x02\
\xf8[X\x9d\xb62\xc0\x0bT\xef\x18\xaf\x1a<+X\
\x19\x05\xac\xbc\xf1m\x01F[&\x98\xbd\xc9\x1a\xbb\x98\
)\xceq-\xdc\xb7\x965\xc4\xca\x1a8\x9e5|\xb1\
\xaa\xd1\xca\x16\x11\xf3\xcc\x16\x0b1[,\xe3\xcd\x16\xcb\
\xf3f\x8bE\x198[\xd9\xf53\x0d$\xa5\x0e\xca\xbb\
\x94\x8dC\x16\x87q\xc2\x96\xb0:\x0dSu\xb4\x9a\x16\
\x03p\x99-\x16\xe5\xbe\x84\xb6\xe2\x886\x03\x82)\xe4\
\xf1LYN\x04\xb0\xa5\xde\xed\xde\xa2\xb07k\xf44\
\xd6\xe9\xb3\x15\x05\xce\xd8~%\x80\xf6\xb2x\x9eW\xbd\
\xab\x80\xbd+]U\xafi\x8c\x13f+\x22\x8b\xdd\xff\
|\x84\xb2\x9aD\x9f\xea>t* \x94\x8a\x99-\x96\
\xe9l\xe4\xcdc#j\x8bJ\x81\x8fU>\xeb\xdd\xee\
\xe7\x94C\xd1\x09\xadp\xd1\xcf\xa9S\xb8>p\xa9:\
\xb5\xa9NjQ\xd5\x8a\xae[\x09`(\x1b`mZ\
\xd7v\xc9}5[,\x05LV\xcff\x0d\x9e\xa52\
3\x15\x91\xa1>\x14=\xe0B\xc7S\xfc9\xb4k6\
\x80\xe9\xac\x1d\x0a\xc7\xb7\x89\xa5\xd6\xae\xabJ\xcd\x16\xcb\
\x1b\xcc\xee\x1f\xaaR\x9cM\xca\xaf\x93P\x81\xa2+\xce\
F\xd40\xbff\xa5\xca8\x99\xd5\x82\x18\xfb\xe59\x22\
\xcc\xd4\x83\xca\x02\xd9\xa6\xd2\x15\x9d\x85\xb6\xb1\xcfYa\
u\x9fv\x06@\x9e\x0f3\x08:\x07\x10L\xdeOS\
XUe\xa6*\x16\x952\x9a\x14\xcbjZ\x983\xa6\
nPv+\x8d\xccfr:\xbe\x8d\xb8v\xa5b\x1a\
\xb36\x8ccu{\xae\x856\xa6\x87\x01\xf5eg\xd3\
\x11\xe9\xcc\xc6\xae\xabw\xbb)\x0bw\xc43;;[\
u\xdfx\xd6\x99+\x98\x97\xac\xdc;6\xcc\x1aY\x09\
`\x5c\x04O\xfaMV\xae\xf2\x9e\xb6\xa0[\x00\xbc\x01\
\xe01f\xca\xde\xcc\xae\x85s\xf7c\x00\x9c\xec\xbd+\
X\x1d\xdb$\xa4B\xdaA\x1c)\xa3\xb8\xa05/\x9b\
\x8dh\xc5s\xdd\xda\x8ahK\x07\x90\xad\x96\xdf\xaag\
\x0b\xce\xd6\x93?\x9f@\x22\x80:\x00o\xa8\xe3Z\x8c\
\xd3\xe3\xc3\xeb\x14\xa5\xf6\xd3o\x8f1n\x9c\xd8\x11\xef\
#\xd1.\x07\xea\xddn%l\xa1\xc8\xfb\x9b\x99\x18\xda\
\xdaQ\x16^t\x0d\x9dL\x07\x98\xa8\xdb\xc2\x8eq,\
\xbc\xd2af\xf6\xff\x0d\x00\xcc\xc64{\xfaIkA\
\x00\x00\x00\x00IEND\xaeB`\x82\
\x00\x00\x10\xf3\
\x89\
PNG\x0d\x0a\x1a\x0a\x00\x00\x00\x0dIHDR\x00\
\x00\x00<\x00\x00\x00\x1f\x08\x06\x00\x00\x00\xbb\xc4\xae\xea\
\x00\x00\x00\x04gAMA\x00\x00\xb1\x8e|\xfbQ\x93\
\x00\x00\x00 cHRM\x00\x00\x87\x0f\x00\x00\x8c\x0f\
\x00\x00\xfdR\x00\x00\x81@\x00\x00}y\x00\x00\xe9\x8b\
\x00\x00<\xe5\x00\x00\x19\xccs<\x85w\x00\x00\x0a9\
iCCPPhotoshop IC\
C profile\x00\x00H\xc7\x9d\x96w\
TT\xd7\x16\x87\xcf\xbdwz\xa1\xcd0\x02R\x86\xde\
\xbb\xc0\x00\xd2{\x93^Ea\x98\x19`(\x03\x0e3\
4\xb1!\xa2\x02\x11ED\x9a\x22HP\xc4\x80\xd1P\
$VD\xb1\x10\x14T\xb0\x07$\x08(1\x18ET\
,oF\xd6\x8b\xae\xac\xbc\xf7\xf2\xf2\xfb\xe3\xaco\xed\
\xb3\xf7\xb9\xfb\xec\xbd\xcfZ\x17\x00\x92\xa7/\x97\x97\x06\
K\x01\x90\xca\x13\xf0\x83<\x9c\xe9\x11\x91Qt\xec\x00\
\x80\x01\x1e`\x80)\x00LVF\xba_\xb0{\x08\x10\
\xc9\xcb\xcd\x85\x9e!r\x02_\x04\x01\xf0zX\xbc\x02\
p\xd3\xd03\x80N\x07\xff\x9f\xa4Y\xe9|\x81\xe8\x98\
\x00\x11\x9b\xb39\x19,\x11\x17\x888%K\x90.\xb6\
\xcf\x8a\x98\x1a\x97,f\x18%f\xbe(A\x11\xcb\x89\
9a\x91\x0d>\xfb,\xb2\xa3\x98\xd9\xa9<\xb6\x88\xc5\
9\xa7\xb3S\xd9b\xee\x15\xf1\xb6L!G\xc4\x88\xaf\
\x88\x0b3\xb9\x9c,\x11\xdf\x12\xb1F\x8a0\x95+\xe2\
7\xe2\xd8T\x0e3\x03\x00\x14Il\x17pX\x89\x22\
6\x111\x89\x1f\x12\xe4\x22\xe2\xe5\x00\xe0H\x09_q\
\xdcW,\xe0d\x0b\xc4\x97rIK\xcf\xe1s\x13\x12\
\x05t\x1d\x96.\xdd\xd4\xda\x9aA\xf7\xe4d\xa5p\x04\
\x02\xc3\x00&+\x99\xc9g\xd3]\xd2R\xd3\x99\xbc\x1c\
\x00\x16\xef\xfcY2\xe2\xda\xd2EE\xb64\xb5\xb6\xb4\
4432\xfd\xaaP\xffu\xf3oJ\xdc\xdbEz\
\x19\xf8\xb9g\x10\xad\xff\x8b\xed\xaf\xfc\xd2\x1a\x00`\xcc\
\x89j\xb3\xf3\x8b-\xae\x0a\x80\xce-\x00\xc8\xdd\xfbb\
\xd38\x00\x80\xa4\xa8o\x1d\xd7\xbf\xba\x0fM</\x89\
\x02A\xba\x8d\xb1qVV\x96\x11\x97\xc32\x12\x17\xf4\
\x0f\xfdO\x87\xbf\xa1\xaf\xbeg$>\xee\x8f\xf2\xd0]\
9\xf1La\x8a\x80.\xae\x1b+-%M\xc8\xa7g\
\xa43Y\x1c\xba\xe1\x9f\x87\xf8\x1f\x07\xfeu\x1e\x06A\
\x9cx\x0e\x9f\xc3\x13E\x84\x89\xa6\x8c\xcbK\x10\xb5\x9b\
\xc7\xe6\x0a\xb8i<:\x97\xf7\x9f\x9a\xf8\x0f\xc3\xfe\xa4\
\xc5\xb9\x16\x89\xd2\xf8\x11Pc\x8c\x80\xd4u*@~\
\xed\x07(\x0a\x11 \xd1\xfb\xc5]\xff\xa3o\xbe\xf80\
 ~y\xe1*\x93\x8bs\xff\xef7\xfdg\xc1\xa5\xe2\
%\x83\x9b\xf09\xce%(\x84\xce\x12\xf23\x17\xf7\xc4\
\xcf\x12\xa0\x01\x01H\x02*\x90\x07\xca@\x1d\xe8\x00C\
`\x06\xac\x80-p\x04n\xc0\x1b\xf8\x83\x10\x10\x09V\
\x03\x16H\x04\xa9\x80\x0f\xb2@\x1e\xd8\x04\x0aA1\xd8\
\x09\xf6\x80jP\x07\x1aA3h\x05\xc7A'8\x05\
\xce\x83K\xe0\x1a\xb8\x01n\x83\xfb`\x14L\x80g`\
\x16\xbc\x06\x0b\x10\x04a!2D\x81\xe4!\x15H\x13\
\xd2\x87\xcc \x06d\x0f\xb9A\xbeP\x10\x14\x09\xc5B\
\x09\x10\x0f\x12By\xd0f\xa8\x18*\x83\xaa\xa1z\xa8\
\x19\xfa\x1e:\x09\x9d\x87\xae@\x83\xd0]h\x0c\x9a\x86\
~\x87\xde\xc1\x08L\x82\xa9\xb0\x12\xac\x05\x1b\xc3\x0c\xd8\
\x09\xf6\x81C\xe0Up\x02\xbc\x06\xce\x85\x0b\xe0\x1dp\
%\xdc\x00\x1f\x85;\xe0\xf3\xf05\xf86<\x0a?\x83\
\xe7\x10\x80\x10\x11\x1a\xa2\x8a\x18\x22\x0c\xc4\x05\xf1G\xa2\
\x90x\x84\x8f\xacG\x8a\x90\x0a\xa4\x01iE\xba\x91>\
\xe4&2\x8a\xcc oQ\x18\x14\x05EG\x19\xa2l\
Q\x9e\xa8P\x14\x0b\xb5\x06\xb5\x1eU\x82\xaaF\x1dF\
u\xa0zQ7Qc\xa8Y\xd4G4\x19\xad\x88\xd6\
G\xdb\xa0\xbd\xd0\x11\xe8\x04t\x16\xba\x10]\x81nB\
\xb7\xa3/\xa2o\xa3'\xd0\xaf1\x18\x0c\x0d\xa3\x8d\xb1\
\xc2xb\x221I\x98\xb5\x98\x12\xcc>L\x1b\xe6\x1c\
f\x103\x8e\x99\xc3b\xb1\xf2X}\xac\x1d\xd6\x1f\xcb\
\xc4\x0a\xb0\x85\xd8*\xecQ\xecY\xec\x10v\x02\xfb\x06\
G\xc4\xa9\xe0\xccp\xee\xb8(\x1c\x0f\x97\x8f\xab\xc0\x1d\
\xc1\x9d\xc1\x0d\xe1&q\x0bx)\xbc&\xde\x06\xef\x8f\
g\xe3s\xf0\xa5\xf8F|7\xfe:~\x02\xbf@\x90\
&h\x13\xec\x08!\x84$\xc2&B%\xa1\x95p\x91\
\xf0\x80\xf0\x92H$\xaa\x11\xad\x89\x81D.q#\xb1\
\x92x\x8cx\x998F|K\x92!\xe9\x91\x5cH\xd1\
$!i\x07\xe9\x10\xe9\x1c\xe9.\xe9%\x99L\xd6\x22\
;\x92\xa3\xc8\x02\xf2\x0er3\xf9\x02\xf9\x11\xf9\x8d\x04\
E\xc2H\xc2K\x82-\xb1A\xa2F\xa2CbH\xe2\
\xb9$^RS\xd2Ir\xb5d\xaed\x85\xe4\x09\xc9\
\xeb\x923Rx)-)\x17)\xa6\xd4z\xa9\x1a\xa9\
\x93R#Rs\xd2\x14iSi\x7f\xe9T\xe9\x12\xe9\
#\xd2W\xa4\xa7d\xb02Z2n2l\x99\x02\x99\
\x832\x17d\xc6)\x08E\x9d\xe2BaQ6S\x1a\
)\x17)\x13T\x0cU\x9b\xeaEM\xa2\x16S\xbf\xa3\
\x0ePgeed\x97\xc9\x86\xc9f\xcb\xd6\xc8\x9e\x96\
\x1d\xa5!4-\x9a\x17-\x85VJ;N\x1b\xa6\xbd\
[\xa2\xb4\xc4i\x09g\xc9\xf6%\xadK\x86\x96\xcc\xcb\
-\x95s\x94\xe3\xc8\x15\xc9\xb5\xc9\xdd\x96{'O\x97\
w\x93O\x96\xdf%\xdf)\xffP\x01\xa5\xa0\xa7\x10\xa8\
\x90\xa5\xb0_\xe1\xa2\xc2\xccR\xeaR\xdb\xa5\xac\xa5E\
K\x8f/\xbd\xa7\x08+\xea)\x06)\xaeU<\xa8\xd8\
\xaf8\xa7\xa4\xac\xe4\xa1\x94\xaeT\xa5tAiF\x99\
\xa6\xec\xa8\x9c\xa4\x5c\xae|FyZ\x85\xa2b\xaf\xc2\
U)W9\xab\xf2\x94.Kw\xa2\xa7\xd0+\xe9\xbd\
\xf4YUEUOU\xa1j\xbd\xea\x80\xea\x82\x9a\xb6\
Z\xa8Z\xbeZ\x9b\xdaCu\x82:C=^\xbd\x5c\
\xbdG}VCE\xc3O#O\xa3E\xe3\x9e&^\
\x93\xa1\x99\xa8\xb9W\xb3Os^K[+\x5ck\xab\
V\xa7\xd6\x94\xb6\x9c\xb6\x97v\xaev\x8b\xf6\x03\x1d\xb2\
\x8e\x83\xce\x1a\x9d\x06\x9d[\xba\x18]\x86n\xb2\xee>\
\xdd\x1bz\xb0\x9e\x85^\xa2^\x8d\xdeu}X\xdfR\
\x9f\xab\xbfO\x7f\xd0\x00m`m\xc03h0\x181\
$\x19:\x19f\x1a\xb6\x18\x8e\x19\xd1\x8c|\x8d\xf2\x8d\
:\x8d\x9e\x1bk\x18G\x19\xef2\xee3\xfehba\
\x92b\xd2hr\xdfT\xc6\xd4\xdb4\xdf\xb4\xdb\xf4w\
3=3\x96Y\x8d\xd9-s\xb2\xb9\xbb\xf9\x06\xf3.\
\xf3\x17\xcb\xf4\x97q\x96\xed_v\xc7\x82b\xe1g\xb1\
\xd5\xa2\xc7\xe2\x83\xa5\x95%\xdf\xb2\xd5r\xdaJ\xc3*\
\xd6\xaa\xd6j\x84Ae\x040J\x18\x97\xad\xd1\xd6\xce\
\xd6\x1b\xacOY\xbf\xb5\xb1\xb4\x11\xd8\x1c\xb7\xf9\xcd\xd6\
\xd06\xd9\xf6\x88\xed\xd4r\xed\xe5\x9c\xe5\x8d\xcb\xc7\xed\
\xd4\xec\x98v\xf5v\xa3\xf6t\xfbX\xfb\x03\xf6\xa3\x0e\
\xaa\x0eL\x87\x06\x87\xc7\x8e\xea\x8el\xc7&\xc7I'\
]\xa7$\xa7\xa3N\xcf\x9dM\x9c\xf9\xce\xed\xce\xf3.\
6.\xeb\x5c\xce\xb9\x22\xae\x1e\xaeE\xae\x03n2n\
\xa1n\xd5n\x8f\xdc\xd5\xdc\x13\xdc[\xdcg=,<\
\xd6z\x9c\xf3D{\xfax\xee\xf2\x1c\xf1R\xf2by\
5{\xcdz[y\xaf\xf3\xee\xf5!\xf9\x04\xfbT\xfb\
<\xf6\xd5\xf3\xe5\xfbv\xfb\xc1~\xde~\xbb\xfd\x1e\xac\
\xd0\x5c\xc1[\xd1\xe9\x0f\xfc\xbd\xfcw\xfb?\x0c\xd0\x0e\
X\x13\xf0c &0 \xb0&\xf0I\x90iP^\
P_0%8&\xf8H\xf0\xeb\x10\xe7\x90\xd2\x90\xfb\
\xa1:\xa1\xc2\xd0\x9e0\xc9\xb0\xe8\xb0\xe6\xb0\xf9p\xd7\
\xf0\xb2\xf0\xd1\x08\xe3\x88u\x11\xd7\x22\x15\x22\xb9\x91]\
Q\xd8\xa8\xb0\xa8\xa6\xa8\xb9\x95n+\xf7\xac\x9c\x88\xb6\
\x88.\x8c\x1e^\xa5\xbd*{\xd5\x95\xd5\x0a\xabSV\
\x9f\x8e\x91\x8ca\xc6\x9c\x88E\xc7\x86\xc7\x1e\x89}\xcf\
\xf4g60\xe7\xe2\xbc\xe2j\xe3fY.\xac\xbd\xac\
glGv9{\x9ac\xc7)\xe3L\xc6\xdb\xc5\x97\
\xc5O%\xd8%\xecN\x98NtH\xacH\x9c\xe1\xba\
p\xab\xb9/\x92<\x93\xea\x92\xe6\x93\xfd\x93\x0f%\x7f\
J\x09OiK\xc5\xa5\xc6\xa6\x9e\xe4\xc9\xf0\x92y\xbd\
i\xcai\xd9i\x83\xe9\xfa\xe9\x85\xe9\xa3kl\xd6\xec\
Y3\xcb\xf7\xe17e@\x19\xab2\xba\x04T\xd1\xcf\
T\xbfPG\xb8E8\x96i\x9fY\x93\xf9&+,\
\xebD\xb6t6/\xbb?G/g{\xced\xae{\
\xee\xb7kQkYk{\xf2T\xf36\xe5\x8d\xads\
ZW\xbf\x1eZ\x1f\xb7\xbeg\x83\xfa\x86\x82\x0d\x13\x1b\
=6\x1e\xdeD\xd8\x94\xbc\xe9\xa7|\x93\xfc\xb2\xfcW\
\x9b\xc37w\x17(\x15l,\x18\xdf\xe2\xb1\xa5\xa5P\
\xa2\x90_8\xb2\xd5vk\xdd6\xd46\xee\xb6\x81\xed\
\xe6\xdb\xab\xb6\x7f,b\x17]-6)\xae(~_\
\xc2*\xb9\xfa\x8d\xe97\x95\xdf|\xda\x11\xbfc\xa0\xd4\
\xb2t\xffN\xccN\xde\xce\xe1]\x0e\xbb\x0e\x97I\x97\
\xe5\x96\x8d\xef\xf6\xdb\xddQN//*\x7f\xb5'f\
\xcf\x95\x8ae\x15u{\x09{\x85{G+}+\xbb\
\xaa4\xaavV\xbd\xafN\xac\xbe]\xe3\x5c\xd3V\xab\
X\xbb\xbdv~\x1f{\xdf\xd0~\xc7\xfd\xaduJu\
\xc5u\xef\x0ep\x0f\xdc\xa9\xf7\xa8\xefh\xd0j\xa88\
\x889\x98y\xf0IcXc\xdf\xb7\x8co\x9b\x9b\x14\
\x9a\x8a\x9b>\x1c\xe2\x1d\x1a=\x1ct\xb8\xb7\xd9\xaa\xb9\
\xf9\x88\xe2\x91\xd2\x16\xb8E\xd82}4\xfa\xe8\x8d\xef\
\x5c\xbf\xebj5l\xado\xa3\xb5\x15\x1f\x03\xc7\x84\xc7\
\x9e~\x1f\xfb\xfd\xf0q\x9f\xe3='\x18'Z\x7f\xd0\
\xfc\xa1\xb6\x9d\xd2^\xd4\x01u\xe4t\xccv&v\x8e\
vEv\x0d\x9e\xf4>\xd9\xd3m\xdb\xdd\xfe\xa3\xd1\x8f\
\x87N\xa9\x9e\xaa9-{\xba\xf4\x0c\xe1L\xc1\x99O\
gs\xcf\xce\x9dK?7s>\xe1\xfcxOL\xcf\
\xfd\x0b\x11\x17n\xf5\x06\xf6\x0e\x5c\xf4\xb9x\xf9\x92\xfb\
\xa5\x0b}N}g/\xdb]>u\xc5\xe6\xca\xc9\xab\
\x8c\xab\x9d\xd7,\xafu\xf4[\xf4\xb7\xffd\xf1S\xfb\
\x80\xe5@\xc7u\xab\xeb]7\xacot\x0f.\x1f<\
3\xe40t\xfe\xa6\xeb\xcdK\xb7\xbcn]\xbb\xbd\xe2\
\xf6\xe0p\xe8\xf0\x9d\x91\xe8\x91\xd1;\xec;SwS\
\xee\xbe\xb8\x97yo\xe1\xfe\xc6\x07\xe8\x07E\x0f\xa5\x1e\
V<R|\xd4\xf0\xb3\xee\xcfm\xa3\x96\xa3\xa7\xc7\x5c\
\xc7\xfa\x1f\x07?\xbe?\xce\x1a\x7f\xf6K\xc6/\xef'\
\x0a\x9e\x90\x9fTL\xaaL6O\x99M\x9d\x9av\x9f\
\xbe\xf1t\xe5\xd3\x89g\xe9\xcf\x16f\x0a\x7f\x95\xfe\xb5\
\xf6\xb9\xce\xf3\x1f~s\xfc\xad\x7f6bv\xe2\x05\xff\
\xc5\xa7\xdfK^\xca\xbf<\xf4j\xd9\xab\x9e\xb9\x80\xb9\
G\xafS_/\xcc\x17\xbd\x91\x7fs\xf8-\xe3m\xdf\
\xbb\xf0w\x93\x0bY\xef\xb1\xef+?\xe8~\xe8\xfe\xe8\
\xf3\xf1\xc1\xa7\xd4O\x9f\xfe\x05\x03\x98\xf3\xfc\xba\xc4\xe8\
\xd3\x00\x00\x00\x09pHYs\x00\x00\x0f^\x00\x00\x0f\
^\x01\x05\xcd8-\x00\x00\x01\x87iTXtXM\
L:com.adobe.xmp\x00\
\x00\x00\x00\x00<?xpacket be\
gin='\xef\xbb\xbf' id='W5\
M0MpCehiHzreSzNT\
czkc9d'?>\x0d\x0a<x:xm\
pmeta xmlns:x=\x22a\
dobe:ns:meta/\x22><\
rdf:RDF xmlns:rd\
f=\x22http://www.w3\
.org/1999/02/22-\
rdf-syntax-ns#\x22>\
<rdf:Description\
 rdf:about=\x22uuid\
:faf5bdd5-ba3d-1\
1da-ad31-d33d751\
82f1b\x22 xmlns:tif\
f=\x22http://ns.ado\
be.com/tiff/1.0/\
\x22><tiff:Orientat\
ion>1</tiff:Orie\
ntation></rdf:De\
scription></rdf:\
RDF></x:xmpmeta>\
\x0d\x0a<?xpacket end=\
'w'?>,\x94\x98\x0b\x00\x00\x04\x91IDA\
TXG\xd5\x99\xdf\x8bTe\x18\xc7\xbf\xcfs\xe6\xec\
\xac\xab\xd1O,\xc1\xd4$\xcd\xda\xb0\x04\xddM\xa9@\
,\xf3/\x08\x82\xee\x22\xba\x0a\x224\x90\x84\xdd\xa5\x8b\
.\x22\x08\x22\xb1\xbc5o\xf4\xa2.\x02)\xbd\xc9\x0c\
\x22c\x93ZY\xd6,,\xc2Z\xc4\x22\xdd\x9d3\xef\
9\xcf\xf3\xedbfs\xe6\xddY\x5c'=\xba\x1f\x18\
\x06\xde\xef\xf3\x1e\xe6\x99\xf3\x1c\x9e\xf3~\x1f\xc1<q\
\xf7\xe5u\x91\x07\xc5\xb8\x01\xe4ZU\xdcKb1$\
\x8e\xbc\xe1P\x80iw\xfc\x09\x91\x09&2J\xf2l\
\x9f\xeaoq`'\xae\xfas\xa7\xdc\x07S\xc76\x08\
\xfb\x01\x00\x22\xa7\x15\xf8\x85\xc0\x05\x16\xc8\x0a\x80\xf1\x9e\
\x1bI\xa5\x02\x11\xa0W\x80{\x1cx\x00\xe4#\x00\x00\
\xca\x18\x14\xc7zT\xbf\x89\xf7\xb42g\xc2\xd3\xe4\x8a\
\x8a\xf1E\x88<.\xf03\x109\x96\x00'E\xe4\xb2\
\x88x\x1c\x7f3 \xa9$\x97\x18\xb0\x11\xe46B\xd7\
@8Z\x88|\xdc'\xf2k\x1c?'\xc1}c\xcd\
\xec@f\xb6o:\xf8\x16\x92s\xfe1\xb7\x0a$%\
\xb8o\xce\xcc\xf6\x05\xb3\x03\xc1}S\x1c\xd3\x91<\xf7\
\xad\xc1\xecpV\xf8\x1b$o\x8f\xf5[\x9d\xbf\xc8;\
\x82\xfb\xae`v8w\xdf\x1a\xebmw.\xb8o$\
\xb9\xdb)G{\x8f\xcb~\xd9*E\xab\x0e\x00\x13\x13\
^]\xb5\x0a\x83\xae\x18\x10\xe1r6\x9e\xa7KB\xf9\
\x89\x8a\x13U\xd5\x1f\xe3=eC2\xc9\x8d/C\xf8\
,D\xde\xeeQ=\x19\xc7\xa0F\xae\x0ef\x07C\xe1\
;c\x0d\x00~'\xfb\xea\xee/\xe5\x85}[\x98]\
f\x84\x93\xcc\xcd.\x9a\xd9\xa7\xb5\x9c\xcf\xc4\xfbo\x06\
\xa1\xf0\x9d\xc1\xec\xe0\xdf\xe4\xeaXC(|Of\xb6\
\x97\xe4\x92X\xcb\xdc\xd7\xd6\xcd>kM\xb0 \x99\x93\
\x0c\xde\xf8\xb6\x16-7\xcbr\xb3w\xce\xbb/\x8e\xaf\
U&$\x97df{\x83\xfb\x9bmBp\x7f\x22\x98\
\x1d\x0a\xc1\x07\xda\x04\x00\x19\xb9\xae0\xfb\x9e\xcd\xa4\x82\
_\xfd3C0;H\xb2/\xbef\x99\x04\xf7\x81`\
v(\xb8\x0f\x02\x80\x92\xac\x00\xd8.\xc0x\x9aJ[\
\xad\xbb\xfb\xdd0\xff(Q}\xac\x00`\xf3\xec\xb89\
\x1b\xcd9U}!s\x7f+\xd6\xcb\xe4\x13\x91\xef\x04\
\x18\x07\xf0\x1c\xc9\x8a\xd6\xc8e \xfbir$\xee\xaf\
9\xe5\xd5j\xa2O\x19\x00\xce3\xd9\x19\x8af\xd2B\
\xbcV\xe3\xcd{\xa6\x9f\x171\x9a\x1c\x01\xd9_#\x97\
ijX\x07 \xa4\xa9\x9cj\x0dt\xf7\x95\xa0\xbf\x02\
\x00~\x8d\xc9\xceP\x10\xa8&\xaa\xea\xfez\xac\x95I\
3\xb7\x90\x1a\xd6)\x13lp\xea\xd8\xf00\xa6[\x83\
r`{O\xa2\xf7\xcd\xeaK]@\xe2\xc9\xba\xfb\xfa\
x\xbd,\x86\x871\xed\xd41&\xd8\xa0 \xd7\x08x\
nd\xa4\xbd\x9c\x85|\x1a]\x94r\x8c\x03H\x13\xbd\
M\x1c[b\xad,FF\xc4\x05<\x07r\x8d\x02X\
\xaa\xc4\xc58\xc8\x88\xb5\xf1Z78\x00\x05@\xe9\xd0\
\x0bK\xa4\x99\xe3R%\xd0\x0b \xc4\x01\x09p]z\
hK\x85,j\x13\xca'\x10\xe8U\x012\x00=\xb1\
\xea\xc0T\xbc\xd6\x0dr\xe5\xe5\xb5\xd6&\x94O\x8f\x00\
\x99\x02\x98t\xc1]\xb1\xaa\x82\x89x\xad\x1b\xb4Y\xd6\
B\xf99\xd6\xca\xa4\x99\xe3\xa4B\xe4\x0c!+\x87\x86\
\xa8\xad\x01\xa4|\x89\xf6;\xd4\x15\x0a 7\xbfD\xc5\
\xd7\xb1V\x16$\x85\xc0\x0a\x88\x9cQ1\x8c\xaax\xff\
\xf00\xda^\x01S\xc5\xe7\xc1\xfc\x8fJ\xebb\x97\x88\
\xe0DU\xe4\x87x\xbd,&\x81\xc5*|T\x0c\xa3\
\x9a'\x18\x07\xd0C\xb2\xadO\xaa\xea9\x88~\x88F\
ywEE\x80\xba\xb9\xab\xea\xbb\x10\xf9\x9f\x0d\xae{\
\xee$\xd7\x03ZM\x12\x8c\xeb\x22\x91\xf3\x109m\xe4\
\x8e!\xb6\x97u*|\xbfn~<\xe9\xa2\xb4+\xd2\
8l\x8b\xe0\xbdT\xe4h\xac\x97\xc5P\xc3\x06\xda\x01\
rLD\xce\x03\x00B\xf0-\xf5\xc6\x89b\x96-\xf2\
O\xe6\x0f\x17\x85\x9dZ\xa8\xa7\xa5\xa9\xd08-M\x07\
\xbf\xf2\xe2CRB\xe1{r\xb3\x0f:\x9e\x873\x7f\
hA\x9f\x87\x0b\xdf3\xcb\x97\x9b\xaf\xe3Q\xd8\xc2s\
<j-\x8e\xc7,O\x0b\xe4nP\xbeH\x13\xd9/\
\x22\xd6\xaa\x03\xc0\x84{u\x150\x08`\x80\xe4\xfd\x04\
\xaa\x09p\x89\x94\xb3T|\xb5`<\xad\x19r\xff\xcf\
\xb5\xdc\xb5\x80]\xcb\x9ds\xb9\x96\x1d\x09\xee\x9bB\xd3\
\x97\x0e\xee\x9bg\xd5\xff-\xc8|}\xe99\x13Yh\
\x93\x07'\xb7\xc9<&\x0fs&<Cp\x1fD\xa7\
\xd9\x92\xe1\x02\x13\xd4\x8a\xeb\xe1\x10\x5c\x03\x15@D\xd0\
+I\xfbl\xc9)\xa7Uq\xb4\xeb\xd9RL\xc7\xe9\
\xe1u:B^\x13\x04D0\xd5\xed\xf4\xf0_\x8b\x92\
\xe4\x0f\xab\xe0p|\x00\x00\x00\x00IEND\xaeB\
`\x82\
"

qt_resource_name = b"\
\x00\x0a\
\x00\xccm\x07\
\x00B\
\x00u\x00z\x00z\x00e\x00r\x00.\x00p\x00n\x00g\
\x00\x0e\
\x00\xab\xf4\xc7\
\x00a\
\x00u\x00t\x00o\x00o\x00f\x00f\x00s\x00e\x00t\x00.\x00p\x00n\x00g\
\x00\x0b\
\x04\xbe\xd1'\
\x00h\
\x00e\x00l\x00p\x001\x003\x000\x00.\x00p\x00n\x00g\
\x00\x0a\
\x06\x9cO\xa7\
\x00R\
\x00e\x00p\x00o\x00r\x00t\x00.\x00p\x00n\x00g\
\x00\x09\
\x05\x9e\x83'\
\x00c\
\x00l\x00o\x00c\x00k\x00.\x00p\x00n\x00g\
\x00\x0f\
\x053\xe4\xc7\
\x00S\
\x00w\x00i\x00t\x00c\x00h\x00e\x00r\x00_\x00O\x00n\x00.\x00p\x00n\x00g\
\x00\x0d\
\x08|p'\
\x00u\
\x00s\x00e\x00r\x00m\x00a\x00n\x001\x002\x00.\x00p\x00n\x00g\
\x00\x0d\
\x0b\xf0\xa5\x87\
\x00i\
\x00n\x00d\x00i\x00c\x00a\x00t\x00o\x00r\x00.\x00p\x00n\x00g\
\x00\x0c\
\x0b\xdf!G\
\x00s\
\x00e\x00t\x00t\x00i\x00n\x00g\x00s\x00.\x00p\x00n\x00g\
\x00\x10\
\x06\x82o\xe7\
\x00S\
\x00w\x00i\x00t\x00c\x00h\x00e\x00r\x00_\x00O\x00F\x00F\x00.\x00p\x00n\x00g\
"

qt_resource_struct = b"\
\x00\x00\x00\x00\x00\x02\x00\x00\x00\x0a\x00\x00\x00\x01\
\x00\x00\x00\x00\x00\x00\x00\x00\
\x00\x00\x00\x1a\x00\x00\x00\x00\x00\x01\x00\x00,8\
\x00\x00\x01\x9b&Gm\xac\
\x00\x00\x00\x00\x00\x00\x00\x00\x00\x01\x00\x00\x00\x00\
\x00\x00\x01\x9b&Gm\xbc\
\x00\x00\x00<\x00\x00\x00\x00\x00\x01\x00\x00d\xc7\
\x00\x00\x01\x9b&Gn\x18\
\x00\x00\x00\x8a\x00\x00\x00\x00\x00\x01\x00\x00\xba\xde\
\x00\x00\x01\x9b0\x17x\xd2\
\x00\x00\x00r\x00\x00\x00\x00\x00\x01\x00\x00\x98\xa2\
\x00\x00\x01\x9b&Gm\xbc\
\x00\x00\x01\x0c\x00\x00\x00\x00\x00\x01\x00\x01b\x92\
\x00\x00\x01\x9b0\x17ZJ\
\x00\x00\x00X\x00\x00\x00\x00\x00\x01\x00\x00\x83\xf5\
\x00\x00\x01\x9b&Gn\x1c\
\x00\x00\x00\xae\x00\x00\x00\x00\x00\x01\x00\x00\xce\xcb\
\x00\x00\x01\x9b&Gn\x1c\
\x00\x00\x00\xee\x00\x00\x00\x00\x00\x01\x00\x018Q\
\x00\x00\x01\x9b&Gn\x1c\
\x00\x00\x00\xce\x00\x00\x00\x00\x00\x01\x00\x01\x0f\x0b\
\x00\x00\x01\x9b&Gn\x18\
"

def qInitResources():
    QtCore.qRegisterResourceData(0x03, qt_resource_struct, qt_resource_name, qt_resource_data)

def qCleanupResources():
    QtCore.qUnregisterResourceData(0x03, qt_resource_struct, qt_resource_name, qt_resource_data)

qInitResources()
